ISO-10303-21;
HEADER;
FILE_DESCRIPTION(('KiCad electronic assembly'),'2;1');
FILE_NAME('hub.step','2026-06-18T18:05:12',('Pcbnew'),('Kicad'),
  'Open CASCADE STEP processor 7.9','KiCad to STEP converter','Unknown'
  );
FILE_SCHEMA(('AUTOMOTIVE_DESIGN { 1 0 10303 214 1 1 1 1 }'));
ENDSEC;
DATA;
#1 = APPLICATION_PROTOCOL_DEFINITION('international standard',
  'automotive_design',2000,#2);
#2 = APPLICATION_CONTEXT(
  'core data for automotive mechanical design processes');
#3 = SHAPE_DEFINITION_REPRESENTATION(#4,#10);
#4 = PRODUCT_DEFINITION_SHAPE('','',#5);
#5 = PRODUCT_DEFINITION('design','',#6,#9);
#6 = PRODUCT_DEFINITION_FORMATION('','',#7);
#7 = PRODUCT('hub 1','hub 1','',(#8));
#8 = PRODUCT_CONTEXT('',#2,'mechanical');
#9 = PRODUCT_DEFINITION_CONTEXT('part definition',#2,'design');
#10 = SHAPE_REPRESENTATION('',(#11,#15,#19,#23,#27,#31,#35,#39,#43,#47,
    #51,#55,#59,#63),#67);
#11 = AXIS2_PLACEMENT_3D('',#12,#13,#14);
#12 = CARTESIAN_POINT('',(0.,0.,0.));
#13 = DIRECTION('',(0.,0.,1.));
#14 = DIRECTION('',(1.,0.,-0.));
#15 = AXIS2_PLACEMENT_3D('',#16,#17,#18);
#16 = CARTESIAN_POINT('',(121.,-50.42,1.595));
#17 = DIRECTION('',(-0.,0.,1.));
#18 = DIRECTION('',(1.110223024625E-16,-1.,0.));
#19 = AXIS2_PLACEMENT_3D('',#20,#21,#22);
#20 = CARTESIAN_POINT('',(139.,-53.25,1.595));
#21 = DIRECTION('',(-0.,0.,1.));
#22 = DIRECTION('',(1.110223024625E-16,-1.,0.));
#23 = AXIS2_PLACEMENT_3D('',#24,#25,#26);
#24 = CARTESIAN_POINT('',(109.83,-87.5,1.595));
#25 = DIRECTION('',(0.,0.,1.));
#26 = DIRECTION('',(-1.,1.224646799147E-16,0.));
#27 = AXIS2_PLACEMENT_3D('',#28,#29,#30);
#28 = CARTESIAN_POINT('',(93.46,-90.04,1.595));
#29 = DIRECTION('',(0.,-0.,1.));
#30 = DIRECTION('',(1.110223024625E-16,1.,0.));
#31 = AXIS2_PLACEMENT_3D('',#32,#33,#34);
#32 = CARTESIAN_POINT('',(159.75,-52.5,1.595));
#33 = DIRECTION('',(0.,0.,1.));
#34 = DIRECTION('',(-1.,1.224646799147E-16,0.));
#35 = AXIS2_PLACEMENT_3D('',#36,#37,#38);
#36 = CARTESIAN_POINT('',(128.5,-53.08,1.595));
#37 = DIRECTION('',(0.,-0.,1.));
#38 = DIRECTION('',(1.110223024625E-16,1.,0.));
#39 = AXIS2_PLACEMENT_3D('',#40,#41,#42);
#40 = CARTESIAN_POINT('',(143.,-53.25,1.595));
#41 = DIRECTION('',(-0.,0.,1.));
#42 = DIRECTION('',(1.110223024625E-16,-1.,0.));
#43 = AXIS2_PLACEMENT_3D('',#44,#45,#46);
#44 = CARTESIAN_POINT('',(137.5675,-51.25,1.595));
#45 = DIRECTION('',(0.,0.,1.));
#46 = DIRECTION('',(1.,0.,0.));
#47 = AXIS2_PLACEMENT_3D('',#48,#49,#50);
#48 = CARTESIAN_POINT('',(125.,-50.42,1.595));
#49 = DIRECTION('',(-0.,0.,1.));
#50 = DIRECTION('',(1.110223024625E-16,-1.,0.));
#51 = AXIS2_PLACEMENT_3D('',#52,#53,#54);
#52 = CARTESIAN_POINT('',(93.5,-66.65,1.595));
#53 = DIRECTION('',(-0.,0.,1.));
#54 = DIRECTION('',(1.110223024625E-16,-1.,0.));
#55 = AXIS2_PLACEMENT_3D('',#56,#57,#58);
#56 = CARTESIAN_POINT('',(114.,-60.58,1.595));
#57 = DIRECTION('',(0.,-0.,1.));
#58 = DIRECTION('',(1.110223024625E-16,1.,0.));
#59 = AXIS2_PLACEMENT_3D('',#60,#61,#62);
#60 = CARTESIAN_POINT('',(117.5,-50.42,1.595));
#61 = DIRECTION('',(-0.,0.,1.));
#62 = DIRECTION('',(1.110223024625E-16,-1.,0.));
#63 = AXIS2_PLACEMENT_3D('',#64,#65,#66);
#64 = CARTESIAN_POINT('',(0.,0.,0.));
#65 = DIRECTION('',(0.,0.,1.));
#66 = DIRECTION('',(1.,0.,-0.));
#67 = ( GEOMETRIC_REPRESENTATION_CONTEXT(3) 
GLOBAL_UNCERTAINTY_ASSIGNED_CONTEXT((#71)) GLOBAL_UNIT_ASSIGNED_CONTEXT(
(#68,#69,#70)) REPRESENTATION_CONTEXT('Context #1',
  '3D Context with UNIT and UNCERTAINTY') );
#68 = ( LENGTH_UNIT() NAMED_UNIT(*) SI_UNIT(.MILLI.,.METRE.) );
#69 = ( NAMED_UNIT(*) PLANE_ANGLE_UNIT() SI_UNIT($,.RADIAN.) );
#70 = ( NAMED_UNIT(*) SI_UNIT($,.STERADIAN.) SOLID_ANGLE_UNIT() );
#71 = UNCERTAINTY_MEASURE_WITH_UNIT(LENGTH_MEASURE(1.E-07),#68,
  'distance_accuracy_value','confusion accuracy');
#72 = PRODUCT_RELATED_PRODUCT_CATEGORY('part',$,(#7));
#73 = SHAPE_DEFINITION_REPRESENTATION(#74,#80);
#74 = PRODUCT_DEFINITION_SHAPE('','',#75);
#75 = PRODUCT_DEFINITION('design','',#76,#79);
#76 = PRODUCT_DEFINITION_FORMATION('','',#77);
#77 = PRODUCT('R_Axial_DIN0207_L6.3mm_D2.5mm_P10.16mm_Horizontal',
  'R_Axial_DIN0207_L6.3mm_D2.5mm_P10.16mm_Horizontal','',(#78));
#78 = PRODUCT_CONTEXT('',#2,'mechanical');
#79 = PRODUCT_DEFINITION_CONTEXT('part definition',#2,'design');
#80 = SHAPE_REPRESENTATION('',(#11,#81),#85);
#81 = AXIS2_PLACEMENT_3D('',#82,#83,#84);
#82 = CARTESIAN_POINT('',(0.,0.,0.));
#83 = DIRECTION('',(0.,0.,1.));
#84 = DIRECTION('',(1.,0.,-0.));
#85 = ( GEOMETRIC_REPRESENTATION_CONTEXT(3) 
GLOBAL_UNCERTAINTY_ASSIGNED_CONTEXT((#89)) GLOBAL_UNIT_ASSIGNED_CONTEXT(
(#86,#87,#88)) REPRESENTATION_CONTEXT('Context #1',
  '3D Context with UNIT and UNCERTAINTY') );
#86 = ( LENGTH_UNIT() NAMED_UNIT(*) SI_UNIT(.MILLI.,.METRE.) );
#87 = ( NAMED_UNIT(*) PLANE_ANGLE_UNIT() SI_UNIT($,.RADIAN.) );
#88 = ( NAMED_UNIT(*) SI_UNIT($,.STERADIAN.) SOLID_ANGLE_UNIT() );
#89 = UNCERTAINTY_MEASURE_WITH_UNIT(LENGTH_MEASURE(1.E-07),#86,
  'distance_accuracy_value','confusion accuracy');
#90 = CONTEXT_DEPENDENT_SHAPE_REPRESENTATION(#91,#93);
#91 = ( REPRESENTATION_RELATIONSHIP('','',#80,#10) 
REPRESENTATION_RELATIONSHIP_WITH_TRANSFORMATION(#92) 
SHAPE_REPRESENTATION_RELATIONSHIP() );
#92 = ITEM_DEFINED_TRANSFORMATION('','',#11,#15);
#93 = PRODUCT_DEFINITION_SHAPE('Placement','Placement of an item',#94);
#94 = NEXT_ASSEMBLY_USAGE_OCCURRENCE('2','R2','',#5,#75,$);
#95 = PRODUCT_RELATED_PRODUCT_CATEGORY('part',$,(#77));
#96 = SHAPE_DEFINITION_REPRESENTATION(#97,#103);
#97 = PRODUCT_DEFINITION_SHAPE('','',#98);
#98 = PRODUCT_DEFINITION('design','',#99,#102);
#99 = PRODUCT_DEFINITION_FORMATION('','',#100);
#100 = PRODUCT('R_Axial_DIN0207_L63mm_D25mm_P1016mm_Horizontal',
  'R_Axial_DIN0207_L63mm_D25mm_P1016mm_Horizontal','',(#101));
#101 = PRODUCT_CONTEXT('',#2,'mechanical');
#102 = PRODUCT_DEFINITION_CONTEXT('part definition',#2,'design');
#103 = ADVANCED_BREP_SHAPE_REPRESENTATION('',(#11,#104),#491);
#104 = MANIFOLD_SOLID_BREP('',#105);
#105 = CLOSED_SHELL('',(#106,#139,#165,#185,#205,#230,#255,#275,#301,
    #326,#351,#377,#386,#406,#431,#457,#482));
#106 = ADVANCED_FACE('',(#107),#134,.T.);
#107 = FACE_BOUND('',#108,.T.);
#108 = EDGE_LOOP('',(#109,#118,#126,#133));
#109 = ORIENTED_EDGE('',*,*,#110,.T.);
#110 = EDGE_CURVE('',#111,#111,#113,.T.);
#111 = VERTEX_POINT('',#112);
#112 = CARTESIAN_POINT('',(2.555,1.25,1.25));
#113 = CIRCLE('',#114,1.25);
#114 = AXIS2_PLACEMENT_3D('',#115,#116,#117);
#115 = CARTESIAN_POINT('',(2.555,0.,1.25));
#116 = DIRECTION('',(1.,0.,0.));
#117 = DIRECTION('',(-0.,1.,0.));
#118 = ORIENTED_EDGE('',*,*,#119,.T.);
#119 = EDGE_CURVE('',#111,#120,#122,.T.);
#120 = VERTEX_POINT('',#121);
#121 = CARTESIAN_POINT('',(3.505,1.25,1.25));
#122 = LINE('',#123,#124);
#123 = CARTESIAN_POINT('',(1.93,1.25,1.25));
#124 = VECTOR('',#125,1.);
#125 = DIRECTION('',(1.,0.,0.));
#126 = ORIENTED_EDGE('',*,*,#127,.F.);
#127 = EDGE_CURVE('',#120,#120,#128,.T.);
#128 = CIRCLE('',#129,1.25);
#129 = AXIS2_PLACEMENT_3D('',#130,#131,#132);
#130 = CARTESIAN_POINT('',(3.505,0.,1.25));
#131 = DIRECTION('',(1.,0.,0.));
#132 = DIRECTION('',(-0.,1.,0.));
#133 = ORIENTED_EDGE('',*,*,#119,.F.);
#134 = CYLINDRICAL_SURFACE('',#135,1.25);
#135 = AXIS2_PLACEMENT_3D('',#136,#137,#138);
#136 = CARTESIAN_POINT('',(1.93,0.,1.25));
#137 = DIRECTION('',(-1.,-0.,-0.));
#138 = DIRECTION('',(0.,1.,0.));
#139 = ADVANCED_FACE('',(#140),#160,.T.);
#140 = FACE_BOUND('',#141,.T.);
#141 = EDGE_LOOP('',(#142,#151,#158,#159));
#142 = ORIENTED_EDGE('',*,*,#143,.T.);
#143 = EDGE_CURVE('',#144,#144,#146,.T.);
#144 = VERTEX_POINT('',#145);
#145 = CARTESIAN_POINT('',(1.93,0.625,1.25));
#146 = CIRCLE('',#147,0.625);
#147 = AXIS2_PLACEMENT_3D('',#148,#149,#150);
#148 = CARTESIAN_POINT('',(1.93,0.,1.25));
#149 = DIRECTION('',(1.,0.,0.));
#150 = DIRECTION('',(-0.,1.,0.));
#151 = ORIENTED_EDGE('',*,*,#152,.F.);
#152 = EDGE_CURVE('',#111,#144,#153,.T.);
#153 = CIRCLE('',#154,0.625);
#154 = AXIS2_PLACEMENT_3D('',#155,#156,#157);
#155 = CARTESIAN_POINT('',(2.555,0.625,1.25));
#156 = DIRECTION('',(0.,-0.,1.));
#157 = DIRECTION('',(0.,1.,0.));
#158 = ORIENTED_EDGE('',*,*,#110,.F.);
#159 = ORIENTED_EDGE('',*,*,#152,.T.);
#160 = TOROIDAL_SURFACE('',#161,0.625,0.625);
#161 = AXIS2_PLACEMENT_3D('',#162,#163,#164);
#162 = CARTESIAN_POINT('',(2.555,0.,1.25));
#163 = DIRECTION('',(-1.,0.,0.));
#164 = DIRECTION('',(0.,1.,0.));
#165 = ADVANCED_FACE('',(#166,#169),#180,.F.);
#166 = FACE_BOUND('',#167,.F.);
#167 = EDGE_LOOP('',(#168));
#168 = ORIENTED_EDGE('',*,*,#127,.F.);
#169 = FACE_BOUND('',#170,.F.);
#170 = EDGE_LOOP('',(#171));
#171 = ORIENTED_EDGE('',*,*,#172,.F.);
#172 = EDGE_CURVE('',#173,#173,#175,.T.);
#173 = VERTEX_POINT('',#174);
#174 = CARTESIAN_POINT('',(3.505,1.125,1.25));
#175 = CIRCLE('',#176,1.125);
#176 = AXIS2_PLACEMENT_3D('',#177,#178,#179);
#177 = CARTESIAN_POINT('',(3.505,0.,1.25));
#178 = DIRECTION('',(-1.,0.,0.));
#179 = DIRECTION('',(0.,1.,0.));
#180 = PLANE('',#181);
#181 = AXIS2_PLACEMENT_3D('',#182,#183,#184);
#182 = CARTESIAN_POINT('',(3.505,1.25,1.25));
#183 = DIRECTION('',(-1.,0.,0.));
#184 = DIRECTION('',(0.,0.,-1.));
#185 = ADVANCED_FACE('',(#186,#189),#200,.T.);
#186 = FACE_BOUND('',#187,.T.);
#187 = EDGE_LOOP('',(#188));
#188 = ORIENTED_EDGE('',*,*,#143,.F.);
#189 = FACE_BOUND('',#190,.T.);
#190 = EDGE_LOOP('',(#191));
#191 = ORIENTED_EDGE('',*,*,#192,.T.);
#192 = EDGE_CURVE('',#193,#193,#195,.T.);
#193 = VERTEX_POINT('',#194);
#194 = CARTESIAN_POINT('',(1.93,0.,0.95));
#195 = CIRCLE('',#196,0.3);
#196 = AXIS2_PLACEMENT_3D('',#197,#198,#199);
#197 = CARTESIAN_POINT('',(1.93,0.,1.25));
#198 = DIRECTION('',(1.,-0.,0.));
#199 = DIRECTION('',(0.,0.,-1.));
#200 = PLANE('',#201);
#201 = AXIS2_PLACEMENT_3D('',#202,#203,#204);
#202 = CARTESIAN_POINT('',(1.93,1.25,1.25));
#203 = DIRECTION('',(-1.,0.,0.));
#204 = DIRECTION('',(0.,0.,-1.));
#205 = ADVANCED_FACE('',(#206),#225,.T.);
#206 = FACE_BOUND('',#207,.T.);
#207 = EDGE_LOOP('',(#208,#217,#223,#224));
#208 = ORIENTED_EDGE('',*,*,#209,.T.);
#209 = EDGE_CURVE('',#210,#210,#212,.T.);
#210 = VERTEX_POINT('',#211);
#211 = CARTESIAN_POINT('',(6.655,1.125,1.25));
#212 = CIRCLE('',#213,1.125);
#213 = AXIS2_PLACEMENT_3D('',#214,#215,#216);
#214 = CARTESIAN_POINT('',(6.655,0.,1.25));
#215 = DIRECTION('',(-1.,0.,0.));
#216 = DIRECTION('',(0.,1.,0.));
#217 = ORIENTED_EDGE('',*,*,#218,.F.);
#218 = EDGE_CURVE('',#173,#210,#219,.T.);
#219 = LINE('',#220,#221);
#220 = CARTESIAN_POINT('',(1.93,1.125,1.25));
#221 = VECTOR('',#222,1.);
#222 = DIRECTION('',(1.,0.,0.));
#223 = ORIENTED_EDGE('',*,*,#172,.F.);
#224 = ORIENTED_EDGE('',*,*,#218,.T.);
#225 = CYLINDRICAL_SURFACE('',#226,1.125);
#226 = AXIS2_PLACEMENT_3D('',#227,#228,#229);
#227 = CARTESIAN_POINT('',(1.93,0.,1.25));
#228 = DIRECTION('',(-1.,-0.,-0.));
#229 = DIRECTION('',(0.,1.,0.));
#230 = ADVANCED_FACE('',(#231),#250,.T.);
#231 = FACE_BOUND('',#232,.T.);
#232 = EDGE_LOOP('',(#233,#242,#248,#249));
#233 = ORIENTED_EDGE('',*,*,#234,.F.);
#234 = EDGE_CURVE('',#235,#235,#237,.T.);
#235 = VERTEX_POINT('',#236);
#236 = CARTESIAN_POINT('',(0.9,0.,0.95));
#237 = CIRCLE('',#238,0.3);
#238 = AXIS2_PLACEMENT_3D('',#239,#240,#241);
#239 = CARTESIAN_POINT('',(0.9,0.,1.25));
#240 = DIRECTION('',(-1.,0.,-1.188909441847E-17));
#241 = DIRECTION('',(-1.188909441847E-17,0.,1.));
#242 = ORIENTED_EDGE('',*,*,#243,.T.);
#243 = EDGE_CURVE('',#235,#193,#244,.T.);
#244 = LINE('',#245,#246);
#245 = CARTESIAN_POINT('',(0.9,0.,0.95));
#246 = VECTOR('',#247,1.);
#247 = DIRECTION('',(1.,0.,0.));
#248 = ORIENTED_EDGE('',*,*,#192,.F.);
#249 = ORIENTED_EDGE('',*,*,#243,.F.);
#250 = CYLINDRICAL_SURFACE('',#251,0.3);
#251 = AXIS2_PLACEMENT_3D('',#252,#253,#254);
#252 = CARTESIAN_POINT('',(0.9,0.,1.25));
#253 = DIRECTION('',(1.,0.,0.));
#254 = DIRECTION('',(0.,0.,-1.));
#255 = ADVANCED_FACE('',(#256,#267),#270,.T.);
#256 = FACE_BOUND('',#257,.T.);
#257 = EDGE_LOOP('',(#258));
#258 = ORIENTED_EDGE('',*,*,#259,.F.);
#259 = EDGE_CURVE('',#260,#260,#262,.T.);
#260 = VERTEX_POINT('',#261);
#261 = CARTESIAN_POINT('',(6.655,1.25,1.25));
#262 = CIRCLE('',#263,1.25);
#263 = AXIS2_PLACEMENT_3D('',#264,#265,#266);
#264 = CARTESIAN_POINT('',(6.655,0.,1.25));
#265 = DIRECTION('',(1.,0.,0.));
#266 = DIRECTION('',(-0.,1.,0.));
#267 = FACE_BOUND('',#268,.T.);
#268 = EDGE_LOOP('',(#269));
#269 = ORIENTED_EDGE('',*,*,#209,.F.);
#270 = PLANE('',#271);
#271 = AXIS2_PLACEMENT_3D('',#272,#273,#274);
#272 = CARTESIAN_POINT('',(6.655,1.25,1.25));
#273 = DIRECTION('',(-1.,0.,0.));
#274 = DIRECTION('',(0.,0.,-1.));
#275 = ADVANCED_FACE('',(#276),#296,.T.);
#276 = FACE_BOUND('',#277,.T.);
#277 = EDGE_LOOP('',(#278,#287,#288,#289));
#278 = ORIENTED_EDGE('',*,*,#279,.T.);
#279 = EDGE_CURVE('',#280,#235,#282,.T.);
#280 = VERTEX_POINT('',#281);
#281 = CARTESIAN_POINT('',(0.3,0.,0.35));
#282 = CIRCLE('',#283,0.6);
#283 = AXIS2_PLACEMENT_3D('',#284,#285,#286);
#284 = CARTESIAN_POINT('',(0.9,1.102182119233E-16,0.35));
#285 = DIRECTION('',(0.,1.,-0.));
#286 = DIRECTION('',(-1.,0.,4.93432455389E-16));
#287 = ORIENTED_EDGE('',*,*,#234,.T.);
#288 = ORIENTED_EDGE('',*,*,#279,.F.);
#289 = ORIENTED_EDGE('',*,*,#290,.T.);
#290 = EDGE_CURVE('',#280,#280,#291,.T.);
#291 = CIRCLE('',#292,0.3);
#292 = AXIS2_PLACEMENT_3D('',#293,#294,#295);
#293 = CARTESIAN_POINT('',(0.,0.,0.35));
#294 = DIRECTION('',(0.,0.,1.));
#295 = DIRECTION('',(1.,0.,-0.));
#296 = TOROIDAL_SURFACE('',#297,0.9,0.3);
#297 = AXIS2_PLACEMENT_3D('',#298,#299,#300);
#298 = CARTESIAN_POINT('',(0.9,0.,0.35));
#299 = DIRECTION('',(0.,1.,0.));
#300 = DIRECTION('',(-1.,0.,4.93432455389E-16));
#301 = ADVANCED_FACE('',(#302),#321,.T.);
#302 = FACE_BOUND('',#303,.T.);
#303 = EDGE_LOOP('',(#304,#305,#313,#320));
#304 = ORIENTED_EDGE('',*,*,#259,.T.);
#305 = ORIENTED_EDGE('',*,*,#306,.T.);
#306 = EDGE_CURVE('',#260,#307,#309,.T.);
#307 = VERTEX_POINT('',#308);
#308 = CARTESIAN_POINT('',(7.605,1.25,1.25));
#309 = LINE('',#310,#311);
#310 = CARTESIAN_POINT('',(6.655,1.25,1.25));
#311 = VECTOR('',#312,1.);
#312 = DIRECTION('',(1.,0.,0.));
#313 = ORIENTED_EDGE('',*,*,#314,.F.);
#314 = EDGE_CURVE('',#307,#307,#315,.T.);
#315 = CIRCLE('',#316,1.25);
#316 = AXIS2_PLACEMENT_3D('',#317,#318,#319);
#317 = CARTESIAN_POINT('',(7.605,0.,1.25));
#318 = DIRECTION('',(1.,0.,0.));
#319 = DIRECTION('',(-0.,1.,0.));
#320 = ORIENTED_EDGE('',*,*,#306,.F.);
#321 = CYLINDRICAL_SURFACE('',#322,1.25);
#322 = AXIS2_PLACEMENT_3D('',#323,#324,#325);
#323 = CARTESIAN_POINT('',(6.655,0.,1.25));
#324 = DIRECTION('',(-1.,-0.,-0.));
#325 = DIRECTION('',(0.,1.,0.));
#326 = ADVANCED_FACE('',(#327),#346,.T.);
#327 = FACE_BOUND('',#328,.T.);
#328 = EDGE_LOOP('',(#329,#337,#338,#339));
#329 = ORIENTED_EDGE('',*,*,#330,.T.);
#330 = EDGE_CURVE('',#331,#280,#333,.T.);
#331 = VERTEX_POINT('',#332);
#332 = CARTESIAN_POINT('',(0.3,-7.347880794884E-17,-3.));
#333 = LINE('',#334,#335);
#334 = CARTESIAN_POINT('',(0.3,0.,-3.));
#335 = VECTOR('',#336,1.);
#336 = DIRECTION('',(0.,0.,1.));
#337 = ORIENTED_EDGE('',*,*,#290,.F.);
#338 = ORIENTED_EDGE('',*,*,#330,.F.);
#339 = ORIENTED_EDGE('',*,*,#340,.T.);
#340 = EDGE_CURVE('',#331,#331,#341,.T.);
#341 = CIRCLE('',#342,0.3);
#342 = AXIS2_PLACEMENT_3D('',#343,#344,#345);
#343 = CARTESIAN_POINT('',(0.,0.,-3.));
#344 = DIRECTION('',(0.,0.,1.));
#345 = DIRECTION('',(1.,0.,-0.));
#346 = CYLINDRICAL_SURFACE('',#347,0.3);
#347 = AXIS2_PLACEMENT_3D('',#348,#349,#350);
#348 = CARTESIAN_POINT('',(0.,0.,-3.));
#349 = DIRECTION('',(0.,0.,1.));
#350 = DIRECTION('',(1.,0.,-0.));
#351 = ADVANCED_FACE('',(#352),#372,.T.);
#352 = FACE_BOUND('',#353,.T.);
#353 = EDGE_LOOP('',(#354,#363,#364,#365));
#354 = ORIENTED_EDGE('',*,*,#355,.F.);
#355 = EDGE_CURVE('',#307,#356,#358,.T.);
#356 = VERTEX_POINT('',#357);
#357 = CARTESIAN_POINT('',(8.23,0.625,1.25));
#358 = CIRCLE('',#359,0.625);
#359 = AXIS2_PLACEMENT_3D('',#360,#361,#362);
#360 = CARTESIAN_POINT('',(7.605,0.625,1.25));
#361 = DIRECTION('',(0.,0.,-1.));
#362 = DIRECTION('',(0.,1.,0.));
#363 = ORIENTED_EDGE('',*,*,#314,.T.);
#364 = ORIENTED_EDGE('',*,*,#355,.T.);
#365 = ORIENTED_EDGE('',*,*,#366,.F.);
#366 = EDGE_CURVE('',#356,#356,#367,.T.);
#367 = CIRCLE('',#368,0.625);
#368 = AXIS2_PLACEMENT_3D('',#369,#370,#371);
#369 = CARTESIAN_POINT('',(8.23,0.,1.25));
#370 = DIRECTION('',(1.,0.,0.));
#371 = DIRECTION('',(-0.,1.,0.));
#372 = TOROIDAL_SURFACE('',#373,0.625,0.625);
#373 = AXIS2_PLACEMENT_3D('',#374,#375,#376);
#374 = CARTESIAN_POINT('',(7.605,0.,1.25));
#375 = DIRECTION('',(1.,0.,0.));
#376 = DIRECTION('',(-0.,1.,0.));
#377 = ADVANCED_FACE('',(#378),#381,.T.);
#378 = FACE_BOUND('',#379,.F.);
#379 = EDGE_LOOP('',(#380));
#380 = ORIENTED_EDGE('',*,*,#340,.T.);
#381 = PLANE('',#382);
#382 = AXIS2_PLACEMENT_3D('',#383,#384,#385);
#383 = CARTESIAN_POINT('',(0.3,0.,-3.));
#384 = DIRECTION('',(0.,0.,-1.));
#385 = DIRECTION('',(-1.,0.,0.));
#386 = ADVANCED_FACE('',(#387,#390),#401,.F.);
#387 = FACE_BOUND('',#388,.F.);
#388 = EDGE_LOOP('',(#389));
#389 = ORIENTED_EDGE('',*,*,#366,.F.);
#390 = FACE_BOUND('',#391,.F.);
#391 = EDGE_LOOP('',(#392));
#392 = ORIENTED_EDGE('',*,*,#393,.T.);
#393 = EDGE_CURVE('',#394,#394,#396,.T.);
#394 = VERTEX_POINT('',#395);
#395 = CARTESIAN_POINT('',(8.23,0.,0.95));
#396 = CIRCLE('',#397,0.3);
#397 = AXIS2_PLACEMENT_3D('',#398,#399,#400);
#398 = CARTESIAN_POINT('',(8.23,0.,1.25));
#399 = DIRECTION('',(1.,-0.,0.));
#400 = DIRECTION('',(0.,0.,-1.));
#401 = PLANE('',#402);
#402 = AXIS2_PLACEMENT_3D('',#403,#404,#405);
#403 = CARTESIAN_POINT('',(8.23,1.25,1.25));
#404 = DIRECTION('',(-1.,0.,0.));
#405 = DIRECTION('',(0.,0.,-1.));
#406 = ADVANCED_FACE('',(#407),#426,.T.);
#407 = FACE_BOUND('',#408,.T.);
#408 = EDGE_LOOP('',(#409,#410,#418,#425));
#409 = ORIENTED_EDGE('',*,*,#393,.T.);
#410 = ORIENTED_EDGE('',*,*,#411,.T.);
#411 = EDGE_CURVE('',#394,#412,#414,.T.);
#412 = VERTEX_POINT('',#413);
#413 = CARTESIAN_POINT('',(9.26,0.,0.95));
#414 = LINE('',#415,#416);
#415 = CARTESIAN_POINT('',(0.9,0.,0.95));
#416 = VECTOR('',#417,1.);
#417 = DIRECTION('',(1.,0.,0.));
#418 = ORIENTED_EDGE('',*,*,#419,.F.);
#419 = EDGE_CURVE('',#412,#412,#420,.T.);
#420 = CIRCLE('',#421,0.3);
#421 = AXIS2_PLACEMENT_3D('',#422,#423,#424);
#422 = CARTESIAN_POINT('',(9.26,0.,1.25));
#423 = DIRECTION('',(1.,-0.,0.));
#424 = DIRECTION('',(0.,0.,-1.));
#425 = ORIENTED_EDGE('',*,*,#411,.F.);
#426 = CYLINDRICAL_SURFACE('',#427,0.3);
#427 = AXIS2_PLACEMENT_3D('',#428,#429,#430);
#428 = CARTESIAN_POINT('',(0.9,0.,1.25));
#429 = DIRECTION('',(1.,0.,0.));
#430 = DIRECTION('',(0.,0.,-1.));
#431 = ADVANCED_FACE('',(#432),#452,.T.);
#432 = FACE_BOUND('',#433,.T.);
#433 = EDGE_LOOP('',(#434,#443,#450,#451));
#434 = ORIENTED_EDGE('',*,*,#435,.T.);
#435 = EDGE_CURVE('',#412,#436,#438,.T.);
#436 = VERTEX_POINT('',#437);
#437 = CARTESIAN_POINT('',(9.86,0.,0.35));
#438 = CIRCLE('',#439,0.6);
#439 = AXIS2_PLACEMENT_3D('',#440,#441,#442);
#440 = CARTESIAN_POINT('',(9.26,1.102182119233E-16,0.35));
#441 = DIRECTION('',(0.,1.,0.));
#442 = DIRECTION('',(0.,-0.,1.));
#443 = ORIENTED_EDGE('',*,*,#444,.T.);
#444 = EDGE_CURVE('',#436,#436,#445,.T.);
#445 = CIRCLE('',#446,0.3);
#446 = AXIS2_PLACEMENT_3D('',#447,#448,#449);
#447 = CARTESIAN_POINT('',(10.16,0.,0.35));
#448 = DIRECTION('',(-5.053215498074E-16,0.,1.));
#449 = DIRECTION('',(1.,0.,5.053215498074E-16));
#450 = ORIENTED_EDGE('',*,*,#435,.F.);
#451 = ORIENTED_EDGE('',*,*,#419,.T.);
#452 = TOROIDAL_SURFACE('',#453,0.9,0.3);
#453 = AXIS2_PLACEMENT_3D('',#454,#455,#456);
#454 = CARTESIAN_POINT('',(9.26,0.,0.35));
#455 = DIRECTION('',(0.,1.,0.));
#456 = DIRECTION('',(0.,-0.,1.));
#457 = ADVANCED_FACE('',(#458),#477,.T.);
#458 = FACE_BOUND('',#459,.T.);
#459 = EDGE_LOOP('',(#460,#468,#475,#476));
#460 = ORIENTED_EDGE('',*,*,#461,.T.);
#461 = EDGE_CURVE('',#436,#462,#464,.T.);
#462 = VERTEX_POINT('',#463);
#463 = CARTESIAN_POINT('',(9.86,-7.347880794884E-17,-3.));
#464 = LINE('',#465,#466);
#465 = CARTESIAN_POINT('',(9.86,0.,0.35));
#466 = VECTOR('',#467,1.);
#467 = DIRECTION('',(0.,0.,-1.));
#468 = ORIENTED_EDGE('',*,*,#469,.F.);
#469 = EDGE_CURVE('',#462,#462,#470,.T.);
#470 = CIRCLE('',#471,0.3);
#471 = AXIS2_PLACEMENT_3D('',#472,#473,#474);
#472 = CARTESIAN_POINT('',(10.16,0.,-3.));
#473 = DIRECTION('',(0.,0.,-1.));
#474 = DIRECTION('',(-1.,0.,0.));
#475 = ORIENTED_EDGE('',*,*,#461,.F.);
#476 = ORIENTED_EDGE('',*,*,#444,.F.);
#477 = CYLINDRICAL_SURFACE('',#478,0.3);
#478 = AXIS2_PLACEMENT_3D('',#479,#480,#481);
#479 = CARTESIAN_POINT('',(10.16,0.,0.35));
#480 = DIRECTION('',(0.,0.,-1.));
#481 = DIRECTION('',(-1.,0.,0.));
#482 = ADVANCED_FACE('',(#483),#486,.F.);
#483 = FACE_BOUND('',#484,.T.);
#484 = EDGE_LOOP('',(#485));
#485 = ORIENTED_EDGE('',*,*,#469,.T.);
#486 = PLANE('',#487);
#487 = AXIS2_PLACEMENT_3D('',#488,#489,#490);
#488 = CARTESIAN_POINT('',(9.86,0.,-3.));
#489 = DIRECTION('',(0.,0.,1.));
#490 = DIRECTION('',(1.,0.,-0.));
#491 = ( GEOMETRIC_REPRESENTATION_CONTEXT(3) 
GLOBAL_UNCERTAINTY_ASSIGNED_CONTEXT((#495)) GLOBAL_UNIT_ASSIGNED_CONTEXT
((#492,#493,#494)) REPRESENTATION_CONTEXT('Context #1',
  '3D Context with UNIT and UNCERTAINTY') );
#492 = ( LENGTH_UNIT() NAMED_UNIT(*) SI_UNIT(.MILLI.,.METRE.) );
#493 = ( NAMED_UNIT(*) PLANE_ANGLE_UNIT() SI_UNIT($,.RADIAN.) );
#494 = ( NAMED_UNIT(*) SI_UNIT($,.STERADIAN.) SOLID_ANGLE_UNIT() );
#495 = UNCERTAINTY_MEASURE_WITH_UNIT(LENGTH_MEASURE(1.E-07),#492,
  'distance_accuracy_value','confusion accuracy');
#496 = CONTEXT_DEPENDENT_SHAPE_REPRESENTATION(#497,#499);
#497 = ( REPRESENTATION_RELATIONSHIP('','',#103,#80) 
REPRESENTATION_RELATIONSHIP_WITH_TRANSFORMATION(#498) 
SHAPE_REPRESENTATION_RELATIONSHIP() );
#498 = ITEM_DEFINED_TRANSFORMATION('','',#11,#81);
#499 = PRODUCT_DEFINITION_SHAPE('Placement','Placement of an item',#500
  );
#500 = NEXT_ASSEMBLY_USAGE_OCCURRENCE('1','=>[0:1:1:3]','',#75,#98,$);
#501 = PRODUCT_RELATED_PRODUCT_CATEGORY('part',$,(#100));
#502 = SHAPE_DEFINITION_REPRESENTATION(#503,#509);
#503 = PRODUCT_DEFINITION_SHAPE('','',#504);
#504 = PRODUCT_DEFINITION('design','',#505,#508);
#505 = PRODUCT_DEFINITION_FORMATION('','',#506);
#506 = PRODUCT('C_Axial_L3.8mm_D2.6mm_P7.50mm_Horizontal',
  'C_Axial_L3.8mm_D2.6mm_P7.50mm_Horizontal','',(#507));
#507 = PRODUCT_CONTEXT('',#2,'mechanical');
#508 = PRODUCT_DEFINITION_CONTEXT('part definition',#2,'design');
#509 = SHAPE_REPRESENTATION('',(#11,#510),#514);
#510 = AXIS2_PLACEMENT_3D('',#511,#512,#513);
#511 = CARTESIAN_POINT('',(0.,0.,0.));
#512 = DIRECTION('',(0.,0.,1.));
#513 = DIRECTION('',(1.,0.,-0.));
#514 = ( GEOMETRIC_REPRESENTATION_CONTEXT(3) 
GLOBAL_UNCERTAINTY_ASSIGNED_CONTEXT((#518)) GLOBAL_UNIT_ASSIGNED_CONTEXT
((#515,#516,#517)) REPRESENTATION_CONTEXT('Context #1',
  '3D Context with UNIT and UNCERTAINTY') );
#515 = ( LENGTH_UNIT() NAMED_UNIT(*) SI_UNIT(.MILLI.,.METRE.) );
#516 = ( NAMED_UNIT(*) PLANE_ANGLE_UNIT() SI_UNIT($,.RADIAN.) );
#517 = ( NAMED_UNIT(*) SI_UNIT($,.STERADIAN.) SOLID_ANGLE_UNIT() );
#518 = UNCERTAINTY_MEASURE_WITH_UNIT(LENGTH_MEASURE(1.E-07),#515,
  'distance_accuracy_value','confusion accuracy');
#519 = CONTEXT_DEPENDENT_SHAPE_REPRESENTATION(#520,#522);
#520 = ( REPRESENTATION_RELATIONSHIP('','',#509,#10) 
REPRESENTATION_RELATIONSHIP_WITH_TRANSFORMATION(#521) 
SHAPE_REPRESENTATION_RELATIONSHIP() );
#521 = ITEM_DEFINED_TRANSFORMATION('','',#11,#19);
#522 = PRODUCT_DEFINITION_SHAPE('Placement','Placement of an item',#523
  );
#523 = NEXT_ASSEMBLY_USAGE_OCCURRENCE('4','C2','',#5,#504,$);
#524 = PRODUCT_RELATED_PRODUCT_CATEGORY('part',$,(#506));
#525 = SHAPE_DEFINITION_REPRESENTATION(#526,#532);
#526 = PRODUCT_DEFINITION_SHAPE('','',#527);
#527 = PRODUCT_DEFINITION('design','',#528,#531);
#528 = PRODUCT_DEFINITION_FORMATION('','',#529);
#529 = PRODUCT('C_Axial_L38mm_D26mm_P750mm_Horizontal',
  'C_Axial_L38mm_D26mm_P750mm_Horizontal','',(#530));
#530 = PRODUCT_CONTEXT('',#2,'mechanical');
#531 = PRODUCT_DEFINITION_CONTEXT('part definition',#2,'design');
#532 = ADVANCED_BREP_SHAPE_REPRESENTATION('',(#11,#533),#886);
#533 = MANIFOLD_SOLID_BREP('',#534);
#534 = CLOSED_SHELL('',(#535,#568,#588,#608,#633,#658,#678,#698,#732,
    #757,#788,#818,#843,#868,#877));
#535 = ADVANCED_FACE('',(#536),#563,.T.);
#536 = FACE_BOUND('',#537,.T.);
#537 = EDGE_LOOP('',(#538,#547,#555,#562));
#538 = ORIENTED_EDGE('',*,*,#539,.T.);
#539 = EDGE_CURVE('',#540,#540,#542,.T.);
#540 = VERTEX_POINT('',#541);
#541 = CARTESIAN_POINT('',(1.85,1.3,1.3));
#542 = CIRCLE('',#543,1.3);
#543 = AXIS2_PLACEMENT_3D('',#544,#545,#546);
#544 = CARTESIAN_POINT('',(1.85,0.,1.3));
#545 = DIRECTION('',(1.,0.,0.));
#546 = DIRECTION('',(-0.,1.,0.));
#547 = ORIENTED_EDGE('',*,*,#548,.T.);
#548 = EDGE_CURVE('',#540,#549,#551,.T.);
#549 = VERTEX_POINT('',#550);
#550 = CARTESIAN_POINT('',(5.65,1.3,1.3));
#551 = LINE('',#552,#553);
#552 = CARTESIAN_POINT('',(1.85,1.3,1.3));
#553 = VECTOR('',#554,1.);
#554 = DIRECTION('',(1.,0.,0.));
#555 = ORIENTED_EDGE('',*,*,#556,.F.);
#556 = EDGE_CURVE('',#549,#549,#557,.T.);
#557 = CIRCLE('',#558,1.3);
#558 = AXIS2_PLACEMENT_3D('',#559,#560,#561);
#559 = CARTESIAN_POINT('',(5.65,0.,1.3));
#560 = DIRECTION('',(1.,0.,0.));
#561 = DIRECTION('',(-0.,1.,0.));
#562 = ORIENTED_EDGE('',*,*,#548,.F.);
#563 = CYLINDRICAL_SURFACE('',#564,1.3);
#564 = AXIS2_PLACEMENT_3D('',#565,#566,#567);
#565 = CARTESIAN_POINT('',(1.85,0.,1.3));
#566 = DIRECTION('',(-1.,-0.,-0.));
#567 = DIRECTION('',(0.,1.,0.));
#568 = ADVANCED_FACE('',(#569,#572),#583,.F.);
#569 = FACE_BOUND('',#570,.F.);
#570 = EDGE_LOOP('',(#571));
#571 = ORIENTED_EDGE('',*,*,#539,.T.);
#572 = FACE_BOUND('',#573,.F.);
#573 = EDGE_LOOP('',(#574));
#574 = ORIENTED_EDGE('',*,*,#575,.F.);
#575 = EDGE_CURVE('',#576,#576,#578,.T.);
#576 = VERTEX_POINT('',#577);
#577 = CARTESIAN_POINT('',(1.85,1.17,1.3));
#578 = CIRCLE('',#579,1.17);
#579 = AXIS2_PLACEMENT_3D('',#580,#581,#582);
#580 = CARTESIAN_POINT('',(1.85,0.,1.3));
#581 = DIRECTION('',(1.,0.,0.));
#582 = DIRECTION('',(-0.,1.,0.));
#583 = PLANE('',#584);
#584 = AXIS2_PLACEMENT_3D('',#585,#586,#587);
#585 = CARTESIAN_POINT('',(1.85,3.28711570322E-17,1.3));
#586 = DIRECTION('',(1.,-2.463219956821E-47,5.834770009031E-32));
#587 = DIRECTION('',(-5.834770009031E-32,0.,1.));
#588 = ADVANCED_FACE('',(#589,#592),#603,.T.);
#589 = FACE_BOUND('',#590,.T.);
#590 = EDGE_LOOP('',(#591));
#591 = ORIENTED_EDGE('',*,*,#556,.T.);
#592 = FACE_BOUND('',#593,.T.);
#593 = EDGE_LOOP('',(#594));
#594 = ORIENTED_EDGE('',*,*,#595,.F.);
#595 = EDGE_CURVE('',#596,#596,#598,.T.);
#596 = VERTEX_POINT('',#597);
#597 = CARTESIAN_POINT('',(5.65,1.17,1.3));
#598 = CIRCLE('',#599,1.17);
#599 = AXIS2_PLACEMENT_3D('',#600,#601,#602);
#600 = CARTESIAN_POINT('',(5.65,0.,1.3));
#601 = DIRECTION('',(1.,0.,0.));
#602 = DIRECTION('',(-0.,1.,0.));
#603 = PLANE('',#604);
#604 = AXIS2_PLACEMENT_3D('',#605,#606,#607);
#605 = CARTESIAN_POINT('',(5.65,3.28711570322E-17,1.3));
#606 = DIRECTION('',(1.,-2.463219956821E-47,5.834770009031E-32));
#607 = DIRECTION('',(-5.834770009031E-32,0.,1.));
#608 = ADVANCED_FACE('',(#609),#628,.F.);
#609 = FACE_BOUND('',#610,.F.);
#610 = EDGE_LOOP('',(#611,#620,#626,#627));
#611 = ORIENTED_EDGE('',*,*,#612,.F.);
#612 = EDGE_CURVE('',#613,#613,#615,.T.);
#613 = VERTEX_POINT('',#614);
#614 = CARTESIAN_POINT('',(1.98,1.17,1.3));
#615 = CIRCLE('',#616,1.17);
#616 = AXIS2_PLACEMENT_3D('',#617,#618,#619);
#617 = CARTESIAN_POINT('',(1.98,0.,1.3));
#618 = DIRECTION('',(1.,0.,0.));
#619 = DIRECTION('',(-0.,1.,0.));
#620 = ORIENTED_EDGE('',*,*,#621,.F.);
#621 = EDGE_CURVE('',#576,#613,#622,.T.);
#622 = LINE('',#623,#624);
#623 = CARTESIAN_POINT('',(1.85,1.17,1.3));
#624 = VECTOR('',#625,1.);
#625 = DIRECTION('',(1.,0.,0.));
#626 = ORIENTED_EDGE('',*,*,#575,.T.);
#627 = ORIENTED_EDGE('',*,*,#621,.T.);
#628 = CYLINDRICAL_SURFACE('',#629,1.17);
#629 = AXIS2_PLACEMENT_3D('',#630,#631,#632);
#630 = CARTESIAN_POINT('',(1.85,0.,1.3));
#631 = DIRECTION('',(-1.,-0.,-0.));
#632 = DIRECTION('',(0.,1.,0.));
#633 = ADVANCED_FACE('',(#634),#653,.F.);
#634 = FACE_BOUND('',#635,.F.);
#635 = EDGE_LOOP('',(#636,#644,#645,#646));
#636 = ORIENTED_EDGE('',*,*,#637,.T.);
#637 = EDGE_CURVE('',#638,#596,#640,.T.);
#638 = VERTEX_POINT('',#639);
#639 = CARTESIAN_POINT('',(5.52,1.17,1.3));
#640 = LINE('',#641,#642);
#641 = CARTESIAN_POINT('',(1.85,1.17,1.3));
#642 = VECTOR('',#643,1.);
#643 = DIRECTION('',(1.,0.,0.));
#644 = ORIENTED_EDGE('',*,*,#595,.F.);
#645 = ORIENTED_EDGE('',*,*,#637,.F.);
#646 = ORIENTED_EDGE('',*,*,#647,.T.);
#647 = EDGE_CURVE('',#638,#638,#648,.T.);
#648 = CIRCLE('',#649,1.17);
#649 = AXIS2_PLACEMENT_3D('',#650,#651,#652);
#650 = CARTESIAN_POINT('',(5.52,0.,1.3));
#651 = DIRECTION('',(1.,0.,0.));
#652 = DIRECTION('',(-0.,1.,0.));
#653 = CYLINDRICAL_SURFACE('',#654,1.17);
#654 = AXIS2_PLACEMENT_3D('',#655,#656,#657);
#655 = CARTESIAN_POINT('',(1.85,0.,1.3));
#656 = DIRECTION('',(-1.,-0.,-0.));
#657 = DIRECTION('',(0.,1.,0.));
#658 = ADVANCED_FACE('',(#659,#662),#673,.F.);
#659 = FACE_BOUND('',#660,.F.);
#660 = EDGE_LOOP('',(#661));
#661 = ORIENTED_EDGE('',*,*,#612,.T.);
#662 = FACE_BOUND('',#663,.F.);
#663 = EDGE_LOOP('',(#664));
#664 = ORIENTED_EDGE('',*,*,#665,.T.);
#665 = EDGE_CURVE('',#666,#666,#668,.T.);
#666 = VERTEX_POINT('',#667);
#667 = CARTESIAN_POINT('',(1.98,0.25,1.3));
#668 = CIRCLE('',#669,0.25);
#669 = AXIS2_PLACEMENT_3D('',#670,#671,#672);
#670 = CARTESIAN_POINT('',(1.98,0.,1.3));
#671 = DIRECTION('',(-1.,0.,0.));
#672 = DIRECTION('',(0.,1.,0.));
#673 = PLANE('',#674);
#674 = AXIS2_PLACEMENT_3D('',#675,#676,#677);
#675 = CARTESIAN_POINT('',(1.98,-3.652350781355E-17,1.3));
#676 = DIRECTION('',(1.,0.,0.));
#677 = DIRECTION('',(0.,0.,1.));
#678 = ADVANCED_FACE('',(#679,#682),#693,.T.);
#679 = FACE_BOUND('',#680,.T.);
#680 = EDGE_LOOP('',(#681));
#681 = ORIENTED_EDGE('',*,*,#647,.T.);
#682 = FACE_BOUND('',#683,.T.);
#683 = EDGE_LOOP('',(#684));
#684 = ORIENTED_EDGE('',*,*,#685,.T.);
#685 = EDGE_CURVE('',#686,#686,#688,.T.);
#686 = VERTEX_POINT('',#687);
#687 = CARTESIAN_POINT('',(5.52,0.25,1.3));
#688 = CIRCLE('',#689,0.25);
#689 = AXIS2_PLACEMENT_3D('',#690,#691,#692);
#690 = CARTESIAN_POINT('',(5.52,0.,1.3));
#691 = DIRECTION('',(-1.,0.,0.));
#692 = DIRECTION('',(0.,1.,0.));
#693 = PLANE('',#694);
#694 = AXIS2_PLACEMENT_3D('',#695,#696,#697);
#695 = CARTESIAN_POINT('',(5.52,-3.652350781355E-17,1.3));
#696 = DIRECTION('',(1.,0.,0.));
#697 = DIRECTION('',(0.,0.,1.));
#698 = ADVANCED_FACE('',(#699),#727,.T.);
#699 = FACE_BOUND('',#700,.T.);
#700 = EDGE_LOOP('',(#701,#702,#710,#719,#726));
#701 = ORIENTED_EDGE('',*,*,#665,.T.);
#702 = ORIENTED_EDGE('',*,*,#703,.F.);
#703 = EDGE_CURVE('',#704,#666,#706,.T.);
#704 = VERTEX_POINT('',#705);
#705 = CARTESIAN_POINT('',(0.5,0.25,1.3));
#706 = LINE('',#707,#708);
#707 = CARTESIAN_POINT('',(0.5,0.25,1.3));
#708 = VECTOR('',#709,1.);
#709 = DIRECTION('',(1.,0.,0.));
#710 = ORIENTED_EDGE('',*,*,#711,.T.);
#711 = EDGE_CURVE('',#704,#712,#714,.T.);
#712 = VERTEX_POINT('',#713);
#713 = CARTESIAN_POINT('',(0.5,-0.25,1.3));
#714 = CIRCLE('',#715,0.25);
#715 = AXIS2_PLACEMENT_3D('',#716,#717,#718);
#716 = CARTESIAN_POINT('',(0.5,0.,1.3));
#717 = DIRECTION('',(1.,0.,0.));
#718 = DIRECTION('',(-0.,1.,0.));
#719 = ORIENTED_EDGE('',*,*,#720,.T.);
#720 = EDGE_CURVE('',#712,#704,#721,.T.);
#721 = CIRCLE('',#722,0.25);
#722 = AXIS2_PLACEMENT_3D('',#723,#724,#725);
#723 = CARTESIAN_POINT('',(0.5,0.,1.3));
#724 = DIRECTION('',(1.,0.,0.));
#725 = DIRECTION('',(-0.,1.,0.));
#726 = ORIENTED_EDGE('',*,*,#703,.T.);
#727 = CYLINDRICAL_SURFACE('',#728,0.25);
#728 = AXIS2_PLACEMENT_3D('',#729,#730,#731);
#729 = CARTESIAN_POINT('',(0.5,0.,1.3));
#730 = DIRECTION('',(-1.,-0.,-0.));
#731 = DIRECTION('',(0.,1.,0.));
#732 = ADVANCED_FACE('',(#733),#752,.T.);
#733 = FACE_BOUND('',#734,.T.);
#734 = EDGE_LOOP('',(#735,#743,#750,#751));
#735 = ORIENTED_EDGE('',*,*,#736,.T.);
#736 = EDGE_CURVE('',#686,#737,#739,.T.);
#737 = VERTEX_POINT('',#738);
#738 = CARTESIAN_POINT('',(7.,0.25,1.3));
#739 = LINE('',#740,#741);
#740 = CARTESIAN_POINT('',(0.5,0.25,1.3));
#741 = VECTOR('',#742,1.);
#742 = DIRECTION('',(1.,0.,0.));
#743 = ORIENTED_EDGE('',*,*,#744,.F.);
#744 = EDGE_CURVE('',#737,#737,#745,.T.);
#745 = CIRCLE('',#746,0.25);
#746 = AXIS2_PLACEMENT_3D('',#747,#748,#749);
#747 = CARTESIAN_POINT('',(7.,0.,1.3));
#748 = DIRECTION('',(1.,0.,0.));
#749 = DIRECTION('',(-0.,1.,0.));
#750 = ORIENTED_EDGE('',*,*,#736,.F.);
#751 = ORIENTED_EDGE('',*,*,#685,.F.);
#752 = CYLINDRICAL_SURFACE('',#753,0.25);
#753 = AXIS2_PLACEMENT_3D('',#754,#755,#756);
#754 = CARTESIAN_POINT('',(0.5,0.,1.3));
#755 = DIRECTION('',(-1.,-0.,-0.));
#756 = DIRECTION('',(0.,1.,0.));
#757 = ADVANCED_FACE('',(#758),#779,.F.);
#758 = FACE_BOUND('',#759,.F.);
#759 = EDGE_LOOP('',(#760,#769,#776,#777,#778));
#760 = ORIENTED_EDGE('',*,*,#761,.F.);
#761 = EDGE_CURVE('',#762,#712,#764,.T.);
#762 = VERTEX_POINT('',#763);
#763 = CARTESIAN_POINT('',(0.,-0.25,0.8));
#764 = CIRCLE('',#765,0.5);
#765 = AXIS2_PLACEMENT_3D('',#766,#767,#768);
#766 = CARTESIAN_POINT('',(0.5,-0.25,0.8));
#767 = DIRECTION('',(-1.110223024625E-16,1.,0.));
#768 = DIRECTION('',(-1.,-1.110223024625E-16,0.));
#769 = ORIENTED_EDGE('',*,*,#770,.F.);
#770 = EDGE_CURVE('',#762,#762,#771,.T.);
#771 = CIRCLE('',#772,0.25);
#772 = AXIS2_PLACEMENT_3D('',#773,#774,#775);
#773 = CARTESIAN_POINT('',(2.775557561563E-17,0.,0.8));
#774 = DIRECTION('',(-0.,0.,1.));
#775 = DIRECTION('',(1.110223024625E-16,-1.,0.));
#776 = ORIENTED_EDGE('',*,*,#761,.T.);
#777 = ORIENTED_EDGE('',*,*,#720,.T.);
#778 = ORIENTED_EDGE('',*,*,#711,.T.);
#779 = SURFACE_OF_REVOLUTION('',#780,#785);
#780 = CIRCLE('',#781,0.25);
#781 = AXIS2_PLACEMENT_3D('',#782,#783,#784);
#782 = CARTESIAN_POINT('',(2.775557561563E-17,0.,0.8));
#783 = DIRECTION('',(-0.,0.,1.));
#784 = DIRECTION('',(1.110223024625E-16,-1.,0.));
#785 = AXIS1_PLACEMENT('',#786,#787);
#786 = CARTESIAN_POINT('',(0.5,6.5,0.8));
#787 = DIRECTION('',(-1.110223024625E-16,1.,0.));
#788 = ADVANCED_FACE('',(#789),#809,.F.);
#789 = FACE_BOUND('',#790,.F.);
#790 = EDGE_LOOP('',(#791,#800,#807,#808));
#791 = ORIENTED_EDGE('',*,*,#792,.F.);
#792 = EDGE_CURVE('',#793,#737,#795,.T.);
#793 = VERTEX_POINT('',#794);
#794 = CARTESIAN_POINT('',(7.5,0.25,0.8));
#795 = CIRCLE('',#796,0.5);
#796 = AXIS2_PLACEMENT_3D('',#797,#798,#799);
#797 = CARTESIAN_POINT('',(7.,0.25,0.8));
#798 = DIRECTION('',(-1.144237745222E-17,-1.,0.));
#799 = DIRECTION('',(1.,-1.144237745222E-17,0.));
#800 = ORIENTED_EDGE('',*,*,#801,.F.);
#801 = EDGE_CURVE('',#793,#793,#802,.T.);
#802 = CIRCLE('',#803,0.25);
#803 = AXIS2_PLACEMENT_3D('',#804,#805,#806);
#804 = CARTESIAN_POINT('',(7.5,0.,0.8));
#805 = DIRECTION('',(0.,-0.,1.));
#806 = DIRECTION('',(1.144237745222E-17,1.,0.));
#807 = ORIENTED_EDGE('',*,*,#792,.T.);
#808 = ORIENTED_EDGE('',*,*,#744,.F.);
#809 = SURFACE_OF_REVOLUTION('',#810,#815);
#810 = CIRCLE('',#811,0.25);
#811 = AXIS2_PLACEMENT_3D('',#812,#813,#814);
#812 = CARTESIAN_POINT('',(7.5,0.,0.8));
#813 = DIRECTION('',(0.,-0.,1.));
#814 = DIRECTION('',(1.144237745222E-17,1.,0.));
#815 = AXIS1_PLACEMENT('',#816,#817);
#816 = CARTESIAN_POINT('',(7.,-6.5,0.8));
#817 = DIRECTION('',(-1.144237745222E-17,-1.,0.));
#818 = ADVANCED_FACE('',(#819),#838,.T.);
#819 = FACE_BOUND('',#820,.T.);
#820 = EDGE_LOOP('',(#821,#829,#830,#831));
#821 = ORIENTED_EDGE('',*,*,#822,.T.);
#822 = EDGE_CURVE('',#823,#762,#825,.T.);
#823 = VERTEX_POINT('',#824);
#824 = CARTESIAN_POINT('',(0.,-0.25,-2.));
#825 = LINE('',#826,#827);
#826 = CARTESIAN_POINT('',(5.551115123126E-17,-0.25,-2.));
#827 = VECTOR('',#828,1.);
#828 = DIRECTION('',(0.,0.,1.));
#829 = ORIENTED_EDGE('',*,*,#770,.F.);
#830 = ORIENTED_EDGE('',*,*,#822,.F.);
#831 = ORIENTED_EDGE('',*,*,#832,.T.);
#832 = EDGE_CURVE('',#823,#823,#833,.T.);
#833 = CIRCLE('',#834,0.25);
#834 = AXIS2_PLACEMENT_3D('',#835,#836,#837);
#835 = CARTESIAN_POINT('',(2.775557561563E-17,0.,-2.));
#836 = DIRECTION('',(-0.,0.,1.));
#837 = DIRECTION('',(1.110223024625E-16,-1.,0.));
#838 = CYLINDRICAL_SURFACE('',#839,0.25);
#839 = AXIS2_PLACEMENT_3D('',#840,#841,#842);
#840 = CARTESIAN_POINT('',(2.775557561563E-17,0.,-2.));
#841 = DIRECTION('',(-0.,0.,-1.));
#842 = DIRECTION('',(1.110223024625E-16,-1.,-0.));
#843 = ADVANCED_FACE('',(#844),#863,.T.);
#844 = FACE_BOUND('',#845,.T.);
#845 = EDGE_LOOP('',(#846,#854,#855,#856));
#846 = ORIENTED_EDGE('',*,*,#847,.T.);
#847 = EDGE_CURVE('',#848,#793,#850,.T.);
#848 = VERTEX_POINT('',#849);
#849 = CARTESIAN_POINT('',(7.5,0.25,-2.));
#850 = LINE('',#851,#852);
#851 = CARTESIAN_POINT('',(7.5,0.25,-2.));
#852 = VECTOR('',#853,1.);
#853 = DIRECTION('',(0.,0.,1.));
#854 = ORIENTED_EDGE('',*,*,#801,.F.);
#855 = ORIENTED_EDGE('',*,*,#847,.F.);
#856 = ORIENTED_EDGE('',*,*,#857,.T.);
#857 = EDGE_CURVE('',#848,#848,#858,.T.);
#858 = CIRCLE('',#859,0.25);
#859 = AXIS2_PLACEMENT_3D('',#860,#861,#862);
#860 = CARTESIAN_POINT('',(7.5,0.,-2.));
#861 = DIRECTION('',(0.,-0.,1.));
#862 = DIRECTION('',(1.144237745222E-17,1.,0.));
#863 = CYLINDRICAL_SURFACE('',#864,0.25);
#864 = AXIS2_PLACEMENT_3D('',#865,#866,#867);
#865 = CARTESIAN_POINT('',(7.5,0.,-2.));
#866 = DIRECTION('',(0.,-0.,-1.));
#867 = DIRECTION('',(1.144237745222E-17,1.,0.));
#868 = ADVANCED_FACE('',(#869),#872,.F.);
#869 = FACE_BOUND('',#870,.F.);
#870 = EDGE_LOOP('',(#871));
#871 = ORIENTED_EDGE('',*,*,#832,.T.);
#872 = PLANE('',#873);
#873 = AXIS2_PLACEMENT_3D('',#874,#875,#876);
#874 = CARTESIAN_POINT('',(4.959956372913E-17,4.440892098501E-16,-2.));
#875 = DIRECTION('',(0.,0.,1.));
#876 = DIRECTION('',(1.110223024625E-16,-1.,0.));
#877 = ADVANCED_FACE('',(#878),#881,.F.);
#878 = FACE_BOUND('',#879,.F.);
#879 = EDGE_LOOP('',(#880));
#880 = ORIENTED_EDGE('',*,*,#857,.T.);
#881 = PLANE('',#882);
#882 = AXIS2_PLACEMENT_3D('',#883,#884,#885);
#883 = CARTESIAN_POINT('',(7.5,-4.440892098501E-16,-2.));
#884 = DIRECTION('',(0.,0.,1.));
#885 = DIRECTION('',(1.144237745222E-17,1.,-0.));
#886 = ( GEOMETRIC_REPRESENTATION_CONTEXT(3) 
GLOBAL_UNCERTAINTY_ASSIGNED_CONTEXT((#890)) GLOBAL_UNIT_ASSIGNED_CONTEXT
((#887,#888,#889)) REPRESENTATION_CONTEXT('Context #1',
  '3D Context with UNIT and UNCERTAINTY') );
#887 = ( LENGTH_UNIT() NAMED_UNIT(*) SI_UNIT(.MILLI.,.METRE.) );
#888 = ( NAMED_UNIT(*) PLANE_ANGLE_UNIT() SI_UNIT($,.RADIAN.) );
#889 = ( NAMED_UNIT(*) SI_UNIT($,.STERADIAN.) SOLID_ANGLE_UNIT() );
#890 = UNCERTAINTY_MEASURE_WITH_UNIT(LENGTH_MEASURE(1.E-07),#887,
  'distance_accuracy_value','confusion accuracy');
#891 = CONTEXT_DEPENDENT_SHAPE_REPRESENTATION(#892,#894);
#892 = ( REPRESENTATION_RELATIONSHIP('','',#532,#509) 
REPRESENTATION_RELATIONSHIP_WITH_TRANSFORMATION(#893) 
SHAPE_REPRESENTATION_RELATIONSHIP() );
#893 = ITEM_DEFINED_TRANSFORMATION('','',#11,#510);
#894 = PRODUCT_DEFINITION_SHAPE('Placement','Placement of an item',#895
  );
#895 = NEXT_ASSEMBLY_USAGE_OCCURRENCE('3','=>[0:1:1:5]','',#504,#527,$);
#896 = PRODUCT_RELATED_PRODUCT_CATEGORY('part',$,(#529));
#897 = CONTEXT_DEPENDENT_SHAPE_REPRESENTATION(#898,#900);
#898 = ( REPRESENTATION_RELATIONSHIP('','',#80,#10) 
REPRESENTATION_RELATIONSHIP_WITH_TRANSFORMATION(#899) 
SHAPE_REPRESENTATION_RELATIONSHIP() );
#899 = ITEM_DEFINED_TRANSFORMATION('','',#11,#23);
#900 = PRODUCT_DEFINITION_SHAPE('Placement','Placement of an item',#901
  );
#901 = NEXT_ASSEMBLY_USAGE_OCCURRENCE('5','R3','',#5,#75,$);
#902 = SHAPE_DEFINITION_REPRESENTATION(#903,#909);
#903 = PRODUCT_DEFINITION_SHAPE('','',#904);
#904 = PRODUCT_DEFINITION('design','',#905,#908);
#905 = PRODUCT_DEFINITION_FORMATION('','',#906);
#906 = PRODUCT('TO-39-3','TO-39-3','',(#907));
#907 = PRODUCT_CONTEXT('',#2,'mechanical');
#908 = PRODUCT_DEFINITION_CONTEXT('part definition',#2,'design');
#909 = SHAPE_REPRESENTATION('',(#11,#910),#914);
#910 = AXIS2_PLACEMENT_3D('',#911,#912,#913);
#911 = CARTESIAN_POINT('',(0.,0.,0.));
#912 = DIRECTION('',(0.,0.,1.));
#913 = DIRECTION('',(1.,0.,-0.));
#914 = ( GEOMETRIC_REPRESENTATION_CONTEXT(3) 
GLOBAL_UNCERTAINTY_ASSIGNED_CONTEXT((#918)) GLOBAL_UNIT_ASSIGNED_CONTEXT
((#915,#916,#917)) REPRESENTATION_CONTEXT('Context #1',
  '3D Context with UNIT and UNCERTAINTY') );
#915 = ( LENGTH_UNIT() NAMED_UNIT(*) SI_UNIT(.MILLI.,.METRE.) );
#916 = ( NAMED_UNIT(*) PLANE_ANGLE_UNIT() SI_UNIT($,.RADIAN.) );
#917 = ( NAMED_UNIT(*) SI_UNIT($,.STERADIAN.) SOLID_ANGLE_UNIT() );
#918 = UNCERTAINTY_MEASURE_WITH_UNIT(LENGTH_MEASURE(1.E-07),#915,
  'distance_accuracy_value','confusion accuracy');
#919 = CONTEXT_DEPENDENT_SHAPE_REPRESENTATION(#920,#922);
#920 = ( REPRESENTATION_RELATIONSHIP('','',#909,#10) 
REPRESENTATION_RELATIONSHIP_WITH_TRANSFORMATION(#921) 
SHAPE_REPRESENTATION_RELATIONSHIP() );
#921 = ITEM_DEFINED_TRANSFORMATION('','',#11,#27);
#922 = PRODUCT_DEFINITION_SHAPE('Placement','Placement of an item',#923
  );
#923 = NEXT_ASSEMBLY_USAGE_OCCURRENCE('7','Q2','',#5,#904,$);
#924 = PRODUCT_RELATED_PRODUCT_CATEGORY('part',$,(#906));
#925 = SHAPE_DEFINITION_REPRESENTATION(#926,#932);
#926 = PRODUCT_DEFINITION_SHAPE('','',#927);
#927 = PRODUCT_DEFINITION('design','',#928,#931);
#928 = PRODUCT_DEFINITION_FORMATION('','',#929);
#929 = PRODUCT('TO-39-3','TO-39-3','',(#930));
#930 = PRODUCT_CONTEXT('',#2,'mechanical');
#931 = PRODUCT_DEFINITION_CONTEXT('part definition',#2,'design');
#932 = ADVANCED_BREP_SHAPE_REPRESENTATION('',(#11,#933),#1430);
#933 = MANIFOLD_SOLID_BREP('',#934);
#934 = CLOSED_SHELL('',(#935,#952,#982,#1007,#1037,#1080,#1112,#1143,
    #1168,#1233,#1257,#1281,#1298,#1316,#1341,#1366,#1391,#1403,#1412,
    #1421));
#935 = ADVANCED_FACE('',(#936),#947,.T.);
#936 = FACE_BOUND('',#937,.T.);
#937 = EDGE_LOOP('',(#938));
#938 = ORIENTED_EDGE('',*,*,#939,.T.);
#939 = EDGE_CURVE('',#940,#940,#942,.T.);
#940 = VERTEX_POINT('',#941);
#941 = CARTESIAN_POINT('',(-1.475229517853,7.660538869914E-15,11.5));
#942 = CIRCLE('',#943,4.015229517853);
#943 = AXIS2_PLACEMENT_3D('',#944,#945,#946);
#944 = CARTESIAN_POINT('',(2.54,5.107025913276E-15,11.5));
#945 = DIRECTION('',(0.,4.440892098501E-16,1.));
#946 = DIRECTION('',(-1.,6.359569098813E-16,-2.824216016079E-31));
#947 = PLANE('',#948);
#948 = AXIS2_PLACEMENT_3D('',#949,#950,#951);
#949 = CARTESIAN_POINT('',(2.54,5.107025913276E-15,11.5));
#950 = DIRECTION('',(0.,4.440892098501E-16,1.));
#951 = DIRECTION('',(-1.,6.359569098813E-16,-2.824216016079E-31));
#952 = ADVANCED_FACE('',(#953),#973,.F.);
#953 = FACE_BOUND('',#954,.F.);
#954 = EDGE_LOOP('',(#955,#956,#965,#972));
#955 = ORIENTED_EDGE('',*,*,#939,.T.);
#956 = ORIENTED_EDGE('',*,*,#957,.T.);
#957 = EDGE_CURVE('',#940,#958,#960,.T.);
#958 = VERTEX_POINT('',#959);
#959 = CARTESIAN_POINT('',(-1.71,7.504150313044E-15,11.265229517853));
#960 = CIRCLE('',#961,0.234770482147);
#961 = AXIS2_PLACEMENT_3D('',#962,#963,#964);
#962 = CARTESIAN_POINT('',(-1.475229517853,7.504150313044E-15,
    11.265229517853));
#963 = DIRECTION('',(0.,-1.,6.661338147751E-16));
#964 = DIRECTION('',(1.,0.,0.));
#965 = ORIENTED_EDGE('',*,*,#966,.F.);
#966 = EDGE_CURVE('',#958,#958,#967,.T.);
#967 = CIRCLE('',#968,4.25);
#968 = AXIS2_PLACEMENT_3D('',#969,#970,#971);
#969 = CARTESIAN_POINT('',(2.54,5.002766875363E-15,11.265229517852));
#970 = DIRECTION('',(0.,4.440892098501E-16,1.));
#971 = DIRECTION('',(-1.,5.885608088662E-16,-2.613735045581E-31));
#972 = ORIENTED_EDGE('',*,*,#957,.F.);
#973 = SURFACE_OF_REVOLUTION('',#974,#979);
#974 = CIRCLE('',#975,0.234770482147);
#975 = AXIS2_PLACEMENT_3D('',#976,#977,#978);
#976 = CARTESIAN_POINT('',(-1.475229517853,7.504150313044E-15,
    11.265229517853));
#977 = DIRECTION('',(0.,-1.,6.661338147751E-16));
#978 = DIRECTION('',(1.,0.,0.));
#979 = AXIS1_PLACEMENT('',#980,#981);
#980 = CARTESIAN_POINT('',(2.54,1.13272413671E-15,2.550668));
#981 = DIRECTION('',(0.,4.440892098501E-16,1.));
#982 = ADVANCED_FACE('',(#983),#1002,.T.);
#983 = FACE_BOUND('',#984,.T.);
#984 = EDGE_LOOP('',(#985,#994,#1000,#1001));
#985 = ORIENTED_EDGE('',*,*,#986,.T.);
#986 = EDGE_CURVE('',#987,#987,#989,.T.);
#987 = VERTEX_POINT('',#988);
#988 = CARTESIAN_POINT('',(-1.71,3.74300631775E-15,5.619000619288));
#989 = CIRCLE('',#990,4.25);
#990 = AXIS2_PLACEMENT_3D('',#991,#992,#993);
#991 = CARTESIAN_POINT('',(2.54,2.495337545167E-15,5.619000619288));
#992 = DIRECTION('',(0.,4.440892098501E-16,1.));
#993 = DIRECTION('',(-1.,2.935691229608E-16,-1.30370879852E-31));
#994 = ORIENTED_EDGE('',*,*,#995,.T.);
#995 = EDGE_CURVE('',#987,#958,#996,.T.);
#996 = LINE('',#997,#998);
#997 = CARTESIAN_POINT('',(-1.71,3.74300631775E-15,5.619000619288));
#998 = VECTOR('',#999,1.);
#999 = DIRECTION('',(0.,6.661338147751E-16,1.));
#1000 = ORIENTED_EDGE('',*,*,#966,.F.);
#1001 = ORIENTED_EDGE('',*,*,#995,.F.);
#1002 = CYLINDRICAL_SURFACE('',#1003,4.25);
#1003 = AXIS2_PLACEMENT_3D('',#1004,#1005,#1006);
#1004 = CARTESIAN_POINT('',(2.54,2.495337545167E-15,5.619000619288));
#1005 = DIRECTION('',(0.,4.440892098501E-16,1.));
#1006 = DIRECTION('',(-1.,2.935691229608E-16,-1.30370879852E-31));
#1007 = ADVANCED_FACE('',(#1008),#1028,.T.);
#1008 = FACE_BOUND('',#1009,.T.);
#1009 = EDGE_LOOP('',(#1010,#1019,#1026,#1027));
#1010 = ORIENTED_EDGE('',*,*,#1011,.T.);
#1011 = EDGE_CURVE('',#1012,#1012,#1014,.T.);
#1012 = VERTEX_POINT('',#1013);
#1013 = CARTESIAN_POINT('',(-1.825121878113,3.66565663252E-15,
    5.502883281428));
#1014 = CIRCLE('',#1015,4.365121878113);
#1015 = AXIS2_PLACEMENT_3D('',#1016,#1017,#1018);
#1016 = CARTESIAN_POINT('',(2.54,2.443771088347E-15,5.502883281428));
#1017 = DIRECTION('',(0.,4.440892098501E-16,1.));
#1018 = DIRECTION('',(-1.,2.799201438796E-16,-1.243095155166E-31));
#1019 = ORIENTED_EDGE('',*,*,#1020,.T.);
#1020 = EDGE_CURVE('',#1012,#987,#1021,.T.);
#1021 = CIRCLE('',#1022,0.116121641734);
#1022 = AXIS2_PLACEMENT_3D('',#1023,#1024,#1025);
#1023 = CARTESIAN_POINT('',(-1.826121641734,3.74300631775E-15,
    5.619000619288));
#1024 = DIRECTION('',(0.,-1.,6.661338147751E-16));
#1025 = DIRECTION('',(1.,0.,0.));
#1026 = ORIENTED_EDGE('',*,*,#986,.F.);
#1027 = ORIENTED_EDGE('',*,*,#1020,.F.);
#1028 = SURFACE_OF_REVOLUTION('',#1029,#1034);
#1029 = CIRCLE('',#1030,0.116121641734);
#1030 = AXIS2_PLACEMENT_3D('',#1031,#1032,#1033);
#1031 = CARTESIAN_POINT('',(-1.826121641734,3.74300631775E-15,
    5.619000619288));
#1032 = DIRECTION('',(0.,-1.,6.661338147751E-16));
#1033 = DIRECTION('',(1.,0.,0.));
#1034 = AXIS1_PLACEMENT('',#1035,#1036);
#1035 = CARTESIAN_POINT('',(2.54,1.13272413671E-15,2.550668));
#1036 = DIRECTION('',(0.,4.440892098501E-16,1.));
#1037 = ADVANCED_FACE('',(#1038),#1075,.T.);
#1038 = FACE_BOUND('',#1039,.T.);
#1039 = EDGE_LOOP('',(#1040,#1048,#1057,#1066,#1073,#1074));
#1040 = ORIENTED_EDGE('',*,*,#1041,.F.);
#1041 = EDGE_CURVE('',#1042,#1012,#1044,.T.);
#1042 = VERTEX_POINT('',#1043);
#1043 = CARTESIAN_POINT('',(-2.16,3.663735981263E-15,5.5));
#1044 = LINE('',#1045,#1046);
#1045 = CARTESIAN_POINT('',(-2.16,3.663735981263E-15,5.5));
#1046 = VECTOR('',#1047,1.);
#1047 = DIRECTION('',(0.999962936504,5.735161377656E-18,
    8.609623547774E-03));
#1048 = ORIENTED_EDGE('',*,*,#1049,.T.);
#1049 = EDGE_CURVE('',#1042,#1050,#1052,.T.);
#1050 = VERTEX_POINT('',#1051);
#1051 = CARTESIAN_POINT('',(-0.465407786869,3.613519618686,5.5));
#1052 = CIRCLE('',#1053,4.7);
#1053 = AXIS2_PLACEMENT_3D('',#1054,#1055,#1056);
#1054 = CARTESIAN_POINT('',(2.54,2.442490654175E-15,5.5));
#1055 = DIRECTION('',(-2.189528850508E-47,4.440892098501E-16,1.));
#1056 = DIRECTION('',(-1.,2.598394312952E-16,-1.153918877318E-31));
#1057 = ORIENTED_EDGE('',*,*,#1058,.T.);
#1058 = EDGE_CURVE('',#1050,#1059,#1061,.T.);
#1059 = VERTEX_POINT('',#1060);
#1060 = CARTESIAN_POINT('',(-1.073519618688,3.005407786866,5.5));
#1061 = CIRCLE('',#1062,4.7);
#1062 = AXIS2_PLACEMENT_3D('',#1063,#1064,#1065);
#1063 = CARTESIAN_POINT('',(2.54,2.442490654175E-15,5.5));
#1064 = DIRECTION('',(-2.189528850508E-47,4.440892098501E-16,1.));
#1065 = DIRECTION('',(-1.,2.598394312952E-16,-1.153918877318E-31));
#1066 = ORIENTED_EDGE('',*,*,#1067,.T.);
#1067 = EDGE_CURVE('',#1059,#1042,#1068,.T.);
#1068 = CIRCLE('',#1069,4.7);
#1069 = AXIS2_PLACEMENT_3D('',#1070,#1071,#1072);
#1070 = CARTESIAN_POINT('',(2.54,2.442490654175E-15,5.5));
#1071 = DIRECTION('',(-2.189528850508E-47,4.440892098501E-16,1.));
#1072 = DIRECTION('',(-1.,2.598394312952E-16,-1.153918877318E-31));
#1073 = ORIENTED_EDGE('',*,*,#1041,.T.);
#1074 = ORIENTED_EDGE('',*,*,#1011,.F.);
#1075 = CONICAL_SURFACE('',#1076,4.7,1.562186596878);
#1076 = AXIS2_PLACEMENT_3D('',#1077,#1078,#1079);
#1077 = CARTESIAN_POINT('',(2.54,2.442490654175E-15,5.5));
#1078 = DIRECTION('',(0.,-4.440892098501E-16,-1.));
#1079 = DIRECTION('',(-1.,2.598394312952E-16,-1.153918877318E-31));
#1080 = ADVANCED_FACE('',(#1081),#1107,.T.);
#1081 = FACE_BOUND('',#1082,.T.);
#1082 = EDGE_LOOP('',(#1083,#1094,#1100,#1101));
#1083 = ORIENTED_EDGE('',*,*,#1084,.T.);
#1084 = EDGE_CURVE('',#1085,#1087,#1089,.T.);
#1085 = VERTEX_POINT('',#1086);
#1086 = CARTESIAN_POINT('',(-1.073519618688,3.005407786866,5.));
#1087 = VERTEX_POINT('',#1088);
#1088 = CARTESIAN_POINT('',(-2.16,3.330669073875E-15,5.));
#1089 = CIRCLE('',#1090,4.7);
#1090 = AXIS2_PLACEMENT_3D('',#1091,#1092,#1093);
#1091 = CARTESIAN_POINT('',(2.54,2.22044604925E-15,5.));
#1092 = DIRECTION('',(0.,4.440892098501E-16,1.));
#1093 = DIRECTION('',(-1.,2.362176648139E-16,-1.049017161198E-31));
#1094 = ORIENTED_EDGE('',*,*,#1095,.T.);
#1095 = EDGE_CURVE('',#1087,#1042,#1096,.T.);
#1096 = LINE('',#1097,#1098);
#1097 = CARTESIAN_POINT('',(-2.16,3.330669073875E-15,5.));
#1098 = VECTOR('',#1099,1.);
#1099 = DIRECTION('',(0.,6.661338147751E-16,1.));
#1100 = ORIENTED_EDGE('',*,*,#1067,.F.);
#1101 = ORIENTED_EDGE('',*,*,#1102,.F.);
#1102 = EDGE_CURVE('',#1085,#1059,#1103,.T.);
#1103 = LINE('',#1104,#1105);
#1104 = CARTESIAN_POINT('',(-1.073519618688,3.005407786866,5.));
#1105 = VECTOR('',#1106,1.);
#1106 = DIRECTION('',(0.,4.440892098501E-16,1.));
#1107 = CYLINDRICAL_SURFACE('',#1108,4.7);
#1108 = AXIS2_PLACEMENT_3D('',#1109,#1110,#1111);
#1109 = CARTESIAN_POINT('',(2.54,2.22044604925E-15,5.));
#1110 = DIRECTION('',(0.,4.440892098501E-16,1.));
#1111 = DIRECTION('',(-1.,2.362176648139E-16,-1.049017161198E-31));
#1112 = ADVANCED_FACE('',(#1113),#1138,.F.);
#1113 = FACE_BOUND('',#1114,.F.);
#1114 = EDGE_LOOP('',(#1115,#1116,#1124,#1132));
#1115 = ORIENTED_EDGE('',*,*,#1058,.T.);
#1116 = ORIENTED_EDGE('',*,*,#1117,.T.);
#1117 = EDGE_CURVE('',#1059,#1118,#1120,.T.);
#1118 = VERTEX_POINT('',#1119);
#1119 = CARTESIAN_POINT('',(-1.794564568675,3.726452736852,5.5));
#1120 = LINE('',#1121,#1122);
#1121 = CARTESIAN_POINT('',(2.23594408409,-0.30405591591,5.5));
#1122 = VECTOR('',#1123,1.);
#1123 = DIRECTION('',(-0.707106781187,0.707106781186,0.));
#1124 = ORIENTED_EDGE('',*,*,#1125,.T.);
#1125 = EDGE_CURVE('',#1118,#1126,#1128,.T.);
#1126 = VERTEX_POINT('',#1127);
#1127 = CARTESIAN_POINT('',(-1.186452736855,4.334564568672,5.5));
#1128 = LINE('',#1129,#1130);
#1129 = CARTESIAN_POINT('',(-1.794564568675,3.726452736852,5.5));
#1130 = VECTOR('',#1131,1.);
#1131 = DIRECTION('',(0.707106781187,0.707106781187,0.));
#1132 = ORIENTED_EDGE('',*,*,#1133,.F.);
#1133 = EDGE_CURVE('',#1050,#1126,#1134,.T.);
#1134 = LINE('',#1135,#1136);
#1135 = CARTESIAN_POINT('',(2.84405591591,0.30405591591,5.5));
#1136 = VECTOR('',#1137,1.);
#1137 = DIRECTION('',(-0.707106781187,0.707106781186,0.));
#1138 = PLANE('',#1139);
#1139 = AXIS2_PLACEMENT_3D('',#1140,#1141,#1142);
#1140 = CARTESIAN_POINT('',(2.23594408409,-0.30405591591,5.5));
#1141 = DIRECTION('',(0.,0.,-1.));
#1142 = DIRECTION('',(-1.,0.,0.));
#1143 = ADVANCED_FACE('',(#1144),#1163,.T.);
#1144 = FACE_BOUND('',#1145,.T.);
#1145 = EDGE_LOOP('',(#1146,#1147,#1156,#1162));
#1146 = ORIENTED_EDGE('',*,*,#1095,.F.);
#1147 = ORIENTED_EDGE('',*,*,#1148,.T.);
#1148 = EDGE_CURVE('',#1087,#1149,#1151,.T.);
#1149 = VERTEX_POINT('',#1150);
#1150 = CARTESIAN_POINT('',(-0.465407786869,3.613519618686,5.));
#1151 = CIRCLE('',#1152,4.7);
#1152 = AXIS2_PLACEMENT_3D('',#1153,#1154,#1155);
#1153 = CARTESIAN_POINT('',(2.54,2.22044604925E-15,5.));
#1154 = DIRECTION('',(0.,4.440892098501E-16,1.));
#1155 = DIRECTION('',(-1.,2.362176648139E-16,-1.049017161198E-31));
#1156 = ORIENTED_EDGE('',*,*,#1157,.T.);
#1157 = EDGE_CURVE('',#1149,#1050,#1158,.T.);
#1158 = LINE('',#1159,#1160);
#1159 = CARTESIAN_POINT('',(-0.465407786869,3.613519618686,5.));
#1160 = VECTOR('',#1161,1.);
#1161 = DIRECTION('',(0.,4.440892098501E-16,1.));
#1162 = ORIENTED_EDGE('',*,*,#1049,.F.);
#1163 = CYLINDRICAL_SURFACE('',#1164,4.7);
#1164 = AXIS2_PLACEMENT_3D('',#1165,#1166,#1167);
#1165 = CARTESIAN_POINT('',(2.54,2.22044604925E-15,5.));
#1166 = DIRECTION('',(0.,4.440892098501E-16,1.));
#1167 = DIRECTION('',(-1.,2.362176648139E-16,-1.049017161198E-31));
#1168 = ADVANCED_FACE('',(#1169,#1195,#1206,#1217),#1228,.F.);
#1169 = FACE_BOUND('',#1170,.T.);
#1170 = EDGE_LOOP('',(#1171,#1172,#1173,#1181,#1189));
#1171 = ORIENTED_EDGE('',*,*,#1148,.F.);
#1172 = ORIENTED_EDGE('',*,*,#1084,.F.);
#1173 = ORIENTED_EDGE('',*,*,#1174,.F.);
#1174 = EDGE_CURVE('',#1175,#1085,#1177,.T.);
#1175 = VERTEX_POINT('',#1176);
#1176 = CARTESIAN_POINT('',(2.23594408409,-0.30405591591,5.));
#1177 = LINE('',#1178,#1179);
#1178 = CARTESIAN_POINT('',(2.23594408409,-0.30405591591,5.));
#1179 = VECTOR('',#1180,1.);
#1180 = DIRECTION('',(-0.707106781187,0.707106781186,0.));
#1181 = ORIENTED_EDGE('',*,*,#1182,.T.);
#1182 = EDGE_CURVE('',#1175,#1183,#1185,.T.);
#1183 = VERTEX_POINT('',#1184);
#1184 = CARTESIAN_POINT('',(2.84405591591,0.30405591591,5.));
#1185 = LINE('',#1186,#1187);
#1186 = CARTESIAN_POINT('',(2.23594408409,-0.30405591591,5.));
#1187 = VECTOR('',#1188,1.);
#1188 = DIRECTION('',(0.707106781187,0.707106781187,0.));
#1189 = ORIENTED_EDGE('',*,*,#1190,.T.);
#1190 = EDGE_CURVE('',#1183,#1149,#1191,.T.);
#1191 = LINE('',#1192,#1193);
#1192 = CARTESIAN_POINT('',(2.84405591591,0.30405591591,5.));
#1193 = VECTOR('',#1194,1.);
#1194 = DIRECTION('',(-0.707106781187,0.707106781186,0.));
#1195 = FACE_BOUND('',#1196,.T.);
#1196 = EDGE_LOOP('',(#1197));
#1197 = ORIENTED_EDGE('',*,*,#1198,.T.);
#1198 = EDGE_CURVE('',#1199,#1199,#1201,.T.);
#1199 = VERTEX_POINT('',#1200);
#1200 = CARTESIAN_POINT('',(2.78,-2.54,5.));
#1201 = CIRCLE('',#1202,0.24);
#1202 = AXIS2_PLACEMENT_3D('',#1203,#1204,#1205);
#1203 = CARTESIAN_POINT('',(2.54,-2.54,5.));
#1204 = DIRECTION('',(0.,0.,1.));
#1205 = DIRECTION('',(1.,0.,-0.));
#1206 = FACE_BOUND('',#1207,.T.);
#1207 = EDGE_LOOP('',(#1208));
#1208 = ORIENTED_EDGE('',*,*,#1209,.T.);
#1209 = EDGE_CURVE('',#1210,#1210,#1212,.T.);
#1210 = VERTEX_POINT('',#1211);
#1211 = CARTESIAN_POINT('',(0.24,0.,5.));
#1212 = CIRCLE('',#1213,0.24);
#1213 = AXIS2_PLACEMENT_3D('',#1214,#1215,#1216);
#1214 = CARTESIAN_POINT('',(0.,0.,5.));
#1215 = DIRECTION('',(0.,0.,1.));
#1216 = DIRECTION('',(1.,0.,-0.));
#1217 = FACE_BOUND('',#1218,.T.);
#1218 = EDGE_LOOP('',(#1219));
#1219 = ORIENTED_EDGE('',*,*,#1220,.T.);
#1220 = EDGE_CURVE('',#1221,#1221,#1223,.T.);
#1221 = VERTEX_POINT('',#1222);
#1222 = CARTESIAN_POINT('',(5.32,0.,5.));
#1223 = CIRCLE('',#1224,0.24);
#1224 = AXIS2_PLACEMENT_3D('',#1225,#1226,#1227);
#1225 = CARTESIAN_POINT('',(5.08,0.,5.));
#1226 = DIRECTION('',(0.,0.,1.));
#1227 = DIRECTION('',(1.,0.,-0.));
#1228 = PLANE('',#1229);
#1229 = AXIS2_PLACEMENT_3D('',#1230,#1231,#1232);
#1230 = CARTESIAN_POINT('',(2.54,2.22044604925E-15,5.));
#1231 = DIRECTION('',(0.,4.440892098501E-16,1.));
#1232 = DIRECTION('',(-1.,2.362176648139E-16,-1.049017161198E-31));
#1233 = ADVANCED_FACE('',(#1234),#1252,.T.);
#1234 = FACE_BOUND('',#1235,.T.);
#1235 = EDGE_LOOP('',(#1236,#1244,#1245,#1246));
#1236 = ORIENTED_EDGE('',*,*,#1237,.F.);
#1237 = EDGE_CURVE('',#1085,#1238,#1240,.T.);
#1238 = VERTEX_POINT('',#1239);
#1239 = CARTESIAN_POINT('',(-1.794564568675,3.726452736852,5.));
#1240 = LINE('',#1241,#1242);
#1241 = CARTESIAN_POINT('',(2.23594408409,-0.30405591591,5.));
#1242 = VECTOR('',#1243,1.);
#1243 = DIRECTION('',(-0.707106781187,0.707106781186,0.));
#1244 = ORIENTED_EDGE('',*,*,#1102,.T.);
#1245 = ORIENTED_EDGE('',*,*,#1117,.T.);
#1246 = ORIENTED_EDGE('',*,*,#1247,.F.);
#1247 = EDGE_CURVE('',#1238,#1118,#1248,.T.);
#1248 = LINE('',#1249,#1250);
#1249 = CARTESIAN_POINT('',(-1.794564568675,3.726452736852,5.));
#1250 = VECTOR('',#1251,1.);
#1251 = DIRECTION('',(0.,0.,1.));
#1252 = PLANE('',#1253);
#1253 = AXIS2_PLACEMENT_3D('',#1254,#1255,#1256);
#1254 = CARTESIAN_POINT('',(2.23594408409,-0.30405591591,5.));
#1255 = DIRECTION('',(-0.707106781186,-0.707106781187,0.));
#1256 = DIRECTION('',(-0.707106781187,0.707106781186,0.));
#1257 = ADVANCED_FACE('',(#1258),#1276,.F.);
#1258 = FACE_BOUND('',#1259,.F.);
#1259 = EDGE_LOOP('',(#1260,#1268,#1269,#1270));
#1260 = ORIENTED_EDGE('',*,*,#1261,.F.);
#1261 = EDGE_CURVE('',#1149,#1262,#1264,.T.);
#1262 = VERTEX_POINT('',#1263);
#1263 = CARTESIAN_POINT('',(-1.186452736855,4.334564568672,5.));
#1264 = LINE('',#1265,#1266);
#1265 = CARTESIAN_POINT('',(2.84405591591,0.30405591591,5.));
#1266 = VECTOR('',#1267,1.);
#1267 = DIRECTION('',(-0.707106781187,0.707106781186,0.));
#1268 = ORIENTED_EDGE('',*,*,#1157,.T.);
#1269 = ORIENTED_EDGE('',*,*,#1133,.T.);
#1270 = ORIENTED_EDGE('',*,*,#1271,.F.);
#1271 = EDGE_CURVE('',#1262,#1126,#1272,.T.);
#1272 = LINE('',#1273,#1274);
#1273 = CARTESIAN_POINT('',(-1.186452736855,4.334564568672,5.));
#1274 = VECTOR('',#1275,1.);
#1275 = DIRECTION('',(0.,0.,1.));
#1276 = PLANE('',#1277);
#1277 = AXIS2_PLACEMENT_3D('',#1278,#1279,#1280);
#1278 = CARTESIAN_POINT('',(2.84405591591,0.30405591591,5.));
#1279 = DIRECTION('',(-0.707106781186,-0.707106781187,0.));
#1280 = DIRECTION('',(-0.707106781187,0.707106781186,0.));
#1281 = ADVANCED_FACE('',(#1282),#1293,.T.);
#1282 = FACE_BOUND('',#1283,.T.);
#1283 = EDGE_LOOP('',(#1284,#1285,#1286,#1287));
#1284 = ORIENTED_EDGE('',*,*,#1247,.T.);
#1285 = ORIENTED_EDGE('',*,*,#1125,.T.);
#1286 = ORIENTED_EDGE('',*,*,#1271,.F.);
#1287 = ORIENTED_EDGE('',*,*,#1288,.F.);
#1288 = EDGE_CURVE('',#1238,#1262,#1289,.T.);
#1289 = LINE('',#1290,#1291);
#1290 = CARTESIAN_POINT('',(-1.794564568675,3.726452736852,5.));
#1291 = VECTOR('',#1292,1.);
#1292 = DIRECTION('',(0.707106781187,0.707106781187,0.));
#1293 = PLANE('',#1294);
#1294 = AXIS2_PLACEMENT_3D('',#1295,#1296,#1297);
#1295 = CARTESIAN_POINT('',(-1.794564568675,3.726452736852,5.));
#1296 = DIRECTION('',(-0.707106781187,0.707106781187,0.));
#1297 = DIRECTION('',(0.707106781187,0.707106781187,0.));
#1298 = ADVANCED_FACE('',(#1299),#1311,.T.);
#1299 = FACE_BOUND('',#1300,.T.);
#1300 = EDGE_LOOP('',(#1301,#1302,#1303,#1310));
#1301 = ORIENTED_EDGE('',*,*,#1182,.F.);
#1302 = ORIENTED_EDGE('',*,*,#1174,.T.);
#1303 = ORIENTED_EDGE('',*,*,#1304,.F.);
#1304 = EDGE_CURVE('',#1149,#1085,#1305,.T.);
#1305 = CIRCLE('',#1306,4.7);
#1306 = AXIS2_PLACEMENT_3D('',#1307,#1308,#1309);
#1307 = CARTESIAN_POINT('',(2.54,2.22044604925E-15,5.));
#1308 = DIRECTION('',(0.,4.440892098501E-16,1.));
#1309 = DIRECTION('',(-1.,2.362176648139E-16,-1.049017161198E-31));
#1310 = ORIENTED_EDGE('',*,*,#1190,.F.);
#1311 = PLANE('',#1312);
#1312 = AXIS2_PLACEMENT_3D('',#1313,#1314,#1315);
#1313 = CARTESIAN_POINT('',(2.23594408409,-0.30405591591,5.));
#1314 = DIRECTION('',(0.,0.,-1.));
#1315 = DIRECTION('',(-1.,0.,0.));
#1316 = ADVANCED_FACE('',(#1317),#1336,.T.);
#1317 = FACE_BOUND('',#1318,.T.);
#1318 = EDGE_LOOP('',(#1319,#1320,#1328,#1335));
#1319 = ORIENTED_EDGE('',*,*,#1198,.F.);
#1320 = ORIENTED_EDGE('',*,*,#1321,.T.);
#1321 = EDGE_CURVE('',#1199,#1322,#1324,.T.);
#1322 = VERTEX_POINT('',#1323);
#1323 = CARTESIAN_POINT('',(2.78,-2.54,-5.));
#1324 = LINE('',#1325,#1326);
#1325 = CARTESIAN_POINT('',(2.78,-2.54,5.));
#1326 = VECTOR('',#1327,1.);
#1327 = DIRECTION('',(-0.,-0.,-1.));
#1328 = ORIENTED_EDGE('',*,*,#1329,.T.);
#1329 = EDGE_CURVE('',#1322,#1322,#1330,.T.);
#1330 = CIRCLE('',#1331,0.24);
#1331 = AXIS2_PLACEMENT_3D('',#1332,#1333,#1334);
#1332 = CARTESIAN_POINT('',(2.54,-2.54,-5.));
#1333 = DIRECTION('',(0.,0.,1.));
#1334 = DIRECTION('',(1.,0.,-0.));
#1335 = ORIENTED_EDGE('',*,*,#1321,.F.);
#1336 = CYLINDRICAL_SURFACE('',#1337,0.24);
#1337 = AXIS2_PLACEMENT_3D('',#1338,#1339,#1340);
#1338 = CARTESIAN_POINT('',(2.54,-2.54,5.));
#1339 = DIRECTION('',(0.,0.,1.));
#1340 = DIRECTION('',(1.,0.,-0.));
#1341 = ADVANCED_FACE('',(#1342),#1361,.T.);
#1342 = FACE_BOUND('',#1343,.T.);
#1343 = EDGE_LOOP('',(#1344,#1345,#1353,#1360));
#1344 = ORIENTED_EDGE('',*,*,#1209,.F.);
#1345 = ORIENTED_EDGE('',*,*,#1346,.T.);
#1346 = EDGE_CURVE('',#1210,#1347,#1349,.T.);
#1347 = VERTEX_POINT('',#1348);
#1348 = CARTESIAN_POINT('',(0.24,0.,-5.));
#1349 = LINE('',#1350,#1351);
#1350 = CARTESIAN_POINT('',(0.24,0.,5.));
#1351 = VECTOR('',#1352,1.);
#1352 = DIRECTION('',(-0.,-0.,-1.));
#1353 = ORIENTED_EDGE('',*,*,#1354,.T.);
#1354 = EDGE_CURVE('',#1347,#1347,#1355,.T.);
#1355 = CIRCLE('',#1356,0.24);
#1356 = AXIS2_PLACEMENT_3D('',#1357,#1358,#1359);
#1357 = CARTESIAN_POINT('',(0.,0.,-5.));
#1358 = DIRECTION('',(0.,0.,1.));
#1359 = DIRECTION('',(1.,0.,-0.));
#1360 = ORIENTED_EDGE('',*,*,#1346,.F.);
#1361 = CYLINDRICAL_SURFACE('',#1362,0.24);
#1362 = AXIS2_PLACEMENT_3D('',#1363,#1364,#1365);
#1363 = CARTESIAN_POINT('',(0.,0.,5.));
#1364 = DIRECTION('',(0.,0.,1.));
#1365 = DIRECTION('',(1.,0.,-0.));
#1366 = ADVANCED_FACE('',(#1367),#1386,.T.);
#1367 = FACE_BOUND('',#1368,.T.);
#1368 = EDGE_LOOP('',(#1369,#1370,#1378,#1385));
#1369 = ORIENTED_EDGE('',*,*,#1220,.F.);
#1370 = ORIENTED_EDGE('',*,*,#1371,.T.);
#1371 = EDGE_CURVE('',#1221,#1372,#1374,.T.);
#1372 = VERTEX_POINT('',#1373);
#1373 = CARTESIAN_POINT('',(5.32,0.,-5.));
#1374 = LINE('',#1375,#1376);
#1375 = CARTESIAN_POINT('',(5.32,0.,5.));
#1376 = VECTOR('',#1377,1.);
#1377 = DIRECTION('',(-0.,-0.,-1.));
#1378 = ORIENTED_EDGE('',*,*,#1379,.T.);
#1379 = EDGE_CURVE('',#1372,#1372,#1380,.T.);
#1380 = CIRCLE('',#1381,0.24);
#1381 = AXIS2_PLACEMENT_3D('',#1382,#1383,#1384);
#1382 = CARTESIAN_POINT('',(5.08,0.,-5.));
#1383 = DIRECTION('',(0.,0.,1.));
#1384 = DIRECTION('',(1.,0.,-0.));
#1385 = ORIENTED_EDGE('',*,*,#1371,.F.);
#1386 = CYLINDRICAL_SURFACE('',#1387,0.24);
#1387 = AXIS2_PLACEMENT_3D('',#1388,#1389,#1390);
#1388 = CARTESIAN_POINT('',(5.08,0.,5.));
#1389 = DIRECTION('',(0.,0.,1.));
#1390 = DIRECTION('',(1.,0.,-0.));
#1391 = ADVANCED_FACE('',(#1392),#1398,.T.);
#1392 = FACE_BOUND('',#1393,.T.);
#1393 = EDGE_LOOP('',(#1394,#1395,#1396,#1397));
#1394 = ORIENTED_EDGE('',*,*,#1304,.T.);
#1395 = ORIENTED_EDGE('',*,*,#1237,.T.);
#1396 = ORIENTED_EDGE('',*,*,#1288,.T.);
#1397 = ORIENTED_EDGE('',*,*,#1261,.F.);
#1398 = PLANE('',#1399);
#1399 = AXIS2_PLACEMENT_3D('',#1400,#1401,#1402);
#1400 = CARTESIAN_POINT('',(2.23594408409,-0.30405591591,5.));
#1401 = DIRECTION('',(0.,0.,-1.));
#1402 = DIRECTION('',(-1.,0.,0.));
#1403 = ADVANCED_FACE('',(#1404),#1407,.T.);
#1404 = FACE_BOUND('',#1405,.F.);
#1405 = EDGE_LOOP('',(#1406));
#1406 = ORIENTED_EDGE('',*,*,#1329,.T.);
#1407 = PLANE('',#1408);
#1408 = AXIS2_PLACEMENT_3D('',#1409,#1410,#1411);
#1409 = CARTESIAN_POINT('',(2.78,-2.54,-5.));
#1410 = DIRECTION('',(0.,0.,-1.));
#1411 = DIRECTION('',(-1.,0.,0.));
#1412 = ADVANCED_FACE('',(#1413),#1416,.T.);
#1413 = FACE_BOUND('',#1414,.F.);
#1414 = EDGE_LOOP('',(#1415));
#1415 = ORIENTED_EDGE('',*,*,#1354,.T.);
#1416 = PLANE('',#1417);
#1417 = AXIS2_PLACEMENT_3D('',#1418,#1419,#1420);
#1418 = CARTESIAN_POINT('',(0.24,0.,-5.));
#1419 = DIRECTION('',(0.,0.,-1.));
#1420 = DIRECTION('',(-1.,0.,0.));
#1421 = ADVANCED_FACE('',(#1422),#1425,.T.);
#1422 = FACE_BOUND('',#1423,.F.);
#1423 = EDGE_LOOP('',(#1424));
#1424 = ORIENTED_EDGE('',*,*,#1379,.T.);
#1425 = PLANE('',#1426);
#1426 = AXIS2_PLACEMENT_3D('',#1427,#1428,#1429);
#1427 = CARTESIAN_POINT('',(5.32,0.,-5.));
#1428 = DIRECTION('',(0.,0.,-1.));
#1429 = DIRECTION('',(-1.,0.,0.));
#1430 = ( GEOMETRIC_REPRESENTATION_CONTEXT(3) 
GLOBAL_UNCERTAINTY_ASSIGNED_CONTEXT((#1434)) 
GLOBAL_UNIT_ASSIGNED_CONTEXT((#1431,#1432,#1433)) REPRESENTATION_CONTEXT
('Context #1','3D Context with UNIT and UNCERTAINTY') );
#1431 = ( LENGTH_UNIT() NAMED_UNIT(*) SI_UNIT(.MILLI.,.METRE.) );
#1432 = ( NAMED_UNIT(*) PLANE_ANGLE_UNIT() SI_UNIT($,.RADIAN.) );
#1433 = ( NAMED_UNIT(*) SI_UNIT($,.STERADIAN.) SOLID_ANGLE_UNIT() );
#1434 = UNCERTAINTY_MEASURE_WITH_UNIT(LENGTH_MEASURE(1.E-07),#1431,
  'distance_accuracy_value','confusion accuracy');
#1435 = CONTEXT_DEPENDENT_SHAPE_REPRESENTATION(#1436,#1438);
#1436 = ( REPRESENTATION_RELATIONSHIP('','',#932,#909) 
REPRESENTATION_RELATIONSHIP_WITH_TRANSFORMATION(#1437) 
SHAPE_REPRESENTATION_RELATIONSHIP() );
#1437 = ITEM_DEFINED_TRANSFORMATION('','',#11,#910);
#1438 = PRODUCT_DEFINITION_SHAPE('Placement','Placement of an item',
  #1439);
#1439 = NEXT_ASSEMBLY_USAGE_OCCURRENCE('6','=>[0:1:1:7]','',#904,#927,$
  );
#1440 = PRODUCT_RELATED_PRODUCT_CATEGORY('part',$,(#929));
#1441 = CONTEXT_DEPENDENT_SHAPE_REPRESENTATION(#1442,#1444);
#1442 = ( REPRESENTATION_RELATIONSHIP('','',#509,#10) 
REPRESENTATION_RELATIONSHIP_WITH_TRANSFORMATION(#1443) 
SHAPE_REPRESENTATION_RELATIONSHIP() );
#1443 = ITEM_DEFINED_TRANSFORMATION('','',#11,#31);
#1444 = PRODUCT_DEFINITION_SHAPE('Placement','Placement of an item',
  #1445);
#1445 = NEXT_ASSEMBLY_USAGE_OCCURRENCE('8','C3','',#5,#504,$);
#1446 = CONTEXT_DEPENDENT_SHAPE_REPRESENTATION(#1447,#1449);
#1447 = ( REPRESENTATION_RELATIONSHIP('','',#80,#10) 
REPRESENTATION_RELATIONSHIP_WITH_TRANSFORMATION(#1448) 
SHAPE_REPRESENTATION_RELATIONSHIP() );
#1448 = ITEM_DEFINED_TRANSFORMATION('','',#11,#35);
#1449 = PRODUCT_DEFINITION_SHAPE('Placement','Placement of an item',
  #1450);
#1450 = NEXT_ASSEMBLY_USAGE_OCCURRENCE('9','R5','',#5,#75,$);
#1451 = CONTEXT_DEPENDENT_SHAPE_REPRESENTATION(#1452,#1454);
#1452 = ( REPRESENTATION_RELATIONSHIP('','',#509,#10) 
REPRESENTATION_RELATIONSHIP_WITH_TRANSFORMATION(#1453) 
SHAPE_REPRESENTATION_RELATIONSHIP() );
#1453 = ITEM_DEFINED_TRANSFORMATION('','',#11,#39);
#1454 = PRODUCT_DEFINITION_SHAPE('Placement','Placement of an item',
  #1455);
#1455 = NEXT_ASSEMBLY_USAGE_OCCURRENCE('10','C1','',#5,#504,$);
#1456 = SHAPE_DEFINITION_REPRESENTATION(#1457,#1463);
#1457 = PRODUCT_DEFINITION_SHAPE('','',#1458);
#1458 = PRODUCT_DEFINITION('design','',#1459,#1462);
#1459 = PRODUCT_DEFINITION_FORMATION('','',#1460);
#1460 = PRODUCT('C_0402_1005Metric','C_0402_1005Metric','',(#1461));
#1461 = PRODUCT_CONTEXT('',#2,'mechanical');
#1462 = PRODUCT_DEFINITION_CONTEXT('part definition',#2,'design');
#1463 = SHAPE_REPRESENTATION('',(#11,#1464),#1468);
#1464 = AXIS2_PLACEMENT_3D('',#1465,#1466,#1467);
#1465 = CARTESIAN_POINT('',(0.,0.,0.));
#1466 = DIRECTION('',(0.,0.,1.));
#1467 = DIRECTION('',(1.,0.,-0.));
#1468 = ( GEOMETRIC_REPRESENTATION_CONTEXT(3) 
GLOBAL_UNCERTAINTY_ASSIGNED_CONTEXT((#1472)) 
GLOBAL_UNIT_ASSIGNED_CONTEXT((#1469,#1470,#1471)) REPRESENTATION_CONTEXT
('Context #1','3D Context with UNIT and UNCERTAINTY') );
#1469 = ( LENGTH_UNIT() NAMED_UNIT(*) SI_UNIT(.MILLI.,.METRE.) );
#1470 = ( NAMED_UNIT(*) PLANE_ANGLE_UNIT() SI_UNIT($,.RADIAN.) );
#1471 = ( NAMED_UNIT(*) SI_UNIT($,.STERADIAN.) SOLID_ANGLE_UNIT() );
#1472 = UNCERTAINTY_MEASURE_WITH_UNIT(LENGTH_MEASURE(1.E-07),#1469,
  'distance_accuracy_value','confusion accuracy');
#1473 = CONTEXT_DEPENDENT_SHAPE_REPRESENTATION(#1474,#1476);
#1474 = ( REPRESENTATION_RELATIONSHIP('','',#1463,#10) 
REPRESENTATION_RELATIONSHIP_WITH_TRANSFORMATION(#1475) 
SHAPE_REPRESENTATION_RELATIONSHIP() );
#1475 = ITEM_DEFINED_TRANSFORMATION('','',#11,#43);
#1476 = PRODUCT_DEFINITION_SHAPE('Placement','Placement of an item',
  #1477);
#1477 = NEXT_ASSEMBLY_USAGE_OCCURRENCE('12','C4','',#5,#1458,$);
#1478 = PRODUCT_RELATED_PRODUCT_CATEGORY('part',$,(#1460));
#1479 = SHAPE_DEFINITION_REPRESENTATION(#1480,#1486);
#1480 = PRODUCT_DEFINITION_SHAPE('','',#1481);
#1481 = PRODUCT_DEFINITION('design','',#1482,#1485);
#1482 = PRODUCT_DEFINITION_FORMATION('','',#1483);
#1483 = PRODUCT('C_0402_1005Metric','C_0402_1005Metric','',(#1484));
#1484 = PRODUCT_CONTEXT('',#2,'mechanical');
#1485 = PRODUCT_DEFINITION_CONTEXT('part definition',#2,'design');
#1486 = ADVANCED_BREP_SHAPE_REPRESENTATION('',(#11,#1487),#2341);
#1487 = MANIFOLD_SOLID_BREP('',#1488);
#1488 = CLOSED_SHELL('',(#1489,#1565,#1596,#1621,#1646,#1670,#1694,#1719
    ,#1744,#1761,#1847,#1879,#1903,#1928,#1952,#1977,#2001,#2026,#2043,
    #2129,#2160,#2185,#2210,#2234,#2258,#2283,#2308,#2325));
#1489 = ADVANCED_FACE('',(#1490),#1560,.F.);
#1490 = FACE_BOUND('',#1491,.F.);
#1491 = EDGE_LOOP('',(#1492,#1502,#1511,#1519,#1528,#1536,#1545,#1553));
#1492 = ORIENTED_EDGE('',*,*,#1493,.F.);
#1493 = EDGE_CURVE('',#1494,#1496,#1498,.T.);
#1494 = VERTEX_POINT('',#1495);
#1495 = CARTESIAN_POINT('',(-0.5,-0.25,2.E-02));
#1496 = VERTEX_POINT('',#1497);
#1497 = CARTESIAN_POINT('',(-0.5,-0.25,0.48));
#1498 = LINE('',#1499,#1500);
#1499 = CARTESIAN_POINT('',(-0.5,-0.25,0.));
#1500 = VECTOR('',#1501,1.);
#1501 = DIRECTION('',(0.,0.,1.));
#1502 = ORIENTED_EDGE('',*,*,#1503,.T.);
#1503 = EDGE_CURVE('',#1494,#1504,#1506,.T.);
#1504 = VERTEX_POINT('',#1505);
#1505 = CARTESIAN_POINT('',(-0.5,-0.23,0.));
#1506 = CIRCLE('',#1507,2.E-02);
#1507 = AXIS2_PLACEMENT_3D('',#1508,#1509,#1510);
#1508 = CARTESIAN_POINT('',(-0.5,-0.23,2.E-02));
#1509 = DIRECTION('',(1.,0.,-0.));
#1510 = DIRECTION('',(0.,0.,1.));
#1511 = ORIENTED_EDGE('',*,*,#1512,.T.);
#1512 = EDGE_CURVE('',#1504,#1513,#1515,.T.);
#1513 = VERTEX_POINT('',#1514);
#1514 = CARTESIAN_POINT('',(-0.5,0.23,0.));
#1515 = LINE('',#1516,#1517);
#1516 = CARTESIAN_POINT('',(-0.5,-0.25,0.));
#1517 = VECTOR('',#1518,1.);
#1518 = DIRECTION('',(0.,1.,0.));
#1519 = ORIENTED_EDGE('',*,*,#1520,.F.);
#1520 = EDGE_CURVE('',#1521,#1513,#1523,.T.);
#1521 = VERTEX_POINT('',#1522);
#1522 = CARTESIAN_POINT('',(-0.5,0.25,2.E-02));
#1523 = CIRCLE('',#1524,2.E-02);
#1524 = AXIS2_PLACEMENT_3D('',#1525,#1526,#1527);
#1525 = CARTESIAN_POINT('',(-0.5,0.23,2.E-02));
#1526 = DIRECTION('',(-1.,0.,0.));
#1527 = DIRECTION('',(0.,0.,1.));
#1528 = ORIENTED_EDGE('',*,*,#1529,.T.);
#1529 = EDGE_CURVE('',#1521,#1530,#1532,.T.);
#1530 = VERTEX_POINT('',#1531);
#1531 = CARTESIAN_POINT('',(-0.5,0.25,0.48));
#1532 = LINE('',#1533,#1534);
#1533 = CARTESIAN_POINT('',(-0.5,0.25,0.));
#1534 = VECTOR('',#1535,1.);
#1535 = DIRECTION('',(0.,0.,1.));
#1536 = ORIENTED_EDGE('',*,*,#1537,.T.);
#1537 = EDGE_CURVE('',#1530,#1538,#1540,.T.);
#1538 = VERTEX_POINT('',#1539);
#1539 = CARTESIAN_POINT('',(-0.5,0.23,0.5));
#1540 = CIRCLE('',#1541,2.E-02);
#1541 = AXIS2_PLACEMENT_3D('',#1542,#1543,#1544);
#1542 = CARTESIAN_POINT('',(-0.5,0.23,0.48));
#1543 = DIRECTION('',(1.,0.,-0.));
#1544 = DIRECTION('',(0.,0.,1.));
#1545 = ORIENTED_EDGE('',*,*,#1546,.F.);
#1546 = EDGE_CURVE('',#1547,#1538,#1549,.T.);
#1547 = VERTEX_POINT('',#1548);
#1548 = CARTESIAN_POINT('',(-0.5,-0.23,0.5));
#1549 = LINE('',#1550,#1551);
#1550 = CARTESIAN_POINT('',(-0.5,-0.25,0.5));
#1551 = VECTOR('',#1552,1.);
#1552 = DIRECTION('',(0.,1.,0.));
#1553 = ORIENTED_EDGE('',*,*,#1554,.F.);
#1554 = EDGE_CURVE('',#1496,#1547,#1555,.T.);
#1555 = CIRCLE('',#1556,2.E-02);
#1556 = AXIS2_PLACEMENT_3D('',#1557,#1558,#1559);
#1557 = CARTESIAN_POINT('',(-0.5,-0.23,0.48));
#1558 = DIRECTION('',(-1.,0.,0.));
#1559 = DIRECTION('',(0.,0.,1.));
#1560 = PLANE('',#1561);
#1561 = AXIS2_PLACEMENT_3D('',#1562,#1563,#1564);
#1562 = CARTESIAN_POINT('',(-0.5,-0.25,0.));
#1563 = DIRECTION('',(1.,0.,0.));
#1564 = DIRECTION('',(0.,0.,1.));
#1565 = ADVANCED_FACE('',(#1566),#1591,.F.);
#1566 = FACE_BOUND('',#1567,.F.);
#1567 = EDGE_LOOP('',(#1568,#1578,#1584,#1585));
#1568 = ORIENTED_EDGE('',*,*,#1569,.F.);
#1569 = EDGE_CURVE('',#1570,#1572,#1574,.T.);
#1570 = VERTEX_POINT('',#1571);
#1571 = CARTESIAN_POINT('',(-0.3,-0.25,2.E-02));
#1572 = VERTEX_POINT('',#1573);
#1573 = CARTESIAN_POINT('',(-0.3,-0.25,0.48));
#1574 = LINE('',#1575,#1576);
#1575 = CARTESIAN_POINT('',(-0.3,-0.25,0.));
#1576 = VECTOR('',#1577,1.);
#1577 = DIRECTION('',(0.,0.,1.));
#1578 = ORIENTED_EDGE('',*,*,#1579,.F.);
#1579 = EDGE_CURVE('',#1494,#1570,#1580,.T.);
#1580 = LINE('',#1581,#1582);
#1581 = CARTESIAN_POINT('',(-0.5,-0.25,2.E-02));
#1582 = VECTOR('',#1583,1.);
#1583 = DIRECTION('',(1.,0.,0.));
#1584 = ORIENTED_EDGE('',*,*,#1493,.T.);
#1585 = ORIENTED_EDGE('',*,*,#1586,.T.);
#1586 = EDGE_CURVE('',#1496,#1572,#1587,.T.);
#1587 = LINE('',#1588,#1589);
#1588 = CARTESIAN_POINT('',(-0.5,-0.25,0.48));
#1589 = VECTOR('',#1590,1.);
#1590 = DIRECTION('',(1.,0.,0.));
#1591 = PLANE('',#1592);
#1592 = AXIS2_PLACEMENT_3D('',#1593,#1594,#1595);
#1593 = CARTESIAN_POINT('',(-0.5,-0.25,0.));
#1594 = DIRECTION('',(0.,1.,0.));
#1595 = DIRECTION('',(0.,-0.,1.));
#1596 = ADVANCED_FACE('',(#1597),#1616,.T.);
#1597 = FACE_BOUND('',#1598,.T.);
#1598 = EDGE_LOOP('',(#1599,#1600,#1608,#1615));
#1599 = ORIENTED_EDGE('',*,*,#1503,.T.);
#1600 = ORIENTED_EDGE('',*,*,#1601,.T.);
#1601 = EDGE_CURVE('',#1504,#1602,#1604,.T.);
#1602 = VERTEX_POINT('',#1603);
#1603 = CARTESIAN_POINT('',(-0.3,-0.23,0.));
#1604 = LINE('',#1605,#1606);
#1605 = CARTESIAN_POINT('',(-0.5,-0.23,0.));
#1606 = VECTOR('',#1607,1.);
#1607 = DIRECTION('',(1.,0.,0.));
#1608 = ORIENTED_EDGE('',*,*,#1609,.F.);
#1609 = EDGE_CURVE('',#1570,#1602,#1610,.T.);
#1610 = CIRCLE('',#1611,2.E-02);
#1611 = AXIS2_PLACEMENT_3D('',#1612,#1613,#1614);
#1612 = CARTESIAN_POINT('',(-0.3,-0.23,2.E-02));
#1613 = DIRECTION('',(1.,0.,-0.));
#1614 = DIRECTION('',(0.,0.,1.));
#1615 = ORIENTED_EDGE('',*,*,#1579,.F.);
#1616 = CYLINDRICAL_SURFACE('',#1617,2.E-02);
#1617 = AXIS2_PLACEMENT_3D('',#1618,#1619,#1620);
#1618 = CARTESIAN_POINT('',(-0.5,-0.23,2.E-02));
#1619 = DIRECTION('',(1.,0.,0.));
#1620 = DIRECTION('',(0.,-1.,0.));
#1621 = ADVANCED_FACE('',(#1622),#1641,.T.);
#1622 = FACE_BOUND('',#1623,.T.);
#1623 = EDGE_LOOP('',(#1624,#1625,#1634,#1640));
#1624 = ORIENTED_EDGE('',*,*,#1586,.T.);
#1625 = ORIENTED_EDGE('',*,*,#1626,.T.);
#1626 = EDGE_CURVE('',#1572,#1627,#1629,.T.);
#1627 = VERTEX_POINT('',#1628);
#1628 = CARTESIAN_POINT('',(-0.3,-0.23,0.5));
#1629 = CIRCLE('',#1630,2.E-02);
#1630 = AXIS2_PLACEMENT_3D('',#1631,#1632,#1633);
#1631 = CARTESIAN_POINT('',(-0.3,-0.23,0.48));
#1632 = DIRECTION('',(-1.,0.,0.));
#1633 = DIRECTION('',(0.,0.,1.));
#1634 = ORIENTED_EDGE('',*,*,#1635,.F.);
#1635 = EDGE_CURVE('',#1547,#1627,#1636,.T.);
#1636 = LINE('',#1637,#1638);
#1637 = CARTESIAN_POINT('',(-0.5,-0.23,0.5));
#1638 = VECTOR('',#1639,1.);
#1639 = DIRECTION('',(1.,0.,0.));
#1640 = ORIENTED_EDGE('',*,*,#1554,.F.);
#1641 = CYLINDRICAL_SURFACE('',#1642,2.E-02);
#1642 = AXIS2_PLACEMENT_3D('',#1643,#1644,#1645);
#1643 = CARTESIAN_POINT('',(-0.5,-0.23,0.48));
#1644 = DIRECTION('',(1.,0.,0.));
#1645 = DIRECTION('',(0.,-1.,0.));
#1646 = ADVANCED_FACE('',(#1647),#1665,.F.);
#1647 = FACE_BOUND('',#1648,.F.);
#1648 = EDGE_LOOP('',(#1649,#1650,#1651,#1659));
#1649 = ORIENTED_EDGE('',*,*,#1512,.F.);
#1650 = ORIENTED_EDGE('',*,*,#1601,.T.);
#1651 = ORIENTED_EDGE('',*,*,#1652,.T.);
#1652 = EDGE_CURVE('',#1602,#1653,#1655,.T.);
#1653 = VERTEX_POINT('',#1654);
#1654 = CARTESIAN_POINT('',(-0.3,0.23,0.));
#1655 = LINE('',#1656,#1657);
#1656 = CARTESIAN_POINT('',(-0.3,-0.25,0.));
#1657 = VECTOR('',#1658,1.);
#1658 = DIRECTION('',(0.,1.,0.));
#1659 = ORIENTED_EDGE('',*,*,#1660,.F.);
#1660 = EDGE_CURVE('',#1513,#1653,#1661,.T.);
#1661 = LINE('',#1662,#1663);
#1662 = CARTESIAN_POINT('',(-0.5,0.23,0.));
#1663 = VECTOR('',#1664,1.);
#1664 = DIRECTION('',(1.,0.,0.));
#1665 = PLANE('',#1666);
#1666 = AXIS2_PLACEMENT_3D('',#1667,#1668,#1669);
#1667 = CARTESIAN_POINT('',(-0.5,-0.25,0.));
#1668 = DIRECTION('',(0.,0.,1.));
#1669 = DIRECTION('',(1.,0.,-0.));
#1670 = ADVANCED_FACE('',(#1671),#1689,.T.);
#1671 = FACE_BOUND('',#1672,.T.);
#1672 = EDGE_LOOP('',(#1673,#1674,#1675,#1683));
#1673 = ORIENTED_EDGE('',*,*,#1546,.F.);
#1674 = ORIENTED_EDGE('',*,*,#1635,.T.);
#1675 = ORIENTED_EDGE('',*,*,#1676,.T.);
#1676 = EDGE_CURVE('',#1627,#1677,#1679,.T.);
#1677 = VERTEX_POINT('',#1678);
#1678 = CARTESIAN_POINT('',(-0.3,0.23,0.5));
#1679 = LINE('',#1680,#1681);
#1680 = CARTESIAN_POINT('',(-0.3,-0.25,0.5));
#1681 = VECTOR('',#1682,1.);
#1682 = DIRECTION('',(0.,1.,0.));
#1683 = ORIENTED_EDGE('',*,*,#1684,.F.);
#1684 = EDGE_CURVE('',#1538,#1677,#1685,.T.);
#1685 = LINE('',#1686,#1687);
#1686 = CARTESIAN_POINT('',(-0.5,0.23,0.5));
#1687 = VECTOR('',#1688,1.);
#1688 = DIRECTION('',(1.,0.,0.));
#1689 = PLANE('',#1690);
#1690 = AXIS2_PLACEMENT_3D('',#1691,#1692,#1693);
#1691 = CARTESIAN_POINT('',(-0.5,-0.25,0.5));
#1692 = DIRECTION('',(0.,0.,1.));
#1693 = DIRECTION('',(1.,0.,-0.));
#1694 = ADVANCED_FACE('',(#1695),#1714,.T.);
#1695 = FACE_BOUND('',#1696,.T.);
#1696 = EDGE_LOOP('',(#1697,#1705,#1712,#1713));
#1697 = ORIENTED_EDGE('',*,*,#1698,.T.);
#1698 = EDGE_CURVE('',#1521,#1699,#1701,.T.);
#1699 = VERTEX_POINT('',#1700);
#1700 = CARTESIAN_POINT('',(-0.3,0.25,2.E-02));
#1701 = LINE('',#1702,#1703);
#1702 = CARTESIAN_POINT('',(-0.5,0.25,2.E-02));
#1703 = VECTOR('',#1704,1.);
#1704 = DIRECTION('',(1.,0.,0.));
#1705 = ORIENTED_EDGE('',*,*,#1706,.T.);
#1706 = EDGE_CURVE('',#1699,#1653,#1707,.T.);
#1707 = CIRCLE('',#1708,2.E-02);
#1708 = AXIS2_PLACEMENT_3D('',#1709,#1710,#1711);
#1709 = CARTESIAN_POINT('',(-0.3,0.23,2.E-02));
#1710 = DIRECTION('',(-1.,0.,0.));
#1711 = DIRECTION('',(0.,0.,1.));
#1712 = ORIENTED_EDGE('',*,*,#1660,.F.);
#1713 = ORIENTED_EDGE('',*,*,#1520,.F.);
#1714 = CYLINDRICAL_SURFACE('',#1715,2.E-02);
#1715 = AXIS2_PLACEMENT_3D('',#1716,#1717,#1718);
#1716 = CARTESIAN_POINT('',(-0.5,0.23,2.E-02));
#1717 = DIRECTION('',(1.,0.,0.));
#1718 = DIRECTION('',(-0.,1.,0.));
#1719 = ADVANCED_FACE('',(#1720),#1739,.T.);
#1720 = FACE_BOUND('',#1721,.T.);
#1721 = EDGE_LOOP('',(#1722,#1723,#1724,#1733));
#1722 = ORIENTED_EDGE('',*,*,#1537,.T.);
#1723 = ORIENTED_EDGE('',*,*,#1684,.T.);
#1724 = ORIENTED_EDGE('',*,*,#1725,.F.);
#1725 = EDGE_CURVE('',#1726,#1677,#1728,.T.);
#1726 = VERTEX_POINT('',#1727);
#1727 = CARTESIAN_POINT('',(-0.3,0.25,0.48));
#1728 = CIRCLE('',#1729,2.E-02);
#1729 = AXIS2_PLACEMENT_3D('',#1730,#1731,#1732);
#1730 = CARTESIAN_POINT('',(-0.3,0.23,0.48));
#1731 = DIRECTION('',(1.,0.,-0.));
#1732 = DIRECTION('',(0.,0.,1.));
#1733 = ORIENTED_EDGE('',*,*,#1734,.F.);
#1734 = EDGE_CURVE('',#1530,#1726,#1735,.T.);
#1735 = LINE('',#1736,#1737);
#1736 = CARTESIAN_POINT('',(-0.5,0.25,0.48));
#1737 = VECTOR('',#1738,1.);
#1738 = DIRECTION('',(1.,0.,0.));
#1739 = CYLINDRICAL_SURFACE('',#1740,2.E-02);
#1740 = AXIS2_PLACEMENT_3D('',#1741,#1742,#1743);
#1741 = CARTESIAN_POINT('',(-0.5,0.23,0.48));
#1742 = DIRECTION('',(1.,0.,0.));
#1743 = DIRECTION('',(-0.,1.,0.));
#1744 = ADVANCED_FACE('',(#1745),#1756,.T.);
#1745 = FACE_BOUND('',#1746,.T.);
#1746 = EDGE_LOOP('',(#1747,#1753,#1754,#1755));
#1747 = ORIENTED_EDGE('',*,*,#1748,.F.);
#1748 = EDGE_CURVE('',#1699,#1726,#1749,.T.);
#1749 = LINE('',#1750,#1751);
#1750 = CARTESIAN_POINT('',(-0.3,0.25,0.));
#1751 = VECTOR('',#1752,1.);
#1752 = DIRECTION('',(0.,0.,1.));
#1753 = ORIENTED_EDGE('',*,*,#1698,.F.);
#1754 = ORIENTED_EDGE('',*,*,#1529,.T.);
#1755 = ORIENTED_EDGE('',*,*,#1734,.T.);
#1756 = PLANE('',#1757);
#1757 = AXIS2_PLACEMENT_3D('',#1758,#1759,#1760);
#1758 = CARTESIAN_POINT('',(-0.5,0.25,0.));
#1759 = DIRECTION('',(0.,1.,0.));
#1760 = DIRECTION('',(0.,-0.,1.));
#1761 = ADVANCED_FACE('',(#1762,#1772),#1842,.T.);
#1762 = FACE_BOUND('',#1763,.T.);
#1763 = EDGE_LOOP('',(#1764,#1765,#1766,#1767,#1768,#1769,#1770,#1771));
#1764 = ORIENTED_EDGE('',*,*,#1569,.F.);
#1765 = ORIENTED_EDGE('',*,*,#1609,.T.);
#1766 = ORIENTED_EDGE('',*,*,#1652,.T.);
#1767 = ORIENTED_EDGE('',*,*,#1706,.F.);
#1768 = ORIENTED_EDGE('',*,*,#1748,.T.);
#1769 = ORIENTED_EDGE('',*,*,#1725,.T.);
#1770 = ORIENTED_EDGE('',*,*,#1676,.F.);
#1771 = ORIENTED_EDGE('',*,*,#1626,.F.);
#1772 = FACE_BOUND('',#1773,.T.);
#1773 = EDGE_LOOP('',(#1774,#1785,#1793,#1802,#1810,#1819,#1827,#1836));
#1774 = ORIENTED_EDGE('',*,*,#1775,.F.);
#1775 = EDGE_CURVE('',#1776,#1778,#1780,.T.);
#1776 = VERTEX_POINT('',#1777);
#1777 = CARTESIAN_POINT('',(-0.3,-0.23,4.E-02));
#1778 = VERTEX_POINT('',#1779);
#1779 = CARTESIAN_POINT('',(-0.3,-0.21,2.E-02));
#1780 = CIRCLE('',#1781,2.E-02);
#1781 = AXIS2_PLACEMENT_3D('',#1782,#1783,#1784);
#1782 = CARTESIAN_POINT('',(-0.3,-0.21,4.E-02));
#1783 = DIRECTION('',(1.,0.,-0.));
#1784 = DIRECTION('',(0.,0.,1.));
#1785 = ORIENTED_EDGE('',*,*,#1786,.T.);
#1786 = EDGE_CURVE('',#1776,#1787,#1789,.T.);
#1787 = VERTEX_POINT('',#1788);
#1788 = CARTESIAN_POINT('',(-0.3,-0.23,0.46));
#1789 = LINE('',#1790,#1791);
#1790 = CARTESIAN_POINT('',(-0.3,-0.23,2.E-02));
#1791 = VECTOR('',#1792,1.);
#1792 = DIRECTION('',(0.,0.,1.));
#1793 = ORIENTED_EDGE('',*,*,#1794,.T.);
#1794 = EDGE_CURVE('',#1787,#1795,#1797,.T.);
#1795 = VERTEX_POINT('',#1796);
#1796 = CARTESIAN_POINT('',(-0.3,-0.21,0.48));
#1797 = CIRCLE('',#1798,2.E-02);
#1798 = AXIS2_PLACEMENT_3D('',#1799,#1800,#1801);
#1799 = CARTESIAN_POINT('',(-0.3,-0.21,0.46));
#1800 = DIRECTION('',(-1.,0.,0.));
#1801 = DIRECTION('',(0.,0.,1.));
#1802 = ORIENTED_EDGE('',*,*,#1803,.T.);
#1803 = EDGE_CURVE('',#1795,#1804,#1806,.T.);
#1804 = VERTEX_POINT('',#1805);
#1805 = CARTESIAN_POINT('',(-0.3,0.21,0.48));
#1806 = LINE('',#1807,#1808);
#1807 = CARTESIAN_POINT('',(-0.3,-0.23,0.48));
#1808 = VECTOR('',#1809,1.);
#1809 = DIRECTION('',(0.,1.,0.));
#1810 = ORIENTED_EDGE('',*,*,#1811,.F.);
#1811 = EDGE_CURVE('',#1812,#1804,#1814,.T.);
#1812 = VERTEX_POINT('',#1813);
#1813 = CARTESIAN_POINT('',(-0.3,0.23,0.46));
#1814 = CIRCLE('',#1815,2.E-02);
#1815 = AXIS2_PLACEMENT_3D('',#1816,#1817,#1818);
#1816 = CARTESIAN_POINT('',(-0.3,0.21,0.46));
#1817 = DIRECTION('',(1.,0.,-0.));
#1818 = DIRECTION('',(0.,0.,1.));
#1819 = ORIENTED_EDGE('',*,*,#1820,.F.);
#1820 = EDGE_CURVE('',#1821,#1812,#1823,.T.);
#1821 = VERTEX_POINT('',#1822);
#1822 = CARTESIAN_POINT('',(-0.3,0.23,4.E-02));
#1823 = LINE('',#1824,#1825);
#1824 = CARTESIAN_POINT('',(-0.3,0.23,2.E-02));
#1825 = VECTOR('',#1826,1.);
#1826 = DIRECTION('',(0.,0.,1.));
#1827 = ORIENTED_EDGE('',*,*,#1828,.T.);
#1828 = EDGE_CURVE('',#1821,#1829,#1831,.T.);
#1829 = VERTEX_POINT('',#1830);
#1830 = CARTESIAN_POINT('',(-0.3,0.21,2.E-02));
#1831 = CIRCLE('',#1832,2.E-02);
#1832 = AXIS2_PLACEMENT_3D('',#1833,#1834,#1835);
#1833 = CARTESIAN_POINT('',(-0.3,0.21,4.E-02));
#1834 = DIRECTION('',(-1.,0.,0.));
#1835 = DIRECTION('',(0.,0.,1.));
#1836 = ORIENTED_EDGE('',*,*,#1837,.F.);
#1837 = EDGE_CURVE('',#1778,#1829,#1838,.T.);
#1838 = LINE('',#1839,#1840);
#1839 = CARTESIAN_POINT('',(-0.3,-0.23,2.E-02));
#1840 = VECTOR('',#1841,1.);
#1841 = DIRECTION('',(0.,1.,0.));
#1842 = PLANE('',#1843);
#1843 = AXIS2_PLACEMENT_3D('',#1844,#1845,#1846);
#1844 = CARTESIAN_POINT('',(-0.3,-0.25,0.));
#1845 = DIRECTION('',(1.,0.,0.));
#1846 = DIRECTION('',(0.,0.,1.));
#1847 = ADVANCED_FACE('',(#1848),#1874,.T.);
#1848 = FACE_BOUND('',#1849,.T.);
#1849 = EDGE_LOOP('',(#1850,#1851,#1859,#1868));
#1850 = ORIENTED_EDGE('',*,*,#1775,.T.);
#1851 = ORIENTED_EDGE('',*,*,#1852,.T.);
#1852 = EDGE_CURVE('',#1778,#1853,#1855,.T.);
#1853 = VERTEX_POINT('',#1854);
#1854 = CARTESIAN_POINT('',(0.3,-0.21,2.E-02));
#1855 = LINE('',#1856,#1857);
#1856 = CARTESIAN_POINT('',(-0.3,-0.21,2.E-02));
#1857 = VECTOR('',#1858,1.);
#1858 = DIRECTION('',(1.,0.,0.));
#1859 = ORIENTED_EDGE('',*,*,#1860,.F.);
#1860 = EDGE_CURVE('',#1861,#1853,#1863,.T.);
#1861 = VERTEX_POINT('',#1862);
#1862 = CARTESIAN_POINT('',(0.3,-0.23,4.E-02));
#1863 = CIRCLE('',#1864,2.E-02);
#1864 = AXIS2_PLACEMENT_3D('',#1865,#1866,#1867);
#1865 = CARTESIAN_POINT('',(0.3,-0.21,4.E-02));
#1866 = DIRECTION('',(1.,0.,-0.));
#1867 = DIRECTION('',(0.,0.,1.));
#1868 = ORIENTED_EDGE('',*,*,#1869,.F.);
#1869 = EDGE_CURVE('',#1776,#1861,#1870,.T.);
#1870 = LINE('',#1871,#1872);
#1871 = CARTESIAN_POINT('',(-0.3,-0.23,4.E-02));
#1872 = VECTOR('',#1873,1.);
#1873 = DIRECTION('',(1.,0.,0.));
#1874 = CYLINDRICAL_SURFACE('',#1875,2.E-02);
#1875 = AXIS2_PLACEMENT_3D('',#1876,#1877,#1878);
#1876 = CARTESIAN_POINT('',(-0.3,-0.21,4.E-02));
#1877 = DIRECTION('',(1.,0.,0.));
#1878 = DIRECTION('',(0.,-1.,0.));
#1879 = ADVANCED_FACE('',(#1880),#1898,.F.);
#1880 = FACE_BOUND('',#1881,.F.);
#1881 = EDGE_LOOP('',(#1882,#1883,#1884,#1892));
#1882 = ORIENTED_EDGE('',*,*,#1837,.F.);
#1883 = ORIENTED_EDGE('',*,*,#1852,.T.);
#1884 = ORIENTED_EDGE('',*,*,#1885,.T.);
#1885 = EDGE_CURVE('',#1853,#1886,#1888,.T.);
#1886 = VERTEX_POINT('',#1887);
#1887 = CARTESIAN_POINT('',(0.3,0.21,2.E-02));
#1888 = LINE('',#1889,#1890);
#1889 = CARTESIAN_POINT('',(0.3,-0.23,2.E-02));
#1890 = VECTOR('',#1891,1.);
#1891 = DIRECTION('',(0.,1.,0.));
#1892 = ORIENTED_EDGE('',*,*,#1893,.F.);
#1893 = EDGE_CURVE('',#1829,#1886,#1894,.T.);
#1894 = LINE('',#1895,#1896);
#1895 = CARTESIAN_POINT('',(-0.3,0.21,2.E-02));
#1896 = VECTOR('',#1897,1.);
#1897 = DIRECTION('',(1.,0.,0.));
#1898 = PLANE('',#1899);
#1899 = AXIS2_PLACEMENT_3D('',#1900,#1901,#1902);
#1900 = CARTESIAN_POINT('',(-0.3,-0.23,2.E-02));
#1901 = DIRECTION('',(0.,0.,1.));
#1902 = DIRECTION('',(1.,0.,-0.));
#1903 = ADVANCED_FACE('',(#1904),#1923,.T.);
#1904 = FACE_BOUND('',#1905,.T.);
#1905 = EDGE_LOOP('',(#1906,#1914,#1921,#1922));
#1906 = ORIENTED_EDGE('',*,*,#1907,.T.);
#1907 = EDGE_CURVE('',#1821,#1908,#1910,.T.);
#1908 = VERTEX_POINT('',#1909);
#1909 = CARTESIAN_POINT('',(0.3,0.23,4.E-02));
#1910 = LINE('',#1911,#1912);
#1911 = CARTESIAN_POINT('',(-0.3,0.23,4.E-02));
#1912 = VECTOR('',#1913,1.);
#1913 = DIRECTION('',(1.,0.,0.));
#1914 = ORIENTED_EDGE('',*,*,#1915,.T.);
#1915 = EDGE_CURVE('',#1908,#1886,#1916,.T.);
#1916 = CIRCLE('',#1917,2.E-02);
#1917 = AXIS2_PLACEMENT_3D('',#1918,#1919,#1920);
#1918 = CARTESIAN_POINT('',(0.3,0.21,4.E-02));
#1919 = DIRECTION('',(-1.,0.,0.));
#1920 = DIRECTION('',(0.,0.,1.));
#1921 = ORIENTED_EDGE('',*,*,#1893,.F.);
#1922 = ORIENTED_EDGE('',*,*,#1828,.F.);
#1923 = CYLINDRICAL_SURFACE('',#1924,2.E-02);
#1924 = AXIS2_PLACEMENT_3D('',#1925,#1926,#1927);
#1925 = CARTESIAN_POINT('',(-0.3,0.21,4.E-02));
#1926 = DIRECTION('',(1.,0.,0.));
#1927 = DIRECTION('',(-0.,1.,0.));
#1928 = ADVANCED_FACE('',(#1929),#1947,.T.);
#1929 = FACE_BOUND('',#1930,.T.);
#1930 = EDGE_LOOP('',(#1931,#1939,#1940,#1941));
#1931 = ORIENTED_EDGE('',*,*,#1932,.F.);
#1932 = EDGE_CURVE('',#1908,#1933,#1935,.T.);
#1933 = VERTEX_POINT('',#1934);
#1934 = CARTESIAN_POINT('',(0.3,0.23,0.46));
#1935 = LINE('',#1936,#1937);
#1936 = CARTESIAN_POINT('',(0.3,0.23,2.E-02));
#1937 = VECTOR('',#1938,1.);
#1938 = DIRECTION('',(0.,0.,1.));
#1939 = ORIENTED_EDGE('',*,*,#1907,.F.);
#1940 = ORIENTED_EDGE('',*,*,#1820,.T.);
#1941 = ORIENTED_EDGE('',*,*,#1942,.T.);
#1942 = EDGE_CURVE('',#1812,#1933,#1943,.T.);
#1943 = LINE('',#1944,#1945);
#1944 = CARTESIAN_POINT('',(-0.3,0.23,0.46));
#1945 = VECTOR('',#1946,1.);
#1946 = DIRECTION('',(1.,0.,0.));
#1947 = PLANE('',#1948);
#1948 = AXIS2_PLACEMENT_3D('',#1949,#1950,#1951);
#1949 = CARTESIAN_POINT('',(-0.3,0.23,2.E-02));
#1950 = DIRECTION('',(0.,1.,0.));
#1951 = DIRECTION('',(0.,-0.,1.));
#1952 = ADVANCED_FACE('',(#1953),#1972,.T.);
#1953 = FACE_BOUND('',#1954,.T.);
#1954 = EDGE_LOOP('',(#1955,#1956,#1964,#1971));
#1955 = ORIENTED_EDGE('',*,*,#1811,.T.);
#1956 = ORIENTED_EDGE('',*,*,#1957,.T.);
#1957 = EDGE_CURVE('',#1804,#1958,#1960,.T.);
#1958 = VERTEX_POINT('',#1959);
#1959 = CARTESIAN_POINT('',(0.3,0.21,0.48));
#1960 = LINE('',#1961,#1962);
#1961 = CARTESIAN_POINT('',(-0.3,0.21,0.48));
#1962 = VECTOR('',#1963,1.);
#1963 = DIRECTION('',(1.,0.,0.));
#1964 = ORIENTED_EDGE('',*,*,#1965,.F.);
#1965 = EDGE_CURVE('',#1933,#1958,#1966,.T.);
#1966 = CIRCLE('',#1967,2.E-02);
#1967 = AXIS2_PLACEMENT_3D('',#1968,#1969,#1970);
#1968 = CARTESIAN_POINT('',(0.3,0.21,0.46));
#1969 = DIRECTION('',(1.,0.,-0.));
#1970 = DIRECTION('',(0.,0.,1.));
#1971 = ORIENTED_EDGE('',*,*,#1942,.F.);
#1972 = CYLINDRICAL_SURFACE('',#1973,2.E-02);
#1973 = AXIS2_PLACEMENT_3D('',#1974,#1975,#1976);
#1974 = CARTESIAN_POINT('',(-0.3,0.21,0.46));
#1975 = DIRECTION('',(1.,0.,0.));
#1976 = DIRECTION('',(-0.,1.,0.));
#1977 = ADVANCED_FACE('',(#1978),#1996,.T.);
#1978 = FACE_BOUND('',#1979,.T.);
#1979 = EDGE_LOOP('',(#1980,#1981,#1989,#1995));
#1980 = ORIENTED_EDGE('',*,*,#1803,.F.);
#1981 = ORIENTED_EDGE('',*,*,#1982,.T.);
#1982 = EDGE_CURVE('',#1795,#1983,#1985,.T.);
#1983 = VERTEX_POINT('',#1984);
#1984 = CARTESIAN_POINT('',(0.3,-0.21,0.48));
#1985 = LINE('',#1986,#1987);
#1986 = CARTESIAN_POINT('',(-0.3,-0.21,0.48));
#1987 = VECTOR('',#1988,1.);
#1988 = DIRECTION('',(1.,0.,0.));
#1989 = ORIENTED_EDGE('',*,*,#1990,.T.);
#1990 = EDGE_CURVE('',#1983,#1958,#1991,.T.);
#1991 = LINE('',#1992,#1993);
#1992 = CARTESIAN_POINT('',(0.3,-0.23,0.48));
#1993 = VECTOR('',#1994,1.);
#1994 = DIRECTION('',(0.,1.,0.));
#1995 = ORIENTED_EDGE('',*,*,#1957,.F.);
#1996 = PLANE('',#1997);
#1997 = AXIS2_PLACEMENT_3D('',#1998,#1999,#2000);
#1998 = CARTESIAN_POINT('',(-0.3,-0.23,0.48));
#1999 = DIRECTION('',(0.,0.,1.));
#2000 = DIRECTION('',(1.,0.,-0.));
#2001 = ADVANCED_FACE('',(#2002),#2021,.T.);
#2002 = FACE_BOUND('',#2003,.T.);
#2003 = EDGE_LOOP('',(#2004,#2012,#2019,#2020));
#2004 = ORIENTED_EDGE('',*,*,#2005,.T.);
#2005 = EDGE_CURVE('',#1787,#2006,#2008,.T.);
#2006 = VERTEX_POINT('',#2007);
#2007 = CARTESIAN_POINT('',(0.3,-0.23,0.46));
#2008 = LINE('',#2009,#2010);
#2009 = CARTESIAN_POINT('',(-0.3,-0.23,0.46));
#2010 = VECTOR('',#2011,1.);
#2011 = DIRECTION('',(1.,0.,0.));
#2012 = ORIENTED_EDGE('',*,*,#2013,.T.);
#2013 = EDGE_CURVE('',#2006,#1983,#2014,.T.);
#2014 = CIRCLE('',#2015,2.E-02);
#2015 = AXIS2_PLACEMENT_3D('',#2016,#2017,#2018);
#2016 = CARTESIAN_POINT('',(0.3,-0.21,0.46));
#2017 = DIRECTION('',(-1.,0.,0.));
#2018 = DIRECTION('',(0.,0.,1.));
#2019 = ORIENTED_EDGE('',*,*,#1982,.F.);
#2020 = ORIENTED_EDGE('',*,*,#1794,.F.);
#2021 = CYLINDRICAL_SURFACE('',#2022,2.E-02);
#2022 = AXIS2_PLACEMENT_3D('',#2023,#2024,#2025);
#2023 = CARTESIAN_POINT('',(-0.3,-0.21,0.46));
#2024 = DIRECTION('',(1.,0.,0.));
#2025 = DIRECTION('',(0.,-1.,0.));
#2026 = ADVANCED_FACE('',(#2027),#2038,.F.);
#2027 = FACE_BOUND('',#2028,.F.);
#2028 = EDGE_LOOP('',(#2029,#2035,#2036,#2037));
#2029 = ORIENTED_EDGE('',*,*,#2030,.F.);
#2030 = EDGE_CURVE('',#1861,#2006,#2031,.T.);
#2031 = LINE('',#2032,#2033);
#2032 = CARTESIAN_POINT('',(0.3,-0.23,2.E-02));
#2033 = VECTOR('',#2034,1.);
#2034 = DIRECTION('',(0.,0.,1.));
#2035 = ORIENTED_EDGE('',*,*,#1869,.F.);
#2036 = ORIENTED_EDGE('',*,*,#1786,.T.);
#2037 = ORIENTED_EDGE('',*,*,#2005,.T.);
#2038 = PLANE('',#2039);
#2039 = AXIS2_PLACEMENT_3D('',#2040,#2041,#2042);
#2040 = CARTESIAN_POINT('',(-0.3,-0.23,2.E-02));
#2041 = DIRECTION('',(0.,1.,0.));
#2042 = DIRECTION('',(0.,-0.,1.));
#2043 = ADVANCED_FACE('',(#2044,#2114),#2124,.F.);
#2044 = FACE_BOUND('',#2045,.F.);
#2045 = EDGE_LOOP('',(#2046,#2056,#2065,#2073,#2082,#2090,#2099,#2107));
#2046 = ORIENTED_EDGE('',*,*,#2047,.F.);
#2047 = EDGE_CURVE('',#2048,#2050,#2052,.T.);
#2048 = VERTEX_POINT('',#2049);
#2049 = CARTESIAN_POINT('',(0.3,-0.25,2.E-02));
#2050 = VERTEX_POINT('',#2051);
#2051 = CARTESIAN_POINT('',(0.3,-0.25,0.48));
#2052 = LINE('',#2053,#2054);
#2053 = CARTESIAN_POINT('',(0.3,-0.25,0.));
#2054 = VECTOR('',#2055,1.);
#2055 = DIRECTION('',(0.,0.,1.));
#2056 = ORIENTED_EDGE('',*,*,#2057,.T.);
#2057 = EDGE_CURVE('',#2048,#2058,#2060,.T.);
#2058 = VERTEX_POINT('',#2059);
#2059 = CARTESIAN_POINT('',(0.3,-0.23,0.));
#2060 = CIRCLE('',#2061,2.E-02);
#2061 = AXIS2_PLACEMENT_3D('',#2062,#2063,#2064);
#2062 = CARTESIAN_POINT('',(0.3,-0.23,2.E-02));
#2063 = DIRECTION('',(1.,0.,-0.));
#2064 = DIRECTION('',(0.,0.,1.));
#2065 = ORIENTED_EDGE('',*,*,#2066,.T.);
#2066 = EDGE_CURVE('',#2058,#2067,#2069,.T.);
#2067 = VERTEX_POINT('',#2068);
#2068 = CARTESIAN_POINT('',(0.3,0.23,0.));
#2069 = LINE('',#2070,#2071);
#2070 = CARTESIAN_POINT('',(0.3,-0.25,0.));
#2071 = VECTOR('',#2072,1.);
#2072 = DIRECTION('',(0.,1.,0.));
#2073 = ORIENTED_EDGE('',*,*,#2074,.F.);
#2074 = EDGE_CURVE('',#2075,#2067,#2077,.T.);
#2075 = VERTEX_POINT('',#2076);
#2076 = CARTESIAN_POINT('',(0.3,0.25,2.E-02));
#2077 = CIRCLE('',#2078,2.E-02);
#2078 = AXIS2_PLACEMENT_3D('',#2079,#2080,#2081);
#2079 = CARTESIAN_POINT('',(0.3,0.23,2.E-02));
#2080 = DIRECTION('',(-1.,0.,0.));
#2081 = DIRECTION('',(0.,0.,1.));
#2082 = ORIENTED_EDGE('',*,*,#2083,.T.);
#2083 = EDGE_CURVE('',#2075,#2084,#2086,.T.);
#2084 = VERTEX_POINT('',#2085);
#2085 = CARTESIAN_POINT('',(0.3,0.25,0.48));
#2086 = LINE('',#2087,#2088);
#2087 = CARTESIAN_POINT('',(0.3,0.25,0.));
#2088 = VECTOR('',#2089,1.);
#2089 = DIRECTION('',(0.,0.,1.));
#2090 = ORIENTED_EDGE('',*,*,#2091,.T.);
#2091 = EDGE_CURVE('',#2084,#2092,#2094,.T.);
#2092 = VERTEX_POINT('',#2093);
#2093 = CARTESIAN_POINT('',(0.3,0.23,0.5));
#2094 = CIRCLE('',#2095,2.E-02);
#2095 = AXIS2_PLACEMENT_3D('',#2096,#2097,#2098);
#2096 = CARTESIAN_POINT('',(0.3,0.23,0.48));
#2097 = DIRECTION('',(1.,0.,-0.));
#2098 = DIRECTION('',(0.,0.,1.));
#2099 = ORIENTED_EDGE('',*,*,#2100,.F.);
#2100 = EDGE_CURVE('',#2101,#2092,#2103,.T.);
#2101 = VERTEX_POINT('',#2102);
#2102 = CARTESIAN_POINT('',(0.3,-0.23,0.5));
#2103 = LINE('',#2104,#2105);
#2104 = CARTESIAN_POINT('',(0.3,-0.25,0.5));
#2105 = VECTOR('',#2106,1.);
#2106 = DIRECTION('',(0.,1.,0.));
#2107 = ORIENTED_EDGE('',*,*,#2108,.F.);
#2108 = EDGE_CURVE('',#2050,#2101,#2109,.T.);
#2109 = CIRCLE('',#2110,2.E-02);
#2110 = AXIS2_PLACEMENT_3D('',#2111,#2112,#2113);
#2111 = CARTESIAN_POINT('',(0.3,-0.23,0.48));
#2112 = DIRECTION('',(-1.,0.,0.));
#2113 = DIRECTION('',(0.,0.,1.));
#2114 = FACE_BOUND('',#2115,.F.);
#2115 = EDGE_LOOP('',(#2116,#2117,#2118,#2119,#2120,#2121,#2122,#2123));
#2116 = ORIENTED_EDGE('',*,*,#1860,.F.);
#2117 = ORIENTED_EDGE('',*,*,#2030,.T.);
#2118 = ORIENTED_EDGE('',*,*,#2013,.T.);
#2119 = ORIENTED_EDGE('',*,*,#1990,.T.);
#2120 = ORIENTED_EDGE('',*,*,#1965,.F.);
#2121 = ORIENTED_EDGE('',*,*,#1932,.F.);
#2122 = ORIENTED_EDGE('',*,*,#1915,.T.);
#2123 = ORIENTED_EDGE('',*,*,#1885,.F.);
#2124 = PLANE('',#2125);
#2125 = AXIS2_PLACEMENT_3D('',#2126,#2127,#2128);
#2126 = CARTESIAN_POINT('',(0.3,-0.25,0.));
#2127 = DIRECTION('',(1.,0.,0.));
#2128 = DIRECTION('',(0.,0.,1.));
#2129 = ADVANCED_FACE('',(#2130),#2155,.F.);
#2130 = FACE_BOUND('',#2131,.F.);
#2131 = EDGE_LOOP('',(#2132,#2142,#2148,#2149));
#2132 = ORIENTED_EDGE('',*,*,#2133,.F.);
#2133 = EDGE_CURVE('',#2134,#2136,#2138,.T.);
#2134 = VERTEX_POINT('',#2135);
#2135 = CARTESIAN_POINT('',(0.5,-0.25,2.E-02));
#2136 = VERTEX_POINT('',#2137);
#2137 = CARTESIAN_POINT('',(0.5,-0.25,0.48));
#2138 = LINE('',#2139,#2140);
#2139 = CARTESIAN_POINT('',(0.5,-0.25,0.));
#2140 = VECTOR('',#2141,1.);
#2141 = DIRECTION('',(0.,0.,1.));
#2142 = ORIENTED_EDGE('',*,*,#2143,.F.);
#2143 = EDGE_CURVE('',#2048,#2134,#2144,.T.);
#2144 = LINE('',#2145,#2146);
#2145 = CARTESIAN_POINT('',(0.3,-0.25,2.E-02));
#2146 = VECTOR('',#2147,1.);
#2147 = DIRECTION('',(1.,0.,0.));
#2148 = ORIENTED_EDGE('',*,*,#2047,.T.);
#2149 = ORIENTED_EDGE('',*,*,#2150,.T.);
#2150 = EDGE_CURVE('',#2050,#2136,#2151,.T.);
#2151 = LINE('',#2152,#2153);
#2152 = CARTESIAN_POINT('',(0.3,-0.25,0.48));
#2153 = VECTOR('',#2154,1.);
#2154 = DIRECTION('',(1.,0.,0.));
#2155 = PLANE('',#2156);
#2156 = AXIS2_PLACEMENT_3D('',#2157,#2158,#2159);
#2157 = CARTESIAN_POINT('',(0.3,-0.25,0.));
#2158 = DIRECTION('',(0.,1.,0.));
#2159 = DIRECTION('',(0.,-0.,1.));
#2160 = ADVANCED_FACE('',(#2161),#2180,.T.);
#2161 = FACE_BOUND('',#2162,.T.);
#2162 = EDGE_LOOP('',(#2163,#2164,#2172,#2179));
#2163 = ORIENTED_EDGE('',*,*,#2057,.T.);
#2164 = ORIENTED_EDGE('',*,*,#2165,.T.);
#2165 = EDGE_CURVE('',#2058,#2166,#2168,.T.);
#2166 = VERTEX_POINT('',#2167);
#2167 = CARTESIAN_POINT('',(0.5,-0.23,0.));
#2168 = LINE('',#2169,#2170);
#2169 = CARTESIAN_POINT('',(0.3,-0.23,0.));
#2170 = VECTOR('',#2171,1.);
#2171 = DIRECTION('',(1.,0.,0.));
#2172 = ORIENTED_EDGE('',*,*,#2173,.F.);
#2173 = EDGE_CURVE('',#2134,#2166,#2174,.T.);
#2174 = CIRCLE('',#2175,2.E-02);
#2175 = AXIS2_PLACEMENT_3D('',#2176,#2177,#2178);
#2176 = CARTESIAN_POINT('',(0.5,-0.23,2.E-02));
#2177 = DIRECTION('',(1.,0.,-0.));
#2178 = DIRECTION('',(0.,0.,1.));
#2179 = ORIENTED_EDGE('',*,*,#2143,.F.);
#2180 = CYLINDRICAL_SURFACE('',#2181,2.E-02);
#2181 = AXIS2_PLACEMENT_3D('',#2182,#2183,#2184);
#2182 = CARTESIAN_POINT('',(0.3,-0.23,2.E-02));
#2183 = DIRECTION('',(1.,0.,0.));
#2184 = DIRECTION('',(0.,-1.,0.));
#2185 = ADVANCED_FACE('',(#2186),#2205,.T.);
#2186 = FACE_BOUND('',#2187,.T.);
#2187 = EDGE_LOOP('',(#2188,#2189,#2198,#2204));
#2188 = ORIENTED_EDGE('',*,*,#2150,.T.);
#2189 = ORIENTED_EDGE('',*,*,#2190,.T.);
#2190 = EDGE_CURVE('',#2136,#2191,#2193,.T.);
#2191 = VERTEX_POINT('',#2192);
#2192 = CARTESIAN_POINT('',(0.5,-0.23,0.5));
#2193 = CIRCLE('',#2194,2.E-02);
#2194 = AXIS2_PLACEMENT_3D('',#2195,#2196,#2197);
#2195 = CARTESIAN_POINT('',(0.5,-0.23,0.48));
#2196 = DIRECTION('',(-1.,0.,0.));
#2197 = DIRECTION('',(0.,0.,1.));
#2198 = ORIENTED_EDGE('',*,*,#2199,.F.);
#2199 = EDGE_CURVE('',#2101,#2191,#2200,.T.);
#2200 = LINE('',#2201,#2202);
#2201 = CARTESIAN_POINT('',(0.3,-0.23,0.5));
#2202 = VECTOR('',#2203,1.);
#2203 = DIRECTION('',(1.,0.,0.));
#2204 = ORIENTED_EDGE('',*,*,#2108,.F.);
#2205 = CYLINDRICAL_SURFACE('',#2206,2.E-02);
#2206 = AXIS2_PLACEMENT_3D('',#2207,#2208,#2209);
#2207 = CARTESIAN_POINT('',(0.3,-0.23,0.48));
#2208 = DIRECTION('',(1.,0.,0.));
#2209 = DIRECTION('',(0.,-1.,0.));
#2210 = ADVANCED_FACE('',(#2211),#2229,.F.);
#2211 = FACE_BOUND('',#2212,.F.);
#2212 = EDGE_LOOP('',(#2213,#2214,#2215,#2223));
#2213 = ORIENTED_EDGE('',*,*,#2066,.F.);
#2214 = ORIENTED_EDGE('',*,*,#2165,.T.);
#2215 = ORIENTED_EDGE('',*,*,#2216,.T.);
#2216 = EDGE_CURVE('',#2166,#2217,#2219,.T.);
#2217 = VERTEX_POINT('',#2218);
#2218 = CARTESIAN_POINT('',(0.5,0.23,0.));
#2219 = LINE('',#2220,#2221);
#2220 = CARTESIAN_POINT('',(0.5,-0.25,0.));
#2221 = VECTOR('',#2222,1.);
#2222 = DIRECTION('',(0.,1.,0.));
#2223 = ORIENTED_EDGE('',*,*,#2224,.F.);
#2224 = EDGE_CURVE('',#2067,#2217,#2225,.T.);
#2225 = LINE('',#2226,#2227);
#2226 = CARTESIAN_POINT('',(0.3,0.23,0.));
#2227 = VECTOR('',#2228,1.);
#2228 = DIRECTION('',(1.,0.,0.));
#2229 = PLANE('',#2230);
#2230 = AXIS2_PLACEMENT_3D('',#2231,#2232,#2233);
#2231 = CARTESIAN_POINT('',(0.3,-0.25,0.));
#2232 = DIRECTION('',(0.,0.,1.));
#2233 = DIRECTION('',(1.,0.,-0.));
#2234 = ADVANCED_FACE('',(#2235),#2253,.T.);
#2235 = FACE_BOUND('',#2236,.T.);
#2236 = EDGE_LOOP('',(#2237,#2238,#2239,#2247));
#2237 = ORIENTED_EDGE('',*,*,#2100,.F.);
#2238 = ORIENTED_EDGE('',*,*,#2199,.T.);
#2239 = ORIENTED_EDGE('',*,*,#2240,.T.);
#2240 = EDGE_CURVE('',#2191,#2241,#2243,.T.);
#2241 = VERTEX_POINT('',#2242);
#2242 = CARTESIAN_POINT('',(0.5,0.23,0.5));
#2243 = LINE('',#2244,#2245);
#2244 = CARTESIAN_POINT('',(0.5,-0.25,0.5));
#2245 = VECTOR('',#2246,1.);
#2246 = DIRECTION('',(0.,1.,0.));
#2247 = ORIENTED_EDGE('',*,*,#2248,.F.);
#2248 = EDGE_CURVE('',#2092,#2241,#2249,.T.);
#2249 = LINE('',#2250,#2251);
#2250 = CARTESIAN_POINT('',(0.3,0.23,0.5));
#2251 = VECTOR('',#2252,1.);
#2252 = DIRECTION('',(1.,0.,0.));
#2253 = PLANE('',#2254);
#2254 = AXIS2_PLACEMENT_3D('',#2255,#2256,#2257);
#2255 = CARTESIAN_POINT('',(0.3,-0.25,0.5));
#2256 = DIRECTION('',(0.,0.,1.));
#2257 = DIRECTION('',(1.,0.,-0.));
#2258 = ADVANCED_FACE('',(#2259),#2278,.T.);
#2259 = FACE_BOUND('',#2260,.T.);
#2260 = EDGE_LOOP('',(#2261,#2269,#2276,#2277));
#2261 = ORIENTED_EDGE('',*,*,#2262,.T.);
#2262 = EDGE_CURVE('',#2075,#2263,#2265,.T.);
#2263 = VERTEX_POINT('',#2264);
#2264 = CARTESIAN_POINT('',(0.5,0.25,2.E-02));
#2265 = LINE('',#2266,#2267);
#2266 = CARTESIAN_POINT('',(0.3,0.25,2.E-02));
#2267 = VECTOR('',#2268,1.);
#2268 = DIRECTION('',(1.,0.,0.));
#2269 = ORIENTED_EDGE('',*,*,#2270,.T.);
#2270 = EDGE_CURVE('',#2263,#2217,#2271,.T.);
#2271 = CIRCLE('',#2272,2.E-02);
#2272 = AXIS2_PLACEMENT_3D('',#2273,#2274,#2275);
#2273 = CARTESIAN_POINT('',(0.5,0.23,2.E-02));
#2274 = DIRECTION('',(-1.,0.,0.));
#2275 = DIRECTION('',(0.,0.,1.));
#2276 = ORIENTED_EDGE('',*,*,#2224,.F.);
#2277 = ORIENTED_EDGE('',*,*,#2074,.F.);
#2278 = CYLINDRICAL_SURFACE('',#2279,2.E-02);
#2279 = AXIS2_PLACEMENT_3D('',#2280,#2281,#2282);
#2280 = CARTESIAN_POINT('',(0.3,0.23,2.E-02));
#2281 = DIRECTION('',(1.,0.,0.));
#2282 = DIRECTION('',(-0.,1.,0.));
#2283 = ADVANCED_FACE('',(#2284),#2303,.T.);
#2284 = FACE_BOUND('',#2285,.T.);
#2285 = EDGE_LOOP('',(#2286,#2287,#2288,#2297));
#2286 = ORIENTED_EDGE('',*,*,#2091,.T.);
#2287 = ORIENTED_EDGE('',*,*,#2248,.T.);
#2288 = ORIENTED_EDGE('',*,*,#2289,.F.);
#2289 = EDGE_CURVE('',#2290,#2241,#2292,.T.);
#2290 = VERTEX_POINT('',#2291);
#2291 = CARTESIAN_POINT('',(0.5,0.25,0.48));
#2292 = CIRCLE('',#2293,2.E-02);
#2293 = AXIS2_PLACEMENT_3D('',#2294,#2295,#2296);
#2294 = CARTESIAN_POINT('',(0.5,0.23,0.48));
#2295 = DIRECTION('',(1.,0.,-0.));
#2296 = DIRECTION('',(0.,0.,1.));
#2297 = ORIENTED_EDGE('',*,*,#2298,.F.);
#2298 = EDGE_CURVE('',#2084,#2290,#2299,.T.);
#2299 = LINE('',#2300,#2301);
#2300 = CARTESIAN_POINT('',(0.3,0.25,0.48));
#2301 = VECTOR('',#2302,1.);
#2302 = DIRECTION('',(1.,0.,0.));
#2303 = CYLINDRICAL_SURFACE('',#2304,2.E-02);
#2304 = AXIS2_PLACEMENT_3D('',#2305,#2306,#2307);
#2305 = CARTESIAN_POINT('',(0.3,0.23,0.48));
#2306 = DIRECTION('',(1.,0.,0.));
#2307 = DIRECTION('',(-0.,1.,0.));
#2308 = ADVANCED_FACE('',(#2309),#2320,.T.);
#2309 = FACE_BOUND('',#2310,.T.);
#2310 = EDGE_LOOP('',(#2311,#2317,#2318,#2319));
#2311 = ORIENTED_EDGE('',*,*,#2312,.F.);
#2312 = EDGE_CURVE('',#2263,#2290,#2313,.T.);
#2313 = LINE('',#2314,#2315);
#2314 = CARTESIAN_POINT('',(0.5,0.25,0.));
#2315 = VECTOR('',#2316,1.);
#2316 = DIRECTION('',(0.,0.,1.));
#2317 = ORIENTED_EDGE('',*,*,#2262,.F.);
#2318 = ORIENTED_EDGE('',*,*,#2083,.T.);
#2319 = ORIENTED_EDGE('',*,*,#2298,.T.);
#2320 = PLANE('',#2321);
#2321 = AXIS2_PLACEMENT_3D('',#2322,#2323,#2324);
#2322 = CARTESIAN_POINT('',(0.3,0.25,0.));
#2323 = DIRECTION('',(0.,1.,0.));
#2324 = DIRECTION('',(0.,-0.,1.));
#2325 = ADVANCED_FACE('',(#2326),#2336,.T.);
#2326 = FACE_BOUND('',#2327,.T.);
#2327 = EDGE_LOOP('',(#2328,#2329,#2330,#2331,#2332,#2333,#2334,#2335));
#2328 = ORIENTED_EDGE('',*,*,#2133,.F.);
#2329 = ORIENTED_EDGE('',*,*,#2173,.T.);
#2330 = ORIENTED_EDGE('',*,*,#2216,.T.);
#2331 = ORIENTED_EDGE('',*,*,#2270,.F.);
#2332 = ORIENTED_EDGE('',*,*,#2312,.T.);
#2333 = ORIENTED_EDGE('',*,*,#2289,.T.);
#2334 = ORIENTED_EDGE('',*,*,#2240,.F.);
#2335 = ORIENTED_EDGE('',*,*,#2190,.F.);
#2336 = PLANE('',#2337);
#2337 = AXIS2_PLACEMENT_3D('',#2338,#2339,#2340);
#2338 = CARTESIAN_POINT('',(0.5,-0.25,0.));
#2339 = DIRECTION('',(1.,0.,0.));
#2340 = DIRECTION('',(0.,0.,1.));
#2341 = ( GEOMETRIC_REPRESENTATION_CONTEXT(3) 
GLOBAL_UNCERTAINTY_ASSIGNED_CONTEXT((#2345)) 
GLOBAL_UNIT_ASSIGNED_CONTEXT((#2342,#2343,#2344)) REPRESENTATION_CONTEXT
('Context #1','3D Context with UNIT and UNCERTAINTY') );
#2342 = ( LENGTH_UNIT() NAMED_UNIT(*) SI_UNIT(.MILLI.,.METRE.) );
#2343 = ( NAMED_UNIT(*) PLANE_ANGLE_UNIT() SI_UNIT($,.RADIAN.) );
#2344 = ( NAMED_UNIT(*) SI_UNIT($,.STERADIAN.) SOLID_ANGLE_UNIT() );
#2345 = UNCERTAINTY_MEASURE_WITH_UNIT(LENGTH_MEASURE(1.E-07),#2342,
  'distance_accuracy_value','confusion accuracy');
#2346 = CONTEXT_DEPENDENT_SHAPE_REPRESENTATION(#2347,#2349);
#2347 = ( REPRESENTATION_RELATIONSHIP('','',#1486,#1463) 
REPRESENTATION_RELATIONSHIP_WITH_TRANSFORMATION(#2348) 
SHAPE_REPRESENTATION_RELATIONSHIP() );
#2348 = ITEM_DEFINED_TRANSFORMATION('','',#11,#1464);
#2349 = PRODUCT_DEFINITION_SHAPE('Placement','Placement of an item',
  #2350);
#2350 = NEXT_ASSEMBLY_USAGE_OCCURRENCE('11','=>[0:1:1:9]','',#1458,#1481
  ,$);
#2351 = PRODUCT_RELATED_PRODUCT_CATEGORY('part',$,(#1483));
#2352 = CONTEXT_DEPENDENT_SHAPE_REPRESENTATION(#2353,#2355);
#2353 = ( REPRESENTATION_RELATIONSHIP('','',#80,#10) 
REPRESENTATION_RELATIONSHIP_WITH_TRANSFORMATION(#2354) 
SHAPE_REPRESENTATION_RELATIONSHIP() );
#2354 = ITEM_DEFINED_TRANSFORMATION('','',#11,#47);
#2355 = PRODUCT_DEFINITION_SHAPE('Placement','Placement of an item',
  #2356);
#2356 = NEXT_ASSEMBLY_USAGE_OCCURRENCE('13','R1','',#5,#75,$);
#2357 = SHAPE_DEFINITION_REPRESENTATION(#2358,#2364);
#2358 = PRODUCT_DEFINITION_SHAPE('','',#2359);
#2359 = PRODUCT_DEFINITION('design','',#2360,#2363);
#2360 = PRODUCT_DEFINITION_FORMATION('','',#2361);
#2361 = PRODUCT('D_DO-41_SOD81_P12.70mm_Horizontal',
  'D_DO-41_SOD81_P12.70mm_Horizontal','',(#2362));
#2362 = PRODUCT_CONTEXT('',#2,'mechanical');
#2363 = PRODUCT_DEFINITION_CONTEXT('part definition',#2,'design');
#2364 = SHAPE_REPRESENTATION('',(#11,#2365),#2369);
#2365 = AXIS2_PLACEMENT_3D('',#2366,#2367,#2368);
#2366 = CARTESIAN_POINT('',(0.,0.,0.));
#2367 = DIRECTION('',(0.,0.,1.));
#2368 = DIRECTION('',(1.,0.,-0.));
#2369 = ( GEOMETRIC_REPRESENTATION_CONTEXT(3) 
GLOBAL_UNCERTAINTY_ASSIGNED_CONTEXT((#2373)) 
GLOBAL_UNIT_ASSIGNED_CONTEXT((#2370,#2371,#2372)) REPRESENTATION_CONTEXT
('Context #1','3D Context with UNIT and UNCERTAINTY') );
#2370 = ( LENGTH_UNIT() NAMED_UNIT(*) SI_UNIT(.MILLI.,.METRE.) );
#2371 = ( NAMED_UNIT(*) PLANE_ANGLE_UNIT() SI_UNIT($,.RADIAN.) );
#2372 = ( NAMED_UNIT(*) SI_UNIT($,.STERADIAN.) SOLID_ANGLE_UNIT() );
#2373 = UNCERTAINTY_MEASURE_WITH_UNIT(LENGTH_MEASURE(1.E-07),#2370,
  'distance_accuracy_value','confusion accuracy');
#2374 = CONTEXT_DEPENDENT_SHAPE_REPRESENTATION(#2375,#2377);
#2375 = ( REPRESENTATION_RELATIONSHIP('','',#2364,#10) 
REPRESENTATION_RELATIONSHIP_WITH_TRANSFORMATION(#2376) 
SHAPE_REPRESENTATION_RELATIONSHIP() );
#2376 = ITEM_DEFINED_TRANSFORMATION('','',#11,#51);
#2377 = PRODUCT_DEFINITION_SHAPE('Placement','Placement of an item',
  #2378);
#2378 = NEXT_ASSEMBLY_USAGE_OCCURRENCE('15','D1','',#5,#2359,$);
#2379 = PRODUCT_RELATED_PRODUCT_CATEGORY('part',$,(#2361));
#2380 = SHAPE_DEFINITION_REPRESENTATION(#2381,#2387);
#2381 = PRODUCT_DEFINITION_SHAPE('','',#2382);
#2382 = PRODUCT_DEFINITION('design','',#2383,#2386);
#2383 = PRODUCT_DEFINITION_FORMATION('','',#2384);
#2384 = PRODUCT('D_DO-41_SOD81_P12.70mm_Horizontal',
  'D_DO-41_SOD81_P12.70mm_Horizontal','',(#2385));
#2385 = PRODUCT_CONTEXT('',#2,'mechanical');
#2386 = PRODUCT_DEFINITION_CONTEXT('part definition',#2,'design');
#2387 = ADVANCED_BREP_SHAPE_REPRESENTATION('',(#11,#2388),#2723);
#2388 = MANIFOLD_SOLID_BREP('',#2389);
#2389 = CLOSED_SHELL('',(#2390,#2423,#2443,#2463,#2488,#2513,#2533,#2553
    ,#2578,#2603,#2629,#2655,#2680,#2705,#2714));
#2390 = ADVANCED_FACE('',(#2391),#2418,.T.);
#2391 = FACE_BOUND('',#2392,.T.);
#2392 = EDGE_LOOP('',(#2393,#2402,#2410,#2417));
#2393 = ORIENTED_EDGE('',*,*,#2394,.T.);
#2394 = EDGE_CURVE('',#2395,#2395,#2397,.T.);
#2395 = VERTEX_POINT('',#2396);
#2396 = CARTESIAN_POINT('',(4.53,2.138289545428E-15,3.21));
#2397 = CIRCLE('',#2398,1.36);
#2398 = AXIS2_PLACEMENT_3D('',#2399,#2400,#2401);
#2399 = CARTESIAN_POINT('',(4.53,8.215650382226E-16,1.85));
#2400 = DIRECTION('',(1.,0.,-0.));
#2401 = DIRECTION('',(0.,9.681797847099E-16,1.));
#2402 = ORIENTED_EDGE('',*,*,#2403,.T.);
#2403 = EDGE_CURVE('',#2395,#2404,#2406,.T.);
#2404 = VERTEX_POINT('',#2405);
#2405 = CARTESIAN_POINT('',(5.83,2.138289545428E-15,3.21));
#2406 = LINE('',#2407,#2408);
#2407 = CARTESIAN_POINT('',(4.53,2.138289545428E-15,3.21));
#2408 = VECTOR('',#2409,1.);
#2409 = DIRECTION('',(1.,0.,0.));
#2410 = ORIENTED_EDGE('',*,*,#2411,.F.);
#2411 = EDGE_CURVE('',#2404,#2404,#2412,.T.);
#2412 = CIRCLE('',#2413,1.36);
#2413 = AXIS2_PLACEMENT_3D('',#2414,#2415,#2416);
#2414 = CARTESIAN_POINT('',(5.83,8.215650382226E-16,1.85));
#2415 = DIRECTION('',(1.,0.,-0.));
#2416 = DIRECTION('',(0.,9.681797847099E-16,1.));
#2417 = ORIENTED_EDGE('',*,*,#2403,.F.);
#2418 = CYLINDRICAL_SURFACE('',#2419,1.36);
#2419 = AXIS2_PLACEMENT_3D('',#2420,#2421,#2422);
#2420 = CARTESIAN_POINT('',(4.53,8.215650382226E-16,1.85));
#2421 = DIRECTION('',(1.,0.,0.));
#2422 = DIRECTION('',(-0.,9.681797847099E-16,1.));
#2423 = ADVANCED_FACE('',(#2424,#2427),#2438,.F.);
#2424 = FACE_BOUND('',#2425,.T.);
#2425 = EDGE_LOOP('',(#2426));
#2426 = ORIENTED_EDGE('',*,*,#2394,.F.);
#2427 = FACE_BOUND('',#2428,.T.);
#2428 = EDGE_LOOP('',(#2429));
#2429 = ORIENTED_EDGE('',*,*,#2430,.T.);
#2430 = EDGE_CURVE('',#2431,#2431,#2433,.T.);
#2431 = VERTEX_POINT('',#2432);
#2432 = CARTESIAN_POINT('',(4.53,2.13162820728E-15,3.2));
#2433 = CIRCLE('',#2434,1.35);
#2434 = AXIS2_PLACEMENT_3D('',#2435,#2436,#2437);
#2435 = CARTESIAN_POINT('',(4.53,8.215650382226E-16,1.85));
#2436 = DIRECTION('',(1.,0.,-0.));
#2437 = DIRECTION('',(0.,9.70417162265E-16,1.));
#2438 = PLANE('',#2439);
#2439 = AXIS2_PLACEMENT_3D('',#2440,#2441,#2442);
#2440 = CARTESIAN_POINT('',(4.53,8.215650382226E-16,1.85));
#2441 = DIRECTION('',(1.,0.,0.));
#2442 = DIRECTION('',(-0.,9.726879335149E-16,1.));
#2443 = ADVANCED_FACE('',(#2444,#2447),#2458,.T.);
#2444 = FACE_BOUND('',#2445,.T.);
#2445 = EDGE_LOOP('',(#2446));
#2446 = ORIENTED_EDGE('',*,*,#2411,.T.);
#2447 = FACE_BOUND('',#2448,.T.);
#2448 = EDGE_LOOP('',(#2449));
#2449 = ORIENTED_EDGE('',*,*,#2450,.F.);
#2450 = EDGE_CURVE('',#2451,#2451,#2453,.T.);
#2451 = VERTEX_POINT('',#2452);
#2452 = CARTESIAN_POINT('',(5.83,2.13162820728E-15,3.2));
#2453 = CIRCLE('',#2454,1.35);
#2454 = AXIS2_PLACEMENT_3D('',#2455,#2456,#2457);
#2455 = CARTESIAN_POINT('',(5.83,8.215650382226E-16,1.85));
#2456 = DIRECTION('',(1.,0.,-0.));
#2457 = DIRECTION('',(0.,9.70417162265E-16,1.));
#2458 = PLANE('',#2459);
#2459 = AXIS2_PLACEMENT_3D('',#2460,#2461,#2462);
#2460 = CARTESIAN_POINT('',(5.83,8.215650382226E-16,1.85));
#2461 = DIRECTION('',(1.,0.,0.));
#2462 = DIRECTION('',(-0.,9.681797847099E-16,1.));
#2463 = ADVANCED_FACE('',(#2464),#2483,.T.);
#2464 = FACE_BOUND('',#2465,.T.);
#2465 = EDGE_LOOP('',(#2466,#2474,#2481,#2482));
#2466 = ORIENTED_EDGE('',*,*,#2467,.F.);
#2467 = EDGE_CURVE('',#2468,#2431,#2470,.T.);
#2468 = VERTEX_POINT('',#2469);
#2469 = CARTESIAN_POINT('',(3.75,2.13162820728E-15,3.2));
#2470 = LINE('',#2471,#2472);
#2471 = CARTESIAN_POINT('',(3.75,2.13162820728E-15,3.2));
#2472 = VECTOR('',#2473,1.);
#2473 = DIRECTION('',(1.,0.,0.));
#2474 = ORIENTED_EDGE('',*,*,#2475,.T.);
#2475 = EDGE_CURVE('',#2468,#2468,#2476,.T.);
#2476 = CIRCLE('',#2477,1.35);
#2477 = AXIS2_PLACEMENT_3D('',#2478,#2479,#2480);
#2478 = CARTESIAN_POINT('',(3.75,8.215650382226E-16,1.85));
#2479 = DIRECTION('',(1.,0.,-0.));
#2480 = DIRECTION('',(0.,9.70417162265E-16,1.));
#2481 = ORIENTED_EDGE('',*,*,#2467,.T.);
#2482 = ORIENTED_EDGE('',*,*,#2430,.F.);
#2483 = CYLINDRICAL_SURFACE('',#2484,1.35);
#2484 = AXIS2_PLACEMENT_3D('',#2485,#2486,#2487);
#2485 = CARTESIAN_POINT('',(3.75,8.215650382226E-16,1.85));
#2486 = DIRECTION('',(1.,0.,0.));
#2487 = DIRECTION('',(-0.,9.70417162265E-16,1.));
#2488 = ADVANCED_FACE('',(#2489),#2508,.T.);
#2489 = FACE_BOUND('',#2490,.T.);
#2490 = EDGE_LOOP('',(#2491,#2492,#2500,#2507));
#2491 = ORIENTED_EDGE('',*,*,#2450,.T.);
#2492 = ORIENTED_EDGE('',*,*,#2493,.T.);
#2493 = EDGE_CURVE('',#2451,#2494,#2496,.T.);
#2494 = VERTEX_POINT('',#2495);
#2495 = CARTESIAN_POINT('',(8.95,2.13162820728E-15,3.2));
#2496 = LINE('',#2497,#2498);
#2497 = CARTESIAN_POINT('',(3.75,2.13162820728E-15,3.2));
#2498 = VECTOR('',#2499,1.);
#2499 = DIRECTION('',(1.,0.,0.));
#2500 = ORIENTED_EDGE('',*,*,#2501,.F.);
#2501 = EDGE_CURVE('',#2494,#2494,#2502,.T.);
#2502 = CIRCLE('',#2503,1.35);
#2503 = AXIS2_PLACEMENT_3D('',#2504,#2505,#2506);
#2504 = CARTESIAN_POINT('',(8.95,8.215650382226E-16,1.85));
#2505 = DIRECTION('',(1.,0.,-0.));
#2506 = DIRECTION('',(0.,9.70417162265E-16,1.));
#2507 = ORIENTED_EDGE('',*,*,#2493,.F.);
#2508 = CYLINDRICAL_SURFACE('',#2509,1.35);
#2509 = AXIS2_PLACEMENT_3D('',#2510,#2511,#2512);
#2510 = CARTESIAN_POINT('',(3.75,8.215650382226E-16,1.85));
#2511 = DIRECTION('',(1.,0.,0.));
#2512 = DIRECTION('',(-0.,9.70417162265E-16,1.));
#2513 = ADVANCED_FACE('',(#2514,#2517),#2528,.F.);
#2514 = FACE_BOUND('',#2515,.T.);
#2515 = EDGE_LOOP('',(#2516));
#2516 = ORIENTED_EDGE('',*,*,#2475,.F.);
#2517 = FACE_BOUND('',#2518,.T.);
#2518 = EDGE_LOOP('',(#2519));
#2519 = ORIENTED_EDGE('',*,*,#2520,.T.);
#2520 = EDGE_CURVE('',#2521,#2521,#2523,.T.);
#2521 = VERTEX_POINT('',#2522);
#2522 = CARTESIAN_POINT('',(3.75,7.660538869914E-16,1.45));
#2523 = CIRCLE('',#2524,0.4);
#2524 = AXIS2_PLACEMENT_3D('',#2525,#2526,#2527);
#2525 = CARTESIAN_POINT('',(3.75,8.548717289614E-16,1.85));
#2526 = DIRECTION('',(1.,0.,0.));
#2527 = DIRECTION('',(0.,-2.22044604925E-16,-1.));
#2528 = PLANE('',#2529);
#2529 = AXIS2_PLACEMENT_3D('',#2530,#2531,#2532);
#2530 = CARTESIAN_POINT('',(3.75,8.215650382226E-16,1.85));
#2531 = DIRECTION('',(1.,0.,0.));
#2532 = DIRECTION('',(-0.,9.70417162265E-16,1.));
#2533 = ADVANCED_FACE('',(#2534,#2537),#2548,.T.);
#2534 = FACE_BOUND('',#2535,.F.);
#2535 = EDGE_LOOP('',(#2536));
#2536 = ORIENTED_EDGE('',*,*,#2501,.F.);
#2537 = FACE_BOUND('',#2538,.F.);
#2538 = EDGE_LOOP('',(#2539));
#2539 = ORIENTED_EDGE('',*,*,#2540,.T.);
#2540 = EDGE_CURVE('',#2541,#2541,#2543,.T.);
#2541 = VERTEX_POINT('',#2542);
#2542 = CARTESIAN_POINT('',(8.95,7.660538869914E-16,1.45));
#2543 = CIRCLE('',#2544,0.4);
#2544 = AXIS2_PLACEMENT_3D('',#2545,#2546,#2547);
#2545 = CARTESIAN_POINT('',(8.95,8.548717289614E-16,1.85));
#2546 = DIRECTION('',(1.,0.,0.));
#2547 = DIRECTION('',(0.,-2.22044604925E-16,-1.));
#2548 = PLANE('',#2549);
#2549 = AXIS2_PLACEMENT_3D('',#2550,#2551,#2552);
#2550 = CARTESIAN_POINT('',(8.95,8.215650382226E-16,1.85));
#2551 = DIRECTION('',(1.,0.,0.));
#2552 = DIRECTION('',(-0.,9.70417162265E-16,1.));
#2553 = ADVANCED_FACE('',(#2554),#2573,.T.);
#2554 = FACE_BOUND('',#2555,.T.);
#2555 = EDGE_LOOP('',(#2556,#2565,#2571,#2572));
#2556 = ORIENTED_EDGE('',*,*,#2557,.F.);
#2557 = EDGE_CURVE('',#2558,#2558,#2560,.T.);
#2558 = VERTEX_POINT('',#2559);
#2559 = CARTESIAN_POINT('',(0.8,7.660538869914E-16,1.45));
#2560 = CIRCLE('',#2561,0.4);
#2561 = AXIS2_PLACEMENT_3D('',#2562,#2563,#2564);
#2562 = CARTESIAN_POINT('',(0.8,8.548717289614E-16,1.85));
#2563 = DIRECTION('',(-1.,-4.078893220341E-32,-1.836970198721E-16));
#2564 = DIRECTION('',(-1.836970198721E-16,2.22044604925E-16,1.));
#2565 = ORIENTED_EDGE('',*,*,#2566,.T.);
#2566 = EDGE_CURVE('',#2558,#2521,#2567,.T.);
#2567 = LINE('',#2568,#2569);
#2568 = CARTESIAN_POINT('',(0.8,7.660538869914E-16,1.45));
#2569 = VECTOR('',#2570,1.);
#2570 = DIRECTION('',(1.,0.,0.));
#2571 = ORIENTED_EDGE('',*,*,#2520,.F.);
#2572 = ORIENTED_EDGE('',*,*,#2566,.F.);
#2573 = CYLINDRICAL_SURFACE('',#2574,0.4);
#2574 = AXIS2_PLACEMENT_3D('',#2575,#2576,#2577);
#2575 = CARTESIAN_POINT('',(0.8,8.548717289614E-16,1.85));
#2576 = DIRECTION('',(1.,0.,0.));
#2577 = DIRECTION('',(0.,-2.22044604925E-16,-1.));
#2578 = ADVANCED_FACE('',(#2579),#2598,.T.);
#2579 = FACE_BOUND('',#2580,.T.);
#2580 = EDGE_LOOP('',(#2581,#2582,#2590,#2597));
#2581 = ORIENTED_EDGE('',*,*,#2540,.T.);
#2582 = ORIENTED_EDGE('',*,*,#2583,.T.);
#2583 = EDGE_CURVE('',#2541,#2584,#2586,.T.);
#2584 = VERTEX_POINT('',#2585);
#2585 = CARTESIAN_POINT('',(11.9,7.660538869914E-16,1.45));
#2586 = LINE('',#2587,#2588);
#2587 = CARTESIAN_POINT('',(0.8,7.660538869914E-16,1.45));
#2588 = VECTOR('',#2589,1.);
#2589 = DIRECTION('',(1.,0.,0.));
#2590 = ORIENTED_EDGE('',*,*,#2591,.F.);
#2591 = EDGE_CURVE('',#2584,#2584,#2592,.T.);
#2592 = CIRCLE('',#2593,0.4);
#2593 = AXIS2_PLACEMENT_3D('',#2594,#2595,#2596);
#2594 = CARTESIAN_POINT('',(11.9,8.548717289614E-16,1.85));
#2595 = DIRECTION('',(1.,0.,0.));
#2596 = DIRECTION('',(0.,-2.22044604925E-16,-1.));
#2597 = ORIENTED_EDGE('',*,*,#2583,.F.);
#2598 = CYLINDRICAL_SURFACE('',#2599,0.4);
#2599 = AXIS2_PLACEMENT_3D('',#2600,#2601,#2602);
#2600 = CARTESIAN_POINT('',(0.8,8.548717289614E-16,1.85));
#2601 = DIRECTION('',(1.,0.,0.));
#2602 = DIRECTION('',(0.,-2.22044604925E-16,-1.));
#2603 = ADVANCED_FACE('',(#2604),#2624,.T.);
#2604 = FACE_BOUND('',#2605,.T.);
#2605 = EDGE_LOOP('',(#2606,#2615,#2616,#2617));
#2606 = ORIENTED_EDGE('',*,*,#2607,.T.);
#2607 = EDGE_CURVE('',#2608,#2558,#2610,.T.);
#2608 = VERTEX_POINT('',#2609);
#2609 = CARTESIAN_POINT('',(0.4,6.772360450213E-16,1.05));
#2610 = CIRCLE('',#2611,0.4);
#2611 = AXIS2_PLACEMENT_3D('',#2612,#2613,#2614);
#2612 = CARTESIAN_POINT('',(0.8,8.24193660919E-16,1.05));
#2613 = DIRECTION('',(0.,1.,-2.22044604925E-16));
#2614 = DIRECTION('',(1.,0.,0.));
#2615 = ORIENTED_EDGE('',*,*,#2557,.T.);
#2616 = ORIENTED_EDGE('',*,*,#2607,.F.);
#2617 = ORIENTED_EDGE('',*,*,#2618,.T.);
#2618 = EDGE_CURVE('',#2608,#2608,#2619,.T.);
#2619 = CIRCLE('',#2620,0.4);
#2620 = AXIS2_PLACEMENT_3D('',#2621,#2622,#2623);
#2621 = CARTESIAN_POINT('',(0.,6.772360450213E-16,1.05));
#2622 = DIRECTION('',(-0.,2.22044604925E-16,1.));
#2623 = DIRECTION('',(1.,0.,0.));
#2624 = TOROIDAL_SURFACE('',#2625,0.8,0.4);
#2625 = AXIS2_PLACEMENT_3D('',#2626,#2627,#2628);
#2626 = CARTESIAN_POINT('',(0.8,6.772360450213E-16,1.05));
#2627 = DIRECTION('',(0.,1.,-2.22044604925E-16));
#2628 = DIRECTION('',(1.,0.,0.));
#2629 = ADVANCED_FACE('',(#2630),#2650,.T.);
#2630 = FACE_BOUND('',#2631,.T.);
#2631 = EDGE_LOOP('',(#2632,#2641,#2648,#2649));
#2632 = ORIENTED_EDGE('',*,*,#2633,.T.);
#2633 = EDGE_CURVE('',#2584,#2634,#2636,.T.);
#2634 = VERTEX_POINT('',#2635);
#2635 = CARTESIAN_POINT('',(12.3,6.772360450213E-16,1.05));
#2636 = CIRCLE('',#2637,0.4);
#2637 = AXIS2_PLACEMENT_3D('',#2638,#2639,#2640);
#2638 = CARTESIAN_POINT('',(11.9,8.24193660919E-16,1.05));
#2639 = DIRECTION('',(0.,1.,-2.22044604925E-16));
#2640 = DIRECTION('',(1.,0.,0.));
#2641 = ORIENTED_EDGE('',*,*,#2642,.T.);
#2642 = EDGE_CURVE('',#2634,#2634,#2643,.T.);
#2643 = CIRCLE('',#2644,0.4);
#2644 = AXIS2_PLACEMENT_3D('',#2645,#2646,#2647);
#2645 = CARTESIAN_POINT('',(12.7,6.772360450213E-16,1.05));
#2646 = DIRECTION('',(-2.449293598295E-16,2.22044604925E-16,1.));
#2647 = DIRECTION('',(1.,5.438524293788E-32,2.449293598295E-16));
#2648 = ORIENTED_EDGE('',*,*,#2633,.F.);
#2649 = ORIENTED_EDGE('',*,*,#2591,.T.);
#2650 = TOROIDAL_SURFACE('',#2651,0.8,0.4);
#2651 = AXIS2_PLACEMENT_3D('',#2652,#2653,#2654);
#2652 = CARTESIAN_POINT('',(11.9,6.772360450213E-16,1.05));
#2653 = DIRECTION('',(0.,1.,-2.22044604925E-16));
#2654 = DIRECTION('',(1.,0.,0.));
#2655 = ADVANCED_FACE('',(#2656),#2675,.T.);
#2656 = FACE_BOUND('',#2657,.T.);
#2657 = EDGE_LOOP('',(#2658,#2666,#2667,#2668));
#2658 = ORIENTED_EDGE('',*,*,#2659,.T.);
#2659 = EDGE_CURVE('',#2660,#2608,#2662,.T.);
#2660 = VERTEX_POINT('',#2661);
#2661 = CARTESIAN_POINT('',(0.4,-2.089940463943E-16,-2.5));
#2662 = LINE('',#2663,#2664);
#2663 = CARTESIAN_POINT('',(0.4,6.772360450213E-16,1.05));
#2664 = VECTOR('',#2665,1.);
#2665 = DIRECTION('',(0.,2.22044604925E-16,1.));
#2666 = ORIENTED_EDGE('',*,*,#2618,.F.);
#2667 = ORIENTED_EDGE('',*,*,#2659,.F.);
#2668 = ORIENTED_EDGE('',*,*,#2669,.T.);
#2669 = EDGE_CURVE('',#2660,#2660,#2670,.T.);
#2670 = CIRCLE('',#2671,0.4);
#2671 = AXIS2_PLACEMENT_3D('',#2672,#2673,#2674);
#2672 = CARTESIAN_POINT('',(0.,-1.110223024625E-16,-2.5));
#2673 = DIRECTION('',(-0.,2.22044604925E-16,1.));
#2674 = DIRECTION('',(1.,0.,0.));
#2675 = CYLINDRICAL_SURFACE('',#2676,0.4);
#2676 = AXIS2_PLACEMENT_3D('',#2677,#2678,#2679);
#2677 = CARTESIAN_POINT('',(0.,6.772360450213E-16,1.05));
#2678 = DIRECTION('',(0.,2.22044604925E-16,1.));
#2679 = DIRECTION('',(1.,0.,-0.));
#2680 = ADVANCED_FACE('',(#2681),#2700,.T.);
#2681 = FACE_BOUND('',#2682,.T.);
#2682 = EDGE_LOOP('',(#2683,#2691,#2698,#2699));
#2683 = ORIENTED_EDGE('',*,*,#2684,.T.);
#2684 = EDGE_CURVE('',#2634,#2685,#2687,.T.);
#2685 = VERTEX_POINT('',#2686);
#2686 = CARTESIAN_POINT('',(12.3,-2.089940463943E-16,-2.5));
#2687 = LINE('',#2688,#2689);
#2688 = CARTESIAN_POINT('',(12.3,6.772360450213E-16,1.05));
#2689 = VECTOR('',#2690,1.);
#2690 = DIRECTION('',(0.,-2.22044604925E-16,-1.));
#2691 = ORIENTED_EDGE('',*,*,#2692,.F.);
#2692 = EDGE_CURVE('',#2685,#2685,#2693,.T.);
#2693 = CIRCLE('',#2694,0.4);
#2694 = AXIS2_PLACEMENT_3D('',#2695,#2696,#2697);
#2695 = CARTESIAN_POINT('',(12.7,-1.110223024625E-16,-2.5));
#2696 = DIRECTION('',(-0.,-2.22044604925E-16,-1.));
#2697 = DIRECTION('',(-1.,0.,0.));
#2698 = ORIENTED_EDGE('',*,*,#2684,.F.);
#2699 = ORIENTED_EDGE('',*,*,#2642,.F.);
#2700 = CYLINDRICAL_SURFACE('',#2701,0.4);
#2701 = AXIS2_PLACEMENT_3D('',#2702,#2703,#2704);
#2702 = CARTESIAN_POINT('',(12.7,6.772360450213E-16,1.05));
#2703 = DIRECTION('',(0.,-2.22044604925E-16,-1.));
#2704 = DIRECTION('',(-1.,-0.,0.));
#2705 = ADVANCED_FACE('',(#2706),#2709,.T.);
#2706 = FACE_BOUND('',#2707,.F.);
#2707 = EDGE_LOOP('',(#2708));
#2708 = ORIENTED_EDGE('',*,*,#2669,.T.);
#2709 = PLANE('',#2710);
#2710 = AXIS2_PLACEMENT_3D('',#2711,#2712,#2713);
#2711 = CARTESIAN_POINT('',(0.4,-1.110223024625E-16,-2.5));
#2712 = DIRECTION('',(0.,0.,-1.));
#2713 = DIRECTION('',(-1.,0.,0.));
#2714 = ADVANCED_FACE('',(#2715),#2718,.F.);
#2715 = FACE_BOUND('',#2716,.T.);
#2716 = EDGE_LOOP('',(#2717));
#2717 = ORIENTED_EDGE('',*,*,#2692,.T.);
#2718 = PLANE('',#2719);
#2719 = AXIS2_PLACEMENT_3D('',#2720,#2721,#2722);
#2720 = CARTESIAN_POINT('',(12.3,-1.110223024625E-16,-2.5));
#2721 = DIRECTION('',(0.,0.,1.));
#2722 = DIRECTION('',(1.,0.,-0.));
#2723 = ( GEOMETRIC_REPRESENTATION_CONTEXT(3) 
GLOBAL_UNCERTAINTY_ASSIGNED_CONTEXT((#2727)) 
GLOBAL_UNIT_ASSIGNED_CONTEXT((#2724,#2725,#2726)) REPRESENTATION_CONTEXT
('Context #1','3D Context with UNIT and UNCERTAINTY') );
#2724 = ( LENGTH_UNIT() NAMED_UNIT(*) SI_UNIT(.MILLI.,.METRE.) );
#2725 = ( NAMED_UNIT(*) PLANE_ANGLE_UNIT() SI_UNIT($,.RADIAN.) );
#2726 = ( NAMED_UNIT(*) SI_UNIT($,.STERADIAN.) SOLID_ANGLE_UNIT() );
#2727 = UNCERTAINTY_MEASURE_WITH_UNIT(LENGTH_MEASURE(1.E-07),#2724,
  'distance_accuracy_value','confusion accuracy');
#2728 = CONTEXT_DEPENDENT_SHAPE_REPRESENTATION(#2729,#2731);
#2729 = ( REPRESENTATION_RELATIONSHIP('','',#2387,#2364) 
REPRESENTATION_RELATIONSHIP_WITH_TRANSFORMATION(#2730) 
SHAPE_REPRESENTATION_RELATIONSHIP() );
#2730 = ITEM_DEFINED_TRANSFORMATION('','',#11,#2365);
#2731 = PRODUCT_DEFINITION_SHAPE('Placement','Placement of an item',
  #2732);
#2732 = NEXT_ASSEMBLY_USAGE_OCCURRENCE('14','=>[0:1:1:11]','',#2359,
  #2382,$);
#2733 = PRODUCT_RELATED_PRODUCT_CATEGORY('part',$,(#2384));
#2734 = CONTEXT_DEPENDENT_SHAPE_REPRESENTATION(#2735,#2737);
#2735 = ( REPRESENTATION_RELATIONSHIP('','',#80,#10) 
REPRESENTATION_RELATIONSHIP_WITH_TRANSFORMATION(#2736) 
SHAPE_REPRESENTATION_RELATIONSHIP() );
#2736 = ITEM_DEFINED_TRANSFORMATION('','',#11,#55);
#2737 = PRODUCT_DEFINITION_SHAPE('Placement','Placement of an item',
  #2738);
#2738 = NEXT_ASSEMBLY_USAGE_OCCURRENCE('16','R4','',#5,#75,$);
#2739 = CONTEXT_DEPENDENT_SHAPE_REPRESENTATION(#2740,#2742);
#2740 = ( REPRESENTATION_RELATIONSHIP('','',#80,#10) 
REPRESENTATION_RELATIONSHIP_WITH_TRANSFORMATION(#2741) 
SHAPE_REPRESENTATION_RELATIONSHIP() );
#2741 = ITEM_DEFINED_TRANSFORMATION('','',#11,#59);
#2742 = PRODUCT_DEFINITION_SHAPE('Placement','Placement of an item',
  #2743);
#2743 = NEXT_ASSEMBLY_USAGE_OCCURRENCE('17','R6','',#5,#75,$);
#2744 = SHAPE_DEFINITION_REPRESENTATION(#2745,#2751);
#2745 = PRODUCT_DEFINITION_SHAPE('','',#2746);
#2746 = PRODUCT_DEFINITION('design','',#2747,#2750);
#2747 = PRODUCT_DEFINITION_FORMATION('','',#2748);
#2748 = PRODUCT('HUB2_PCB','HUB2_PCB','',(#2749));
#2749 = PRODUCT_CONTEXT('',#2,'mechanical');
#2750 = PRODUCT_DEFINITION_CONTEXT('part definition',#2,'design');
#2751 = ADVANCED_BREP_SHAPE_REPRESENTATION('',(#11,#2752),#7075);
#2752 = MANIFOLD_SOLID_BREP('',#2753);
#2753 = CLOSED_SHELL('',(#2754,#2794,#2825,#2856,#4050,#5244,#5256,#5273
    ,#5290,#5307,#5324,#5341,#5358,#5375,#5392,#5409,#5426,#5443,#5460,
    #5477,#5494,#5511,#5528,#5545,#5562,#5579,#5596,#5613,#5630,#5647,
    #5664,#5681,#5698,#5715,#5732,#5749,#5766,#5783,#5800,#5817,#5834,
    #5851,#5868,#5885,#5902,#5919,#5936,#5953,#5970,#5987,#6004,#6021,
    #6038,#6055,#6072,#6089,#6106,#6123,#6140,#6157,#6174,#6191,#6208,
    #6225,#6242,#6259,#6276,#6293,#6310,#6327,#6344,#6361,#6378,#6395,
    #6412,#6429,#6446,#6463,#6480,#6497,#6514,#6531,#6548,#6565,#6582,
    #6599,#6616,#6633,#6650,#6667,#6684,#6701,#6718,#6735,#6752,#6769,
    #6786,#6803,#6820,#6837,#6854,#6871,#6888,#6905,#6922,#6939,#6956,
    #6973,#6990,#7007,#7024,#7041,#7058));
#2754 = ADVANCED_FACE('',(#2755),#2789,.T.);
#2755 = FACE_BOUND('',#2756,.T.);
#2756 = EDGE_LOOP('',(#2757,#2767,#2775,#2783));
#2757 = ORIENTED_EDGE('',*,*,#2758,.T.);
#2758 = EDGE_CURVE('',#2759,#2761,#2763,.T.);
#2759 = VERTEX_POINT('',#2760);
#2760 = CARTESIAN_POINT('',(176.5,-126.499999,0.));
#2761 = VERTEX_POINT('',#2762);
#2762 = CARTESIAN_POINT('',(176.5,-126.499999,1.51));
#2763 = LINE('',#2764,#2765);
#2764 = CARTESIAN_POINT('',(176.5,-126.499999,0.));
#2765 = VECTOR('',#2766,1.);
#2766 = DIRECTION('',(0.,0.,1.));
#2767 = ORIENTED_EDGE('',*,*,#2768,.T.);
#2768 = EDGE_CURVE('',#2761,#2769,#2771,.T.);
#2769 = VERTEX_POINT('',#2770);
#2770 = CARTESIAN_POINT('',(77.75,-126.499999,1.51));
#2771 = LINE('',#2772,#2773);
#2772 = CARTESIAN_POINT('',(176.5,-126.499999,1.51));
#2773 = VECTOR('',#2774,1.);
#2774 = DIRECTION('',(-1.,0.,0.));
#2775 = ORIENTED_EDGE('',*,*,#2776,.F.);
#2776 = EDGE_CURVE('',#2777,#2769,#2779,.T.);
#2777 = VERTEX_POINT('',#2778);
#2778 = CARTESIAN_POINT('',(77.75,-126.499999,0.));
#2779 = LINE('',#2780,#2781);
#2780 = CARTESIAN_POINT('',(77.75,-126.499999,0.));
#2781 = VECTOR('',#2782,1.);
#2782 = DIRECTION('',(0.,0.,1.));
#2783 = ORIENTED_EDGE('',*,*,#2784,.F.);
#2784 = EDGE_CURVE('',#2759,#2777,#2785,.T.);
#2785 = LINE('',#2786,#2787);
#2786 = CARTESIAN_POINT('',(176.5,-126.499999,0.));
#2787 = VECTOR('',#2788,1.);
#2788 = DIRECTION('',(-1.,0.,0.));
#2789 = PLANE('',#2790);
#2790 = AXIS2_PLACEMENT_3D('',#2791,#2792,#2793);
#2791 = CARTESIAN_POINT('',(176.5,-126.499999,0.));
#2792 = DIRECTION('',(0.,-1.,0.));
#2793 = DIRECTION('',(-1.,0.,0.));
#2794 = ADVANCED_FACE('',(#2795),#2820,.T.);
#2795 = FACE_BOUND('',#2796,.T.);
#2796 = EDGE_LOOP('',(#2797,#2807,#2813,#2814));
#2797 = ORIENTED_EDGE('',*,*,#2798,.T.);
#2798 = EDGE_CURVE('',#2799,#2801,#2803,.T.);
#2799 = VERTEX_POINT('',#2800);
#2800 = CARTESIAN_POINT('',(176.5,-41.25,0.));
#2801 = VERTEX_POINT('',#2802);
#2802 = CARTESIAN_POINT('',(176.5,-41.25,1.51));
#2803 = LINE('',#2804,#2805);
#2804 = CARTESIAN_POINT('',(176.5,-41.25,0.));
#2805 = VECTOR('',#2806,1.);
#2806 = DIRECTION('',(0.,0.,1.));
#2807 = ORIENTED_EDGE('',*,*,#2808,.T.);
#2808 = EDGE_CURVE('',#2801,#2761,#2809,.T.);
#2809 = LINE('',#2810,#2811);
#2810 = CARTESIAN_POINT('',(176.5,-41.25,1.51));
#2811 = VECTOR('',#2812,1.);
#2812 = DIRECTION('',(0.,-1.,0.));
#2813 = ORIENTED_EDGE('',*,*,#2758,.F.);
#2814 = ORIENTED_EDGE('',*,*,#2815,.F.);
#2815 = EDGE_CURVE('',#2799,#2759,#2816,.T.);
#2816 = LINE('',#2817,#2818);
#2817 = CARTESIAN_POINT('',(176.5,-41.25,0.));
#2818 = VECTOR('',#2819,1.);
#2819 = DIRECTION('',(0.,-1.,0.));
#2820 = PLANE('',#2821);
#2821 = AXIS2_PLACEMENT_3D('',#2822,#2823,#2824);
#2822 = CARTESIAN_POINT('',(176.5,-41.25,0.));
#2823 = DIRECTION('',(1.,0.,-0.));
#2824 = DIRECTION('',(0.,-1.,0.));
#2825 = ADVANCED_FACE('',(#2826),#2851,.T.);
#2826 = FACE_BOUND('',#2827,.T.);
#2827 = EDGE_LOOP('',(#2828,#2829,#2837,#2845));
#2828 = ORIENTED_EDGE('',*,*,#2776,.T.);
#2829 = ORIENTED_EDGE('',*,*,#2830,.T.);
#2830 = EDGE_CURVE('',#2769,#2831,#2833,.T.);
#2831 = VERTEX_POINT('',#2832);
#2832 = CARTESIAN_POINT('',(77.75,-41.25,1.51));
#2833 = LINE('',#2834,#2835);
#2834 = CARTESIAN_POINT('',(77.75,-126.499999,1.51));
#2835 = VECTOR('',#2836,1.);
#2836 = DIRECTION('',(0.,1.,0.));
#2837 = ORIENTED_EDGE('',*,*,#2838,.F.);
#2838 = EDGE_CURVE('',#2839,#2831,#2841,.T.);
#2839 = VERTEX_POINT('',#2840);
#2840 = CARTESIAN_POINT('',(77.75,-41.25,0.));
#2841 = LINE('',#2842,#2843);
#2842 = CARTESIAN_POINT('',(77.75,-41.25,0.));
#2843 = VECTOR('',#2844,1.);
#2844 = DIRECTION('',(0.,0.,1.));
#2845 = ORIENTED_EDGE('',*,*,#2846,.F.);
#2846 = EDGE_CURVE('',#2777,#2839,#2847,.T.);
#2847 = LINE('',#2848,#2849);
#2848 = CARTESIAN_POINT('',(77.75,-126.499999,0.));
#2849 = VECTOR('',#2850,1.);
#2850 = DIRECTION('',(0.,1.,0.));
#2851 = PLANE('',#2852);
#2852 = AXIS2_PLACEMENT_3D('',#2853,#2854,#2855);
#2853 = CARTESIAN_POINT('',(77.75,-126.499999,0.));
#2854 = DIRECTION('',(-1.,0.,0.));
#2855 = DIRECTION('',(0.,1.,0.));
#2856 = ADVANCED_FACE('',(#2857,#2868,#2879,#2890,#2901,#2912,#2923,
    #2934,#2945,#2956,#2967,#2978,#2989,#3000,#3011,#3022,#3033,#3044,
    #3055,#3066,#3077,#3088,#3099,#3110,#3121,#3132,#3143,#3154,#3165,
    #3176,#3187,#3198,#3209,#3220,#3231,#3242,#3253,#3264,#3275,#3286,
    #3297,#3308,#3319,#3330,#3341,#3352,#3363,#3374,#3385,#3396,#3407,
    #3418,#3429,#3440,#3451,#3462,#3473,#3484,#3495,#3506,#3517,#3528,
    #3539,#3550,#3561,#3572,#3583,#3594,#3605,#3616,#3627,#3638,#3649,
    #3660,#3671,#3682,#3693,#3704,#3715,#3726,#3737,#3748,#3759,#3770,
    #3781,#3792,#3803,#3814,#3825,#3836,#3847,#3858,#3869,#3880,#3891,
    #3902,#3913,#3924,#3935,#3946,#3957,#3968,#3979,#3990,#4001,#4012,
    #4023,#4034),#4045,.F.);
#2857 = FACE_BOUND('',#2858,.F.);
#2858 = EDGE_LOOP('',(#2859,#2860,#2861,#2867));
#2859 = ORIENTED_EDGE('',*,*,#2784,.F.);
#2860 = ORIENTED_EDGE('',*,*,#2815,.F.);
#2861 = ORIENTED_EDGE('',*,*,#2862,.F.);
#2862 = EDGE_CURVE('',#2839,#2799,#2863,.T.);
#2863 = LINE('',#2864,#2865);
#2864 = CARTESIAN_POINT('',(77.75,-41.25,0.));
#2865 = VECTOR('',#2866,1.);
#2866 = DIRECTION('',(1.,0.,0.));
#2867 = ORIENTED_EDGE('',*,*,#2846,.F.);
#2868 = FACE_BOUND('',#2869,.F.);
#2869 = EDGE_LOOP('',(#2870));
#2870 = ORIENTED_EDGE('',*,*,#2871,.T.);
#2871 = EDGE_CURVE('',#2872,#2872,#2874,.T.);
#2872 = VERTEX_POINT('',#2873);
#2873 = CARTESIAN_POINT('',(82.,-124.6,0.));
#2874 = CIRCLE('',#2875,1.6);
#2875 = AXIS2_PLACEMENT_3D('',#2876,#2877,#2878);
#2876 = CARTESIAN_POINT('',(82.,-123.,0.));
#2877 = DIRECTION('',(-0.,0.,-1.));
#2878 = DIRECTION('',(-0.,-1.,0.));
#2879 = FACE_BOUND('',#2880,.F.);
#2880 = EDGE_LOOP('',(#2881));
#2881 = ORIENTED_EDGE('',*,*,#2882,.T.);
#2882 = EDGE_CURVE('',#2883,#2883,#2885,.T.);
#2883 = VERTEX_POINT('',#2884);
#2884 = CARTESIAN_POINT('',(87.75,-116.15,0.));
#2885 = CIRCLE('',#2886,0.4);
#2886 = AXIS2_PLACEMENT_3D('',#2887,#2888,#2889);
#2887 = CARTESIAN_POINT('',(87.75,-115.75,0.));
#2888 = DIRECTION('',(-0.,0.,-1.));
#2889 = DIRECTION('',(-0.,-1.,0.));
#2890 = FACE_BOUND('',#2891,.F.);
#2891 = EDGE_LOOP('',(#2892));
#2892 = ORIENTED_EDGE('',*,*,#2893,.T.);
#2893 = EDGE_CURVE('',#2894,#2894,#2896,.T.);
#2894 = VERTEX_POINT('',#2895);
#2895 = CARTESIAN_POINT('',(87.75,-95.65,0.));
#2896 = CIRCLE('',#2897,0.4);
#2897 = AXIS2_PLACEMENT_3D('',#2898,#2899,#2900);
#2898 = CARTESIAN_POINT('',(87.75,-95.25,0.));
#2899 = DIRECTION('',(-0.,0.,-1.));
#2900 = DIRECTION('',(-0.,-1.,0.));
#2901 = FACE_BOUND('',#2902,.F.);
#2902 = EDGE_LOOP('',(#2903));
#2903 = ORIENTED_EDGE('',*,*,#2904,.T.);
#2904 = EDGE_CURVE('',#2905,#2905,#2907,.T.);
#2905 = VERTEX_POINT('',#2906);
#2906 = CARTESIAN_POINT('',(93.46,-90.39,0.));
#2907 = CIRCLE('',#2908,0.35);
#2908 = AXIS2_PLACEMENT_3D('',#2909,#2910,#2911);
#2909 = CARTESIAN_POINT('',(93.46,-90.04,0.));
#2910 = DIRECTION('',(-0.,0.,-1.));
#2911 = DIRECTION('',(-4.060244204344E-14,-1.,0.));
#2912 = FACE_BOUND('',#2913,.F.);
#2913 = EDGE_LOOP('',(#2914));
#2914 = ORIENTED_EDGE('',*,*,#2915,.T.);
#2915 = EDGE_CURVE('',#2916,#2916,#2918,.T.);
#2916 = VERTEX_POINT('',#2917);
#2917 = CARTESIAN_POINT('',(96.,-87.85,0.));
#2918 = CIRCLE('',#2919,0.35);
#2919 = AXIS2_PLACEMENT_3D('',#2920,#2921,#2922);
#2920 = CARTESIAN_POINT('',(96.,-87.5,0.));
#2921 = DIRECTION('',(-0.,0.,-1.));
#2922 = DIRECTION('',(-0.,-1.,0.));
#2923 = FACE_BOUND('',#2924,.F.);
#2924 = EDGE_LOOP('',(#2925));
#2925 = ORIENTED_EDGE('',*,*,#2926,.T.);
#2926 = EDGE_CURVE('',#2927,#2927,#2929,.T.);
#2927 = VERTEX_POINT('',#2928);
#2928 = CARTESIAN_POINT('',(93.46,-85.31,0.));
#2929 = CIRCLE('',#2930,0.35);
#2930 = AXIS2_PLACEMENT_3D('',#2931,#2932,#2933);
#2931 = CARTESIAN_POINT('',(93.46,-84.96,0.));
#2932 = DIRECTION('',(-0.,0.,-1.));
#2933 = DIRECTION('',(-4.060244204343E-14,-1.,0.));
#2934 = FACE_BOUND('',#2935,.F.);
#2935 = EDGE_LOOP('',(#2936));
#2936 = ORIENTED_EDGE('',*,*,#2937,.T.);
#2937 = EDGE_CURVE('',#2938,#2938,#2940,.T.);
#2938 = VERTEX_POINT('',#2939);
#2939 = CARTESIAN_POINT('',(99.67,-87.9,0.));
#2940 = CIRCLE('',#2941,0.4);
#2941 = AXIS2_PLACEMENT_3D('',#2942,#2943,#2944);
#2942 = CARTESIAN_POINT('',(99.67,-87.5,0.));
#2943 = DIRECTION('',(-0.,0.,-1.));
#2944 = DIRECTION('',(3.5527136788E-14,-1.,-0.));
#2945 = FACE_BOUND('',#2946,.F.);
#2946 = EDGE_LOOP('',(#2947));
#2947 = ORIENTED_EDGE('',*,*,#2948,.T.);
#2948 = EDGE_CURVE('',#2949,#2949,#2951,.T.);
#2949 = VERTEX_POINT('',#2950);
#2950 = CARTESIAN_POINT('',(109.83,-87.9,0.));
#2951 = CIRCLE('',#2952,0.4);
#2952 = AXIS2_PLACEMENT_3D('',#2953,#2954,#2955);
#2953 = CARTESIAN_POINT('',(109.83,-87.5,0.));
#2954 = DIRECTION('',(-0.,0.,-1.));
#2955 = DIRECTION('',(-3.552713678801E-14,-1.,0.));
#2956 = FACE_BOUND('',#2957,.F.);
#2957 = EDGE_LOOP('',(#2958));
#2958 = ORIENTED_EDGE('',*,*,#2959,.T.);
#2959 = EDGE_CURVE('',#2960,#2960,#2962,.T.);
#2960 = VERTEX_POINT('',#2961);
#2961 = CARTESIAN_POINT('',(125.16,-90.725,0.));
#2962 = CIRCLE('',#2963,0.555);
#2963 = AXIS2_PLACEMENT_3D('',#2964,#2965,#2966);
#2964 = CARTESIAN_POINT('',(125.16,-90.17,0.));
#2965 = DIRECTION('',(-0.,0.,-1.));
#2966 = DIRECTION('',(-0.,-1.,0.));
#2967 = FACE_BOUND('',#2968,.F.);
#2968 = EDGE_LOOP('',(#2969));
#2969 = ORIENTED_EDGE('',*,*,#2970,.T.);
#2970 = EDGE_CURVE('',#2971,#2971,#2973,.T.);
#2971 = VERTEX_POINT('',#2972);
#2972 = CARTESIAN_POINT('',(138.25,-116.15,0.));
#2973 = CIRCLE('',#2974,0.4);
#2974 = AXIS2_PLACEMENT_3D('',#2975,#2976,#2977);
#2975 = CARTESIAN_POINT('',(138.25,-115.75,0.));
#2976 = DIRECTION('',(-0.,0.,-1.));
#2977 = DIRECTION('',(-0.,-1.,0.));
#2978 = FACE_BOUND('',#2979,.F.);
#2979 = EDGE_LOOP('',(#2980));
#2980 = ORIENTED_EDGE('',*,*,#2981,.T.);
#2981 = EDGE_CURVE('',#2982,#2982,#2984,.T.);
#2982 = VERTEX_POINT('',#2983);
#2983 = CARTESIAN_POINT('',(146.,-116.175,0.));
#2984 = CIRCLE('',#2985,0.555);
#2985 = AXIS2_PLACEMENT_3D('',#2986,#2987,#2988);
#2986 = CARTESIAN_POINT('',(146.,-115.62,0.));
#2987 = DIRECTION('',(-0.,0.,-1.));
#2988 = DIRECTION('',(-0.,-1.,0.));
#2989 = FACE_BOUND('',#2990,.F.);
#2990 = EDGE_LOOP('',(#2991));
#2991 = ORIENTED_EDGE('',*,*,#2992,.T.);
#2992 = EDGE_CURVE('',#2993,#2993,#2995,.T.);
#2993 = VERTEX_POINT('',#2994);
#2994 = CARTESIAN_POINT('',(146.,-113.635,0.));
#2995 = CIRCLE('',#2996,0.555);
#2996 = AXIS2_PLACEMENT_3D('',#2997,#2998,#2999);
#2997 = CARTESIAN_POINT('',(146.,-113.08,0.));
#2998 = DIRECTION('',(-0.,0.,-1.));
#2999 = DIRECTION('',(-0.,-1.,0.));
#3000 = FACE_BOUND('',#3001,.F.);
#3001 = EDGE_LOOP('',(#3002));
#3002 = ORIENTED_EDGE('',*,*,#3003,.T.);
#3003 = EDGE_CURVE('',#3004,#3004,#3006,.T.);
#3004 = VERTEX_POINT('',#3005);
#3005 = CARTESIAN_POINT('',(146.,-111.095,0.));
#3006 = CIRCLE('',#3007,0.555);
#3007 = AXIS2_PLACEMENT_3D('',#3008,#3009,#3010);
#3008 = CARTESIAN_POINT('',(146.,-110.54,0.));
#3009 = DIRECTION('',(-0.,0.,-1.));
#3010 = DIRECTION('',(-0.,-1.,0.));
#3011 = FACE_BOUND('',#3012,.F.);
#3012 = EDGE_LOOP('',(#3013));
#3013 = ORIENTED_EDGE('',*,*,#3014,.T.);
#3014 = EDGE_CURVE('',#3015,#3015,#3017,.T.);
#3015 = VERTEX_POINT('',#3016);
#3016 = CARTESIAN_POINT('',(146.,-108.555,0.));
#3017 = CIRCLE('',#3018,0.555);
#3018 = AXIS2_PLACEMENT_3D('',#3019,#3020,#3021);
#3019 = CARTESIAN_POINT('',(146.,-108.,0.));
#3020 = DIRECTION('',(-0.,0.,-1.));
#3021 = DIRECTION('',(-0.,-1.,0.));
#3022 = FACE_BOUND('',#3023,.F.);
#3023 = EDGE_LOOP('',(#3024));
#3024 = ORIENTED_EDGE('',*,*,#3025,.T.);
#3025 = EDGE_CURVE('',#3026,#3026,#3028,.T.);
#3026 = VERTEX_POINT('',#3027);
#3027 = CARTESIAN_POINT('',(146.,-106.015,0.));
#3028 = CIRCLE('',#3029,0.555);
#3029 = AXIS2_PLACEMENT_3D('',#3030,#3031,#3032);
#3030 = CARTESIAN_POINT('',(146.,-105.46,0.));
#3031 = DIRECTION('',(-0.,0.,-1.));
#3032 = DIRECTION('',(-0.,-1.,0.));
#3033 = FACE_BOUND('',#3034,.F.);
#3034 = EDGE_LOOP('',(#3035));
#3035 = ORIENTED_EDGE('',*,*,#3036,.T.);
#3036 = EDGE_CURVE('',#3037,#3037,#3039,.T.);
#3037 = VERTEX_POINT('',#3038);
#3038 = CARTESIAN_POINT('',(169.,-124.6,0.));
#3039 = CIRCLE('',#3040,1.6);
#3040 = AXIS2_PLACEMENT_3D('',#3041,#3042,#3043);
#3041 = CARTESIAN_POINT('',(169.,-123.,0.));
#3042 = DIRECTION('',(-0.,0.,-1.));
#3043 = DIRECTION('',(-0.,-1.,0.));
#3044 = FACE_BOUND('',#3045,.F.);
#3045 = EDGE_LOOP('',(#3046));
#3046 = ORIENTED_EDGE('',*,*,#3047,.T.);
#3047 = EDGE_CURVE('',#3048,#3048,#3050,.T.);
#3048 = VERTEX_POINT('',#3049);
#3049 = CARTESIAN_POINT('',(146.,-103.475,0.));
#3050 = CIRCLE('',#3051,0.555);
#3051 = AXIS2_PLACEMENT_3D('',#3052,#3053,#3054);
#3052 = CARTESIAN_POINT('',(146.,-102.92,0.));
#3053 = DIRECTION('',(-0.,0.,-1.));
#3054 = DIRECTION('',(-0.,-1.,0.));
#3055 = FACE_BOUND('',#3056,.F.);
#3056 = EDGE_LOOP('',(#3057));
#3057 = ORIENTED_EDGE('',*,*,#3058,.T.);
#3058 = EDGE_CURVE('',#3059,#3059,#3061,.T.);
#3059 = VERTEX_POINT('',#3060);
#3060 = CARTESIAN_POINT('',(146.,-100.935,0.));
#3061 = CIRCLE('',#3062,0.555);
#3062 = AXIS2_PLACEMENT_3D('',#3063,#3064,#3065);
#3063 = CARTESIAN_POINT('',(146.,-100.38,0.));
#3064 = DIRECTION('',(-0.,0.,-1.));
#3065 = DIRECTION('',(-0.,-1.,0.));
#3066 = FACE_BOUND('',#3067,.F.);
#3067 = EDGE_LOOP('',(#3068));
#3068 = ORIENTED_EDGE('',*,*,#3069,.T.);
#3069 = EDGE_CURVE('',#3070,#3070,#3072,.T.);
#3070 = VERTEX_POINT('',#3071);
#3071 = CARTESIAN_POINT('',(138.25,-95.65,0.));
#3072 = CIRCLE('',#3073,0.4);
#3073 = AXIS2_PLACEMENT_3D('',#3074,#3075,#3076);
#3074 = CARTESIAN_POINT('',(138.25,-95.25,0.));
#3075 = DIRECTION('',(-0.,0.,-1.));
#3076 = DIRECTION('',(-0.,-1.,0.));
#3077 = FACE_BOUND('',#3078,.F.);
#3078 = EDGE_LOOP('',(#3079));
#3079 = ORIENTED_EDGE('',*,*,#3080,.T.);
#3080 = EDGE_CURVE('',#3081,#3081,#3083,.T.);
#3081 = VERTEX_POINT('',#3082);
#3082 = CARTESIAN_POINT('',(146.,-98.395,0.));
#3083 = CIRCLE('',#3084,0.555);
#3084 = AXIS2_PLACEMENT_3D('',#3085,#3086,#3087);
#3085 = CARTESIAN_POINT('',(146.,-97.84,0.));
#3086 = DIRECTION('',(-0.,0.,-1.));
#3087 = DIRECTION('',(-0.,-1.,0.));
#3088 = FACE_BOUND('',#3089,.F.);
#3089 = EDGE_LOOP('',(#3090));
#3090 = ORIENTED_EDGE('',*,*,#3091,.T.);
#3091 = EDGE_CURVE('',#3092,#3092,#3094,.T.);
#3092 = VERTEX_POINT('',#3093);
#3093 = CARTESIAN_POINT('',(146.,-95.855,0.));
#3094 = CIRCLE('',#3095,0.555);
#3095 = AXIS2_PLACEMENT_3D('',#3096,#3097,#3098);
#3096 = CARTESIAN_POINT('',(146.,-95.3,0.));
#3097 = DIRECTION('',(-0.,0.,-1.));
#3098 = DIRECTION('',(-0.,-1.,0.));
#3099 = FACE_BOUND('',#3100,.F.);
#3100 = EDGE_LOOP('',(#3101));
#3101 = ORIENTED_EDGE('',*,*,#3102,.T.);
#3102 = EDGE_CURVE('',#3103,#3103,#3105,.T.);
#3103 = VERTEX_POINT('',#3104);
#3104 = CARTESIAN_POINT('',(127.7,-90.725,0.));
#3105 = CIRCLE('',#3106,0.555);
#3106 = AXIS2_PLACEMENT_3D('',#3107,#3108,#3109);
#3107 = CARTESIAN_POINT('',(127.7,-90.17,0.));
#3108 = DIRECTION('',(-0.,0.,-1.));
#3109 = DIRECTION('',(2.560514363099E-14,-1.,-0.));
#3110 = FACE_BOUND('',#3111,.F.);
#3111 = EDGE_LOOP('',(#3112));
#3112 = ORIENTED_EDGE('',*,*,#3113,.T.);
#3113 = EDGE_CURVE('',#3114,#3114,#3116,.T.);
#3114 = VERTEX_POINT('',#3115);
#3115 = CARTESIAN_POINT('',(130.24,-90.725,0.));
#3116 = CIRCLE('',#3117,0.555);
#3117 = AXIS2_PLACEMENT_3D('',#3118,#3119,#3120);
#3118 = CARTESIAN_POINT('',(130.24,-90.17,0.));
#3119 = DIRECTION('',(-0.,0.,-1.));
#3120 = DIRECTION('',(-0.,-1.,0.));
#3121 = FACE_BOUND('',#3122,.F.);
#3122 = EDGE_LOOP('',(#3123));
#3123 = ORIENTED_EDGE('',*,*,#3124,.T.);
#3124 = EDGE_CURVE('',#3125,#3125,#3127,.T.);
#3125 = VERTEX_POINT('',#3126);
#3126 = CARTESIAN_POINT('',(132.78,-90.725,0.));
#3127 = CIRCLE('',#3128,0.555);
#3128 = AXIS2_PLACEMENT_3D('',#3129,#3130,#3131);
#3129 = CARTESIAN_POINT('',(132.78,-90.17,0.));
#3130 = DIRECTION('',(-0.,0.,-1.));
#3131 = DIRECTION('',(-0.,-1.,0.));
#3132 = FACE_BOUND('',#3133,.F.);
#3133 = EDGE_LOOP('',(#3134));
#3134 = ORIENTED_EDGE('',*,*,#3135,.T.);
#3135 = EDGE_CURVE('',#3136,#3136,#3138,.T.);
#3136 = VERTEX_POINT('',#3137);
#3137 = CARTESIAN_POINT('',(135.32,-90.725,0.));
#3138 = CIRCLE('',#3139,0.555);
#3139 = AXIS2_PLACEMENT_3D('',#3140,#3141,#3142);
#3140 = CARTESIAN_POINT('',(135.32,-90.17,0.));
#3141 = DIRECTION('',(-0.,0.,-1.));
#3142 = DIRECTION('',(-0.,-1.,0.));
#3143 = FACE_BOUND('',#3144,.F.);
#3144 = EDGE_LOOP('',(#3145));
#3145 = ORIENTED_EDGE('',*,*,#3146,.T.);
#3146 = EDGE_CURVE('',#3147,#3147,#3149,.T.);
#3147 = VERTEX_POINT('',#3148);
#3148 = CARTESIAN_POINT('',(137.86,-90.725,0.));
#3149 = CIRCLE('',#3150,0.555);
#3150 = AXIS2_PLACEMENT_3D('',#3151,#3152,#3153);
#3151 = CARTESIAN_POINT('',(137.86,-90.17,0.));
#3152 = DIRECTION('',(-0.,0.,-1.));
#3153 = DIRECTION('',(-0.,-1.,0.));
#3154 = FACE_BOUND('',#3155,.F.);
#3155 = EDGE_LOOP('',(#3156));
#3156 = ORIENTED_EDGE('',*,*,#3157,.T.);
#3157 = EDGE_CURVE('',#3158,#3158,#3160,.T.);
#3158 = VERTEX_POINT('',#3159);
#3159 = CARTESIAN_POINT('',(140.4,-90.725,0.));
#3160 = CIRCLE('',#3161,0.555);
#3161 = AXIS2_PLACEMENT_3D('',#3162,#3163,#3164);
#3162 = CARTESIAN_POINT('',(140.4,-90.17,0.));
#3163 = DIRECTION('',(-0.,0.,-1.));
#3164 = DIRECTION('',(-0.,-1.,0.));
#3165 = FACE_BOUND('',#3166,.F.);
#3166 = EDGE_LOOP('',(#3167));
#3167 = ORIENTED_EDGE('',*,*,#3168,.T.);
#3168 = EDGE_CURVE('',#3169,#3169,#3171,.T.);
#3169 = VERTEX_POINT('',#3170);
#3170 = CARTESIAN_POINT('',(142.94,-90.725,0.));
#3171 = CIRCLE('',#3172,0.555);
#3172 = AXIS2_PLACEMENT_3D('',#3173,#3174,#3175);
#3173 = CARTESIAN_POINT('',(142.94,-90.17,0.));
#3174 = DIRECTION('',(-0.,0.,-1.));
#3175 = DIRECTION('',(-0.,-1.,0.));
#3176 = FACE_BOUND('',#3177,.F.);
#3177 = EDGE_LOOP('',(#3178));
#3178 = ORIENTED_EDGE('',*,*,#3179,.T.);
#3179 = EDGE_CURVE('',#3180,#3180,#3182,.T.);
#3180 = VERTEX_POINT('',#3181);
#3181 = CARTESIAN_POINT('',(145.48,-90.725,0.));
#3182 = CIRCLE('',#3183,0.555);
#3183 = AXIS2_PLACEMENT_3D('',#3184,#3185,#3186);
#3184 = CARTESIAN_POINT('',(145.48,-90.17,0.));
#3185 = DIRECTION('',(-0.,0.,-1.));
#3186 = DIRECTION('',(-5.121028726199E-14,-1.,0.));
#3187 = FACE_BOUND('',#3188,.F.);
#3188 = EDGE_LOOP('',(#3189));
#3189 = ORIENTED_EDGE('',*,*,#3190,.T.);
#3190 = EDGE_CURVE('',#3191,#3191,#3193,.T.);
#3191 = VERTEX_POINT('',#3192);
#3192 = CARTESIAN_POINT('',(148.02,-90.725,0.));
#3193 = CIRCLE('',#3194,0.555);
#3194 = AXIS2_PLACEMENT_3D('',#3195,#3196,#3197);
#3195 = CARTESIAN_POINT('',(148.02,-90.17,0.));
#3196 = DIRECTION('',(-0.,0.,-1.));
#3197 = DIRECTION('',(5.121028726199E-14,-1.,-0.));
#3198 = FACE_BOUND('',#3199,.F.);
#3199 = EDGE_LOOP('',(#3200));
#3200 = ORIENTED_EDGE('',*,*,#3201,.T.);
#3201 = EDGE_CURVE('',#3202,#3202,#3204,.T.);
#3202 = VERTEX_POINT('',#3203);
#3203 = CARTESIAN_POINT('',(150.56,-90.725,0.));
#3204 = CIRCLE('',#3205,0.555);
#3205 = AXIS2_PLACEMENT_3D('',#3206,#3207,#3208);
#3206 = CARTESIAN_POINT('',(150.56,-90.17,0.));
#3207 = DIRECTION('',(-0.,0.,-1.));
#3208 = DIRECTION('',(-0.,-1.,0.));
#3209 = FACE_BOUND('',#3210,.F.);
#3210 = EDGE_LOOP('',(#3211));
#3211 = ORIENTED_EDGE('',*,*,#3212,.T.);
#3212 = EDGE_CURVE('',#3213,#3213,#3215,.T.);
#3213 = VERTEX_POINT('',#3214);
#3214 = CARTESIAN_POINT('',(153.1,-90.725,0.));
#3215 = CIRCLE('',#3216,0.555);
#3216 = AXIS2_PLACEMENT_3D('',#3217,#3218,#3219);
#3217 = CARTESIAN_POINT('',(153.1,-90.17,0.));
#3218 = DIRECTION('',(-0.,0.,-1.));
#3219 = DIRECTION('',(-0.,-1.,0.));
#3220 = FACE_BOUND('',#3221,.F.);
#3221 = EDGE_LOOP('',(#3222));
#3222 = ORIENTED_EDGE('',*,*,#3223,.T.);
#3223 = EDGE_CURVE('',#3224,#3224,#3226,.T.);
#3224 = VERTEX_POINT('',#3225);
#3225 = CARTESIAN_POINT('',(155.64,-90.725,0.));
#3226 = CIRCLE('',#3227,0.555);
#3227 = AXIS2_PLACEMENT_3D('',#3228,#3229,#3230);
#3228 = CARTESIAN_POINT('',(155.64,-90.17,0.));
#3229 = DIRECTION('',(-0.,0.,-1.));
#3230 = DIRECTION('',(-0.,-1.,0.));
#3231 = FACE_BOUND('',#3232,.F.);
#3232 = EDGE_LOOP('',(#3233));
#3233 = ORIENTED_EDGE('',*,*,#3234,.T.);
#3234 = EDGE_CURVE('',#3235,#3235,#3237,.T.);
#3235 = VERTEX_POINT('',#3236);
#3236 = CARTESIAN_POINT('',(158.18,-90.725,0.));
#3237 = CIRCLE('',#3238,0.555);
#3238 = AXIS2_PLACEMENT_3D('',#3239,#3240,#3241);
#3239 = CARTESIAN_POINT('',(158.18,-90.17,0.));
#3240 = DIRECTION('',(-0.,0.,-1.));
#3241 = DIRECTION('',(-0.,-1.,0.));
#3242 = FACE_BOUND('',#3243,.F.);
#3243 = EDGE_LOOP('',(#3244));
#3244 = ORIENTED_EDGE('',*,*,#3245,.T.);
#3245 = EDGE_CURVE('',#3246,#3246,#3248,.T.);
#3246 = VERTEX_POINT('',#3247);
#3247 = CARTESIAN_POINT('',(160.72,-90.725,0.));
#3248 = CIRCLE('',#3249,0.555);
#3249 = AXIS2_PLACEMENT_3D('',#3250,#3251,#3252);
#3250 = CARTESIAN_POINT('',(160.72,-90.17,0.));
#3251 = DIRECTION('',(-0.,0.,-1.));
#3252 = DIRECTION('',(-0.,-1.,0.));
#3253 = FACE_BOUND('',#3254,.F.);
#3254 = EDGE_LOOP('',(#3255));
#3255 = ORIENTED_EDGE('',*,*,#3256,.T.);
#3256 = EDGE_CURVE('',#3257,#3257,#3259,.T.);
#3257 = VERTEX_POINT('',#3258);
#3258 = CARTESIAN_POINT('',(163.26,-90.725,0.));
#3259 = CIRCLE('',#3260,0.555);
#3260 = AXIS2_PLACEMENT_3D('',#3261,#3262,#3263);
#3261 = CARTESIAN_POINT('',(163.26,-90.17,0.));
#3262 = DIRECTION('',(-0.,0.,-1.));
#3263 = DIRECTION('',(-0.,-1.,0.));
#3264 = FACE_BOUND('',#3265,.F.);
#3265 = EDGE_LOOP('',(#3266));
#3266 = ORIENTED_EDGE('',*,*,#3267,.T.);
#3267 = EDGE_CURVE('',#3268,#3268,#3270,.T.);
#3268 = VERTEX_POINT('',#3269);
#3269 = CARTESIAN_POINT('',(165.8,-90.725,0.));
#3270 = CIRCLE('',#3271,0.555);
#3271 = AXIS2_PLACEMENT_3D('',#3272,#3273,#3274);
#3272 = CARTESIAN_POINT('',(165.8,-90.17,0.));
#3273 = DIRECTION('',(-0.,0.,-1.));
#3274 = DIRECTION('',(-0.,-1.,0.));
#3275 = FACE_BOUND('',#3276,.F.);
#3276 = EDGE_LOOP('',(#3277));
#3277 = ORIENTED_EDGE('',*,*,#3278,.T.);
#3278 = EDGE_CURVE('',#3279,#3279,#3281,.T.);
#3279 = VERTEX_POINT('',#3280);
#3280 = CARTESIAN_POINT('',(168.34,-90.725,0.));
#3281 = CIRCLE('',#3282,0.555);
#3282 = AXIS2_PLACEMENT_3D('',#3283,#3284,#3285);
#3283 = CARTESIAN_POINT('',(168.34,-90.17,0.));
#3284 = DIRECTION('',(-0.,0.,-1.));
#3285 = DIRECTION('',(-0.,-1.,0.));
#3286 = FACE_BOUND('',#3287,.F.);
#3287 = EDGE_LOOP('',(#3288));
#3288 = ORIENTED_EDGE('',*,*,#3289,.T.);
#3289 = EDGE_CURVE('',#3290,#3290,#3292,.T.);
#3290 = VERTEX_POINT('',#3291);
#3291 = CARTESIAN_POINT('',(170.88,-90.725,0.));
#3292 = CIRCLE('',#3293,0.555);
#3293 = AXIS2_PLACEMENT_3D('',#3294,#3295,#3296);
#3294 = CARTESIAN_POINT('',(170.88,-90.17,0.));
#3295 = DIRECTION('',(-0.,0.,-1.));
#3296 = DIRECTION('',(-0.,-1.,0.));
#3297 = FACE_BOUND('',#3298,.F.);
#3298 = EDGE_LOOP('',(#3299));
#3299 = ORIENTED_EDGE('',*,*,#3300,.T.);
#3300 = EDGE_CURVE('',#3301,#3301,#3303,.T.);
#3301 = VERTEX_POINT('',#3302);
#3302 = CARTESIAN_POINT('',(93.5,-79.9,0.));
#3303 = CIRCLE('',#3304,0.55);
#3304 = AXIS2_PLACEMENT_3D('',#3305,#3306,#3307);
#3305 = CARTESIAN_POINT('',(93.5,-79.35,0.));
#3306 = DIRECTION('',(-0.,0.,-1.));
#3307 = DIRECTION('',(-0.,-1.,0.));
#3308 = FACE_BOUND('',#3309,.F.);
#3309 = EDGE_LOOP('',(#3310));
#3310 = ORIENTED_EDGE('',*,*,#3311,.T.);
#3311 = EDGE_CURVE('',#3312,#3312,#3314,.T.);
#3312 = VERTEX_POINT('',#3313);
#3313 = CARTESIAN_POINT('',(93.5,-67.2,0.));
#3314 = CIRCLE('',#3315,0.55);
#3315 = AXIS2_PLACEMENT_3D('',#3316,#3317,#3318);
#3316 = CARTESIAN_POINT('',(93.5,-66.65,0.));
#3317 = DIRECTION('',(-0.,0.,-1.));
#3318 = DIRECTION('',(-0.,-1.,0.));
#3319 = FACE_BOUND('',#3320,.F.);
#3320 = EDGE_LOOP('',(#3321));
#3321 = ORIENTED_EDGE('',*,*,#3322,.T.);
#3322 = EDGE_CURVE('',#3323,#3323,#3325,.T.);
#3323 = VERTEX_POINT('',#3324);
#3324 = CARTESIAN_POINT('',(109.,-81.4,0.));
#3325 = CIRCLE('',#3326,0.4);
#3326 = AXIS2_PLACEMENT_3D('',#3327,#3328,#3329);
#3327 = CARTESIAN_POINT('',(109.,-81.,0.));
#3328 = DIRECTION('',(-0.,0.,-1.));
#3329 = DIRECTION('',(-0.,-1.,0.));
#3330 = FACE_BOUND('',#3331,.F.);
#3331 = EDGE_LOOP('',(#3332));
#3332 = ORIENTED_EDGE('',*,*,#3333,.T.);
#3333 = EDGE_CURVE('',#3334,#3334,#3336,.T.);
#3334 = VERTEX_POINT('',#3335);
#3335 = CARTESIAN_POINT('',(109.,-66.9,0.));
#3336 = CIRCLE('',#3337,0.4);
#3337 = AXIS2_PLACEMENT_3D('',#3338,#3339,#3340);
#3338 = CARTESIAN_POINT('',(109.,-66.5,0.));
#3339 = DIRECTION('',(-0.,0.,-1.));
#3340 = DIRECTION('',(-0.,-1.,0.));
#3341 = FACE_BOUND('',#3342,.F.);
#3342 = EDGE_LOOP('',(#3343));
#3343 = ORIENTED_EDGE('',*,*,#3344,.T.);
#3344 = EDGE_CURVE('',#3345,#3345,#3347,.T.);
#3345 = VERTEX_POINT('',#3346);
#3346 = CARTESIAN_POINT('',(125.16,-65.325,0.));
#3347 = CIRCLE('',#3348,0.555);
#3348 = AXIS2_PLACEMENT_3D('',#3349,#3350,#3351);
#3349 = CARTESIAN_POINT('',(125.16,-64.77,0.));
#3350 = DIRECTION('',(-0.,0.,-1.));
#3351 = DIRECTION('',(-0.,-1.,0.));
#3352 = FACE_BOUND('',#3353,.F.);
#3353 = EDGE_LOOP('',(#3354));
#3354 = ORIENTED_EDGE('',*,*,#3355,.T.);
#3355 = EDGE_CURVE('',#3356,#3356,#3358,.T.);
#3356 = VERTEX_POINT('',#3357);
#3357 = CARTESIAN_POINT('',(91.05,-59.62,0.));
#3358 = CIRCLE('',#3359,0.5);
#3359 = AXIS2_PLACEMENT_3D('',#3360,#3361,#3362);
#3360 = CARTESIAN_POINT('',(91.05,-59.12,0.));
#3361 = DIRECTION('',(-0.,0.,-1.));
#3362 = DIRECTION('',(-0.,-1.,0.));
#3363 = FACE_BOUND('',#3364,.F.);
#3364 = EDGE_LOOP('',(#3365));
#3365 = ORIENTED_EDGE('',*,*,#3366,.T.);
#3366 = EDGE_CURVE('',#3367,#3367,#3369,.T.);
#3367 = VERTEX_POINT('',#3368);
#3368 = CARTESIAN_POINT('',(98.67,-59.62,0.));
#3369 = CIRCLE('',#3370,0.5);
#3370 = AXIS2_PLACEMENT_3D('',#3371,#3372,#3373);
#3371 = CARTESIAN_POINT('',(98.67,-59.12,0.));
#3372 = DIRECTION('',(-0.,0.,-1.));
#3373 = DIRECTION('',(-0.,-1.,0.));
#3374 = FACE_BOUND('',#3375,.F.);
#3375 = EDGE_LOOP('',(#3376));
#3376 = ORIENTED_EDGE('',*,*,#3377,.T.);
#3377 = EDGE_CURVE('',#3378,#3378,#3380,.T.);
#3378 = VERTEX_POINT('',#3379);
#3379 = CARTESIAN_POINT('',(91.05,-52.,0.));
#3380 = CIRCLE('',#3381,0.5);
#3381 = AXIS2_PLACEMENT_3D('',#3382,#3383,#3384);
#3382 = CARTESIAN_POINT('',(91.05,-51.5,0.));
#3383 = DIRECTION('',(-0.,0.,-1.));
#3384 = DIRECTION('',(-0.,-1.,0.));
#3385 = FACE_BOUND('',#3386,.F.);
#3386 = EDGE_LOOP('',(#3387));
#3387 = ORIENTED_EDGE('',*,*,#3388,.T.);
#3388 = EDGE_CURVE('',#3389,#3389,#3391,.T.);
#3389 = VERTEX_POINT('',#3390);
#3390 = CARTESIAN_POINT('',(82.,-46.6,0.));
#3391 = CIRCLE('',#3392,1.6);
#3392 = AXIS2_PLACEMENT_3D('',#3393,#3394,#3395);
#3393 = CARTESIAN_POINT('',(82.,-45.,0.));
#3394 = DIRECTION('',(-0.,0.,-1.));
#3395 = DIRECTION('',(-0.,-1.,0.));
#3396 = FACE_BOUND('',#3397,.F.);
#3397 = EDGE_LOOP('',(#3398));
#3398 = ORIENTED_EDGE('',*,*,#3399,.T.);
#3399 = EDGE_CURVE('',#3400,#3400,#3402,.T.);
#3400 = VERTEX_POINT('',#3401);
#3401 = CARTESIAN_POINT('',(89.,-45.650011,0.));
#3402 = CIRCLE('',#3403,0.650011);
#3403 = AXIS2_PLACEMENT_3D('',#3404,#3405,#3406);
#3404 = CARTESIAN_POINT('',(89.,-45.,0.));
#3405 = DIRECTION('',(-0.,0.,-1.));
#3406 = DIRECTION('',(-0.,-1.,0.));
#3407 = FACE_BOUND('',#3408,.F.);
#3408 = EDGE_LOOP('',(#3409));
#3409 = ORIENTED_EDGE('',*,*,#3410,.T.);
#3410 = EDGE_CURVE('',#3411,#3411,#3413,.T.);
#3411 = VERTEX_POINT('',#3412);
#3412 = CARTESIAN_POINT('',(98.67,-52.,0.));
#3413 = CIRCLE('',#3414,0.5);
#3414 = AXIS2_PLACEMENT_3D('',#3415,#3416,#3417);
#3415 = CARTESIAN_POINT('',(98.67,-51.5,0.));
#3416 = DIRECTION('',(-0.,0.,-1.));
#3417 = DIRECTION('',(-0.,-1.,0.));
#3418 = FACE_BOUND('',#3419,.F.);
#3419 = EDGE_LOOP('',(#3420));
#3420 = ORIENTED_EDGE('',*,*,#3421,.T.);
#3421 = EDGE_CURVE('',#3422,#3422,#3424,.T.);
#3422 = VERTEX_POINT('',#3423);
#3423 = CARTESIAN_POINT('',(94.,-45.650011,0.));
#3424 = CIRCLE('',#3425,0.650011);
#3425 = AXIS2_PLACEMENT_3D('',#3426,#3427,#3428);
#3426 = CARTESIAN_POINT('',(94.,-45.,0.));
#3427 = DIRECTION('',(-0.,0.,-1.));
#3428 = DIRECTION('',(-0.,-1.,0.));
#3429 = FACE_BOUND('',#3430,.F.);
#3430 = EDGE_LOOP('',(#3431));
#3431 = ORIENTED_EDGE('',*,*,#3432,.T.);
#3432 = EDGE_CURVE('',#3433,#3433,#3435,.T.);
#3433 = VERTEX_POINT('',#3434);
#3434 = CARTESIAN_POINT('',(99.,-45.650011,0.));
#3435 = CIRCLE('',#3436,0.650011);
#3436 = AXIS2_PLACEMENT_3D('',#3437,#3438,#3439);
#3437 = CARTESIAN_POINT('',(99.,-45.,0.));
#3438 = DIRECTION('',(-0.,0.,-1.));
#3439 = DIRECTION('',(-0.,-1.,0.));
#3440 = FACE_BOUND('',#3441,.F.);
#3441 = EDGE_LOOP('',(#3442));
#3442 = ORIENTED_EDGE('',*,*,#3443,.T.);
#3443 = EDGE_CURVE('',#3444,#3444,#3446,.T.);
#3444 = VERTEX_POINT('',#3445);
#3445 = CARTESIAN_POINT('',(103.75,-59.62,0.));
#3446 = CIRCLE('',#3447,0.5);
#3447 = AXIS2_PLACEMENT_3D('',#3448,#3449,#3450);
#3448 = CARTESIAN_POINT('',(103.75,-59.12,0.));
#3449 = DIRECTION('',(-0.,0.,-1.));
#3450 = DIRECTION('',(-0.,-1.,0.));
#3451 = FACE_BOUND('',#3452,.F.);
#3452 = EDGE_LOOP('',(#3453));
#3453 = ORIENTED_EDGE('',*,*,#3454,.T.);
#3454 = EDGE_CURVE('',#3455,#3455,#3457,.T.);
#3455 = VERTEX_POINT('',#3456);
#3456 = CARTESIAN_POINT('',(108.83,-59.62,0.));
#3457 = CIRCLE('',#3458,0.5);
#3458 = AXIS2_PLACEMENT_3D('',#3459,#3460,#3461);
#3459 = CARTESIAN_POINT('',(108.83,-59.12,0.));
#3460 = DIRECTION('',(-0.,0.,-1.));
#3461 = DIRECTION('',(-0.,-1.,0.));
#3462 = FACE_BOUND('',#3463,.F.);
#3463 = EDGE_LOOP('',(#3464));
#3464 = ORIENTED_EDGE('',*,*,#3465,.T.);
#3465 = EDGE_CURVE('',#3466,#3466,#3468,.T.);
#3466 = VERTEX_POINT('',#3467);
#3467 = CARTESIAN_POINT('',(114.,-60.98,0.));
#3468 = CIRCLE('',#3469,0.4);
#3469 = AXIS2_PLACEMENT_3D('',#3470,#3471,#3472);
#3470 = CARTESIAN_POINT('',(114.,-60.58,0.));
#3471 = DIRECTION('',(-0.,0.,-1.));
#3472 = DIRECTION('',(-0.,-1.,0.));
#3473 = FACE_BOUND('',#3474,.F.);
#3474 = EDGE_LOOP('',(#3475));
#3475 = ORIENTED_EDGE('',*,*,#3476,.T.);
#3476 = EDGE_CURVE('',#3477,#3477,#3479,.T.);
#3477 = VERTEX_POINT('',#3478);
#3478 = CARTESIAN_POINT('',(117.5,-60.98,0.));
#3479 = CIRCLE('',#3480,0.4);
#3480 = AXIS2_PLACEMENT_3D('',#3481,#3482,#3483);
#3481 = CARTESIAN_POINT('',(117.5,-60.58,0.));
#3482 = DIRECTION('',(-0.,0.,-1.));
#3483 = DIRECTION('',(-0.,-1.,0.));
#3484 = FACE_BOUND('',#3485,.F.);
#3485 = EDGE_LOOP('',(#3486));
#3486 = ORIENTED_EDGE('',*,*,#3487,.T.);
#3487 = EDGE_CURVE('',#3488,#3488,#3490,.T.);
#3488 = VERTEX_POINT('',#3489);
#3489 = CARTESIAN_POINT('',(121.,-60.98,0.));
#3490 = CIRCLE('',#3491,0.4);
#3491 = AXIS2_PLACEMENT_3D('',#3492,#3493,#3494);
#3492 = CARTESIAN_POINT('',(121.,-60.58,0.));
#3493 = DIRECTION('',(-0.,0.,-1.));
#3494 = DIRECTION('',(-0.,-1.,0.));
#3495 = FACE_BOUND('',#3496,.F.);
#3496 = EDGE_LOOP('',(#3497));
#3497 = ORIENTED_EDGE('',*,*,#3498,.T.);
#3498 = EDGE_CURVE('',#3499,#3499,#3501,.T.);
#3499 = VERTEX_POINT('',#3500);
#3500 = CARTESIAN_POINT('',(125.,-60.98,0.));
#3501 = CIRCLE('',#3502,0.4);
#3502 = AXIS2_PLACEMENT_3D('',#3503,#3504,#3505);
#3503 = CARTESIAN_POINT('',(125.,-60.58,0.));
#3504 = DIRECTION('',(-0.,0.,-1.));
#3505 = DIRECTION('',(-0.,-1.,0.));
#3506 = FACE_BOUND('',#3507,.F.);
#3507 = EDGE_LOOP('',(#3508));
#3508 = ORIENTED_EDGE('',*,*,#3509,.T.);
#3509 = EDGE_CURVE('',#3510,#3510,#3512,.T.);
#3510 = VERTEX_POINT('',#3511);
#3511 = CARTESIAN_POINT('',(103.75,-52.,0.));
#3512 = CIRCLE('',#3513,0.5);
#3513 = AXIS2_PLACEMENT_3D('',#3514,#3515,#3516);
#3514 = CARTESIAN_POINT('',(103.75,-51.5,0.));
#3515 = DIRECTION('',(-0.,0.,-1.));
#3516 = DIRECTION('',(-0.,-1.,0.));
#3517 = FACE_BOUND('',#3518,.F.);
#3518 = EDGE_LOOP('',(#3519));
#3519 = ORIENTED_EDGE('',*,*,#3520,.T.);
#3520 = EDGE_CURVE('',#3521,#3521,#3523,.T.);
#3521 = VERTEX_POINT('',#3522);
#3522 = CARTESIAN_POINT('',(108.83,-52.,0.));
#3523 = CIRCLE('',#3524,0.5);
#3524 = AXIS2_PLACEMENT_3D('',#3525,#3526,#3527);
#3525 = CARTESIAN_POINT('',(108.83,-51.5,0.));
#3526 = DIRECTION('',(-0.,0.,-1.));
#3527 = DIRECTION('',(-0.,-1.,0.));
#3528 = FACE_BOUND('',#3529,.F.);
#3529 = EDGE_LOOP('',(#3530));
#3530 = ORIENTED_EDGE('',*,*,#3531,.T.);
#3531 = EDGE_CURVE('',#3532,#3532,#3534,.T.);
#3532 = VERTEX_POINT('',#3533);
#3533 = CARTESIAN_POINT('',(114.,-50.82,0.));
#3534 = CIRCLE('',#3535,0.4);
#3535 = AXIS2_PLACEMENT_3D('',#3536,#3537,#3538);
#3536 = CARTESIAN_POINT('',(114.,-50.42,0.));
#3537 = DIRECTION('',(-0.,0.,-1.));
#3538 = DIRECTION('',(-0.,-1.,0.));
#3539 = FACE_BOUND('',#3540,.F.);
#3540 = EDGE_LOOP('',(#3541));
#3541 = ORIENTED_EDGE('',*,*,#3542,.T.);
#3542 = EDGE_CURVE('',#3543,#3543,#3545,.T.);
#3543 = VERTEX_POINT('',#3544);
#3544 = CARTESIAN_POINT('',(104.,-45.650011,0.));
#3545 = CIRCLE('',#3546,0.650011);
#3546 = AXIS2_PLACEMENT_3D('',#3547,#3548,#3549);
#3547 = CARTESIAN_POINT('',(104.,-45.,0.));
#3548 = DIRECTION('',(-0.,0.,-1.));
#3549 = DIRECTION('',(-0.,-1.,0.));
#3550 = FACE_BOUND('',#3551,.F.);
#3551 = EDGE_LOOP('',(#3552));
#3552 = ORIENTED_EDGE('',*,*,#3553,.T.);
#3553 = EDGE_CURVE('',#3554,#3554,#3556,.T.);
#3554 = VERTEX_POINT('',#3555);
#3555 = CARTESIAN_POINT('',(109.5,-45.650011,0.));
#3556 = CIRCLE('',#3557,0.650011);
#3557 = AXIS2_PLACEMENT_3D('',#3558,#3559,#3560);
#3558 = CARTESIAN_POINT('',(109.5,-45.,0.));
#3559 = DIRECTION('',(-0.,0.,-1.));
#3560 = DIRECTION('',(-0.,-1.,0.));
#3561 = FACE_BOUND('',#3562,.F.);
#3562 = EDGE_LOOP('',(#3563));
#3563 = ORIENTED_EDGE('',*,*,#3564,.T.);
#3564 = EDGE_CURVE('',#3565,#3565,#3567,.T.);
#3565 = VERTEX_POINT('',#3566);
#3566 = CARTESIAN_POINT('',(114.5,-45.650011,0.));
#3567 = CIRCLE('',#3568,0.650011);
#3568 = AXIS2_PLACEMENT_3D('',#3569,#3570,#3571);
#3569 = CARTESIAN_POINT('',(114.5,-45.,0.));
#3570 = DIRECTION('',(-0.,0.,-1.));
#3571 = DIRECTION('',(-0.,-1.,0.));
#3572 = FACE_BOUND('',#3573,.F.);
#3573 = EDGE_LOOP('',(#3574));
#3574 = ORIENTED_EDGE('',*,*,#3575,.T.);
#3575 = EDGE_CURVE('',#3576,#3576,#3578,.T.);
#3576 = VERTEX_POINT('',#3577);
#3577 = CARTESIAN_POINT('',(117.5,-50.82,0.));
#3578 = CIRCLE('',#3579,0.4);
#3579 = AXIS2_PLACEMENT_3D('',#3580,#3581,#3582);
#3580 = CARTESIAN_POINT('',(117.5,-50.42,0.));
#3581 = DIRECTION('',(-0.,0.,-1.));
#3582 = DIRECTION('',(-0.,-1.,0.));
#3583 = FACE_BOUND('',#3584,.F.);
#3584 = EDGE_LOOP('',(#3585));
#3585 = ORIENTED_EDGE('',*,*,#3586,.T.);
#3586 = EDGE_CURVE('',#3587,#3587,#3589,.T.);
#3587 = VERTEX_POINT('',#3588);
#3588 = CARTESIAN_POINT('',(121.,-50.82,0.));
#3589 = CIRCLE('',#3590,0.4);
#3590 = AXIS2_PLACEMENT_3D('',#3591,#3592,#3593);
#3591 = CARTESIAN_POINT('',(121.,-50.42,0.));
#3592 = DIRECTION('',(-0.,0.,-1.));
#3593 = DIRECTION('',(-0.,-1.,0.));
#3594 = FACE_BOUND('',#3595,.F.);
#3595 = EDGE_LOOP('',(#3596));
#3596 = ORIENTED_EDGE('',*,*,#3597,.T.);
#3597 = EDGE_CURVE('',#3598,#3598,#3600,.T.);
#3598 = VERTEX_POINT('',#3599);
#3599 = CARTESIAN_POINT('',(125.,-50.82,0.));
#3600 = CIRCLE('',#3601,0.4);
#3601 = AXIS2_PLACEMENT_3D('',#3602,#3603,#3604);
#3602 = CARTESIAN_POINT('',(125.,-50.42,0.));
#3603 = DIRECTION('',(-0.,0.,-1.));
#3604 = DIRECTION('',(-0.,-1.,0.));
#3605 = FACE_BOUND('',#3606,.F.);
#3606 = EDGE_LOOP('',(#3607));
#3607 = ORIENTED_EDGE('',*,*,#3608,.T.);
#3608 = EDGE_CURVE('',#3609,#3609,#3611,.T.);
#3609 = VERTEX_POINT('',#3610);
#3610 = CARTESIAN_POINT('',(119.5,-45.650011,0.));
#3611 = CIRCLE('',#3612,0.650011);
#3612 = AXIS2_PLACEMENT_3D('',#3613,#3614,#3615);
#3613 = CARTESIAN_POINT('',(119.5,-45.,0.));
#3614 = DIRECTION('',(-0.,0.,-1.));
#3615 = DIRECTION('',(-0.,-1.,0.));
#3616 = FACE_BOUND('',#3617,.F.);
#3617 = EDGE_LOOP('',(#3618));
#3618 = ORIENTED_EDGE('',*,*,#3619,.T.);
#3619 = EDGE_CURVE('',#3620,#3620,#3622,.T.);
#3620 = VERTEX_POINT('',#3621);
#3621 = CARTESIAN_POINT('',(124.5,-45.650011,0.));
#3622 = CIRCLE('',#3623,0.650011);
#3623 = AXIS2_PLACEMENT_3D('',#3624,#3625,#3626);
#3624 = CARTESIAN_POINT('',(124.5,-45.,0.));
#3625 = DIRECTION('',(-0.,0.,-1.));
#3626 = DIRECTION('',(-0.,-1.,0.));
#3627 = FACE_BOUND('',#3628,.F.);
#3628 = EDGE_LOOP('',(#3629));
#3629 = ORIENTED_EDGE('',*,*,#3630,.T.);
#3630 = EDGE_CURVE('',#3631,#3631,#3633,.T.);
#3631 = VERTEX_POINT('',#3632);
#3632 = CARTESIAN_POINT('',(127.7,-65.325,0.));
#3633 = CIRCLE('',#3634,0.555);
#3634 = AXIS2_PLACEMENT_3D('',#3635,#3636,#3637);
#3635 = CARTESIAN_POINT('',(127.7,-64.77,0.));
#3636 = DIRECTION('',(-0.,0.,-1.));
#3637 = DIRECTION('',(2.560514363099E-14,-1.,-0.));
#3638 = FACE_BOUND('',#3639,.F.);
#3639 = EDGE_LOOP('',(#3640));
#3640 = ORIENTED_EDGE('',*,*,#3641,.T.);
#3641 = EDGE_CURVE('',#3642,#3642,#3644,.T.);
#3642 = VERTEX_POINT('',#3643);
#3643 = CARTESIAN_POINT('',(130.24,-65.325,0.));
#3644 = CIRCLE('',#3645,0.555);
#3645 = AXIS2_PLACEMENT_3D('',#3646,#3647,#3648);
#3646 = CARTESIAN_POINT('',(130.24,-64.77,0.));
#3647 = DIRECTION('',(-0.,0.,-1.));
#3648 = DIRECTION('',(-0.,-1.,0.));
#3649 = FACE_BOUND('',#3650,.F.);
#3650 = EDGE_LOOP('',(#3651));
#3651 = ORIENTED_EDGE('',*,*,#3652,.T.);
#3652 = EDGE_CURVE('',#3653,#3653,#3655,.T.);
#3653 = VERTEX_POINT('',#3654);
#3654 = CARTESIAN_POINT('',(132.78,-65.325,0.));
#3655 = CIRCLE('',#3656,0.555);
#3656 = AXIS2_PLACEMENT_3D('',#3657,#3658,#3659);
#3657 = CARTESIAN_POINT('',(132.78,-64.77,0.));
#3658 = DIRECTION('',(-0.,0.,-1.));
#3659 = DIRECTION('',(-0.,-1.,0.));
#3660 = FACE_BOUND('',#3661,.F.);
#3661 = EDGE_LOOP('',(#3662));
#3662 = ORIENTED_EDGE('',*,*,#3663,.T.);
#3663 = EDGE_CURVE('',#3664,#3664,#3666,.T.);
#3664 = VERTEX_POINT('',#3665);
#3665 = CARTESIAN_POINT('',(135.32,-65.325,0.));
#3666 = CIRCLE('',#3667,0.555);
#3667 = AXIS2_PLACEMENT_3D('',#3668,#3669,#3670);
#3668 = CARTESIAN_POINT('',(135.32,-64.77,0.));
#3669 = DIRECTION('',(-0.,0.,-1.));
#3670 = DIRECTION('',(-0.,-1.,0.));
#3671 = FACE_BOUND('',#3672,.F.);
#3672 = EDGE_LOOP('',(#3673));
#3673 = ORIENTED_EDGE('',*,*,#3674,.T.);
#3674 = EDGE_CURVE('',#3675,#3675,#3677,.T.);
#3675 = VERTEX_POINT('',#3676);
#3676 = CARTESIAN_POINT('',(137.86,-65.325,0.));
#3677 = CIRCLE('',#3678,0.555);
#3678 = AXIS2_PLACEMENT_3D('',#3679,#3680,#3681);
#3679 = CARTESIAN_POINT('',(137.86,-64.77,0.));
#3680 = DIRECTION('',(-0.,0.,-1.));
#3681 = DIRECTION('',(-0.,-1.,0.));
#3682 = FACE_BOUND('',#3683,.F.);
#3683 = EDGE_LOOP('',(#3684));
#3684 = ORIENTED_EDGE('',*,*,#3685,.T.);
#3685 = EDGE_CURVE('',#3686,#3686,#3688,.T.);
#3686 = VERTEX_POINT('',#3687);
#3687 = CARTESIAN_POINT('',(140.4,-65.325,0.));
#3688 = CIRCLE('',#3689,0.555);
#3689 = AXIS2_PLACEMENT_3D('',#3690,#3691,#3692);
#3690 = CARTESIAN_POINT('',(140.4,-64.77,0.));
#3691 = DIRECTION('',(-0.,0.,-1.));
#3692 = DIRECTION('',(-0.,-1.,0.));
#3693 = FACE_BOUND('',#3694,.F.);
#3694 = EDGE_LOOP('',(#3695));
#3695 = ORIENTED_EDGE('',*,*,#3696,.T.);
#3696 = EDGE_CURVE('',#3697,#3697,#3699,.T.);
#3697 = VERTEX_POINT('',#3698);
#3698 = CARTESIAN_POINT('',(142.94,-65.325,0.));
#3699 = CIRCLE('',#3700,0.555);
#3700 = AXIS2_PLACEMENT_3D('',#3701,#3702,#3703);
#3701 = CARTESIAN_POINT('',(142.94,-64.77,0.));
#3702 = DIRECTION('',(-0.,0.,-1.));
#3703 = DIRECTION('',(-0.,-1.,0.));
#3704 = FACE_BOUND('',#3705,.F.);
#3705 = EDGE_LOOP('',(#3706));
#3706 = ORIENTED_EDGE('',*,*,#3707,.T.);
#3707 = EDGE_CURVE('',#3708,#3708,#3710,.T.);
#3708 = VERTEX_POINT('',#3709);
#3709 = CARTESIAN_POINT('',(145.48,-65.325,0.));
#3710 = CIRCLE('',#3711,0.555);
#3711 = AXIS2_PLACEMENT_3D('',#3712,#3713,#3714);
#3712 = CARTESIAN_POINT('',(145.48,-64.77,0.));
#3713 = DIRECTION('',(-0.,0.,-1.));
#3714 = DIRECTION('',(-5.121028726199E-14,-1.,0.));
#3715 = FACE_BOUND('',#3716,.F.);
#3716 = EDGE_LOOP('',(#3717));
#3717 = ORIENTED_EDGE('',*,*,#3718,.T.);
#3718 = EDGE_CURVE('',#3719,#3719,#3721,.T.);
#3719 = VERTEX_POINT('',#3720);
#3720 = CARTESIAN_POINT('',(148.02,-65.325,0.));
#3721 = CIRCLE('',#3722,0.555);
#3722 = AXIS2_PLACEMENT_3D('',#3723,#3724,#3725);
#3723 = CARTESIAN_POINT('',(148.02,-64.77,0.));
#3724 = DIRECTION('',(-0.,0.,-1.));
#3725 = DIRECTION('',(5.121028726199E-14,-1.,-0.));
#3726 = FACE_BOUND('',#3727,.F.);
#3727 = EDGE_LOOP('',(#3728));
#3728 = ORIENTED_EDGE('',*,*,#3729,.T.);
#3729 = EDGE_CURVE('',#3730,#3730,#3732,.T.);
#3730 = VERTEX_POINT('',#3731);
#3731 = CARTESIAN_POINT('',(150.56,-65.325,0.));
#3732 = CIRCLE('',#3733,0.555);
#3733 = AXIS2_PLACEMENT_3D('',#3734,#3735,#3736);
#3734 = CARTESIAN_POINT('',(150.56,-64.77,0.));
#3735 = DIRECTION('',(-0.,0.,-1.));
#3736 = DIRECTION('',(-0.,-1.,0.));
#3737 = FACE_BOUND('',#3738,.F.);
#3738 = EDGE_LOOP('',(#3739));
#3739 = ORIENTED_EDGE('',*,*,#3740,.T.);
#3740 = EDGE_CURVE('',#3741,#3741,#3743,.T.);
#3741 = VERTEX_POINT('',#3742);
#3742 = CARTESIAN_POINT('',(153.1,-65.325,0.));
#3743 = CIRCLE('',#3744,0.555);
#3744 = AXIS2_PLACEMENT_3D('',#3745,#3746,#3747);
#3745 = CARTESIAN_POINT('',(153.1,-64.77,0.));
#3746 = DIRECTION('',(-0.,0.,-1.));
#3747 = DIRECTION('',(-0.,-1.,0.));
#3748 = FACE_BOUND('',#3749,.F.);
#3749 = EDGE_LOOP('',(#3750));
#3750 = ORIENTED_EDGE('',*,*,#3751,.T.);
#3751 = EDGE_CURVE('',#3752,#3752,#3754,.T.);
#3752 = VERTEX_POINT('',#3753);
#3753 = CARTESIAN_POINT('',(155.64,-65.325,0.));
#3754 = CIRCLE('',#3755,0.555);
#3755 = AXIS2_PLACEMENT_3D('',#3756,#3757,#3758);
#3756 = CARTESIAN_POINT('',(155.64,-64.77,0.));
#3757 = DIRECTION('',(-0.,0.,-1.));
#3758 = DIRECTION('',(-0.,-1.,0.));
#3759 = FACE_BOUND('',#3760,.F.);
#3760 = EDGE_LOOP('',(#3761));
#3761 = ORIENTED_EDGE('',*,*,#3762,.T.);
#3762 = EDGE_CURVE('',#3763,#3763,#3765,.T.);
#3763 = VERTEX_POINT('',#3764);
#3764 = CARTESIAN_POINT('',(158.18,-65.325,0.));
#3765 = CIRCLE('',#3766,0.555);
#3766 = AXIS2_PLACEMENT_3D('',#3767,#3768,#3769);
#3767 = CARTESIAN_POINT('',(158.18,-64.77,0.));
#3768 = DIRECTION('',(-0.,0.,-1.));
#3769 = DIRECTION('',(-0.,-1.,0.));
#3770 = FACE_BOUND('',#3771,.F.);
#3771 = EDGE_LOOP('',(#3772));
#3772 = ORIENTED_EDGE('',*,*,#3773,.T.);
#3773 = EDGE_CURVE('',#3774,#3774,#3776,.T.);
#3774 = VERTEX_POINT('',#3775);
#3775 = CARTESIAN_POINT('',(160.72,-65.325,0.));
#3776 = CIRCLE('',#3777,0.555);
#3777 = AXIS2_PLACEMENT_3D('',#3778,#3779,#3780);
#3778 = CARTESIAN_POINT('',(160.72,-64.77,0.));
#3779 = DIRECTION('',(-0.,0.,-1.));
#3780 = DIRECTION('',(-0.,-1.,0.));
#3781 = FACE_BOUND('',#3782,.F.);
#3782 = EDGE_LOOP('',(#3783));
#3783 = ORIENTED_EDGE('',*,*,#3784,.T.);
#3784 = EDGE_CURVE('',#3785,#3785,#3787,.T.);
#3785 = VERTEX_POINT('',#3786);
#3786 = CARTESIAN_POINT('',(163.26,-65.325,0.));
#3787 = CIRCLE('',#3788,0.555);
#3788 = AXIS2_PLACEMENT_3D('',#3789,#3790,#3791);
#3789 = CARTESIAN_POINT('',(163.26,-64.77,0.));
#3790 = DIRECTION('',(-0.,0.,-1.));
#3791 = DIRECTION('',(-0.,-1.,0.));
#3792 = FACE_BOUND('',#3793,.F.);
#3793 = EDGE_LOOP('',(#3794));
#3794 = ORIENTED_EDGE('',*,*,#3795,.T.);
#3795 = EDGE_CURVE('',#3796,#3796,#3798,.T.);
#3796 = VERTEX_POINT('',#3797);
#3797 = CARTESIAN_POINT('',(165.8,-65.325,0.));
#3798 = CIRCLE('',#3799,0.555);
#3799 = AXIS2_PLACEMENT_3D('',#3800,#3801,#3802);
#3800 = CARTESIAN_POINT('',(165.8,-64.77,0.));
#3801 = DIRECTION('',(-0.,0.,-1.));
#3802 = DIRECTION('',(-0.,-1.,0.));
#3803 = FACE_BOUND('',#3804,.F.);
#3804 = EDGE_LOOP('',(#3805));
#3805 = ORIENTED_EDGE('',*,*,#3806,.T.);
#3806 = EDGE_CURVE('',#3807,#3807,#3809,.T.);
#3807 = VERTEX_POINT('',#3808);
#3808 = CARTESIAN_POINT('',(168.34,-65.325,0.));
#3809 = CIRCLE('',#3810,0.555);
#3810 = AXIS2_PLACEMENT_3D('',#3811,#3812,#3813);
#3811 = CARTESIAN_POINT('',(168.34,-64.77,0.));
#3812 = DIRECTION('',(-0.,0.,-1.));
#3813 = DIRECTION('',(-0.,-1.,0.));
#3814 = FACE_BOUND('',#3815,.F.);
#3815 = EDGE_LOOP('',(#3816));
#3816 = ORIENTED_EDGE('',*,*,#3817,.T.);
#3817 = EDGE_CURVE('',#3818,#3818,#3820,.T.);
#3818 = VERTEX_POINT('',#3819);
#3819 = CARTESIAN_POINT('',(170.88,-65.325,0.));
#3820 = CIRCLE('',#3821,0.555);
#3821 = AXIS2_PLACEMENT_3D('',#3822,#3823,#3824);
#3822 = CARTESIAN_POINT('',(170.88,-64.77,0.));
#3823 = DIRECTION('',(-0.,0.,-1.));
#3824 = DIRECTION('',(-0.,-1.,0.));
#3825 = FACE_BOUND('',#3826,.F.);
#3826 = EDGE_LOOP('',(#3827));
#3827 = ORIENTED_EDGE('',*,*,#3828,.T.);
#3828 = EDGE_CURVE('',#3829,#3829,#3831,.T.);
#3829 = VERTEX_POINT('',#3830);
#3830 = CARTESIAN_POINT('',(128.5,-53.48,0.));
#3831 = CIRCLE('',#3832,0.4);
#3832 = AXIS2_PLACEMENT_3D('',#3833,#3834,#3835);
#3833 = CARTESIAN_POINT('',(128.5,-53.08,0.));
#3834 = DIRECTION('',(-0.,0.,-1.));
#3835 = DIRECTION('',(-0.,-1.,0.));
#3836 = FACE_BOUND('',#3837,.F.);
#3837 = EDGE_LOOP('',(#3838));
#3838 = ORIENTED_EDGE('',*,*,#3839,.T.);
#3839 = EDGE_CURVE('',#3840,#3840,#3842,.T.);
#3840 = VERTEX_POINT('',#3841);
#3841 = CARTESIAN_POINT('',(139.,-61.15,0.));
#3842 = CIRCLE('',#3843,0.4);
#3843 = AXIS2_PLACEMENT_3D('',#3844,#3845,#3846);
#3844 = CARTESIAN_POINT('',(139.,-60.75,0.));
#3845 = DIRECTION('',(-0.,0.,-1.));
#3846 = DIRECTION('',(-0.,-1.,0.));
#3847 = FACE_BOUND('',#3848,.F.);
#3848 = EDGE_LOOP('',(#3849));
#3849 = ORIENTED_EDGE('',*,*,#3850,.T.);
#3850 = EDGE_CURVE('',#3851,#3851,#3853,.T.);
#3851 = VERTEX_POINT('',#3852);
#3852 = CARTESIAN_POINT('',(143.,-61.15,0.));
#3853 = CIRCLE('',#3854,0.4);
#3854 = AXIS2_PLACEMENT_3D('',#3855,#3856,#3857);
#3855 = CARTESIAN_POINT('',(143.,-60.75,0.));
#3856 = DIRECTION('',(-0.,0.,-1.));
#3857 = DIRECTION('',(-0.,-1.,0.));
#3858 = FACE_BOUND('',#3859,.F.);
#3859 = EDGE_LOOP('',(#3860));
#3860 = ORIENTED_EDGE('',*,*,#3861,.T.);
#3861 = EDGE_CURVE('',#3862,#3862,#3864,.T.);
#3862 = VERTEX_POINT('',#3863);
#3863 = CARTESIAN_POINT('',(139.,-53.65,0.));
#3864 = CIRCLE('',#3865,0.4);
#3865 = AXIS2_PLACEMENT_3D('',#3866,#3867,#3868);
#3866 = CARTESIAN_POINT('',(139.,-53.25,0.));
#3867 = DIRECTION('',(-0.,0.,-1.));
#3868 = DIRECTION('',(-0.,-1.,0.));
#3869 = FACE_BOUND('',#3870,.F.);
#3870 = EDGE_LOOP('',(#3871));
#3871 = ORIENTED_EDGE('',*,*,#3872,.T.);
#3872 = EDGE_CURVE('',#3873,#3873,#3875,.T.);
#3873 = VERTEX_POINT('',#3874);
#3874 = CARTESIAN_POINT('',(143.,-53.65,0.));
#3875 = CIRCLE('',#3876,0.4);
#3876 = AXIS2_PLACEMENT_3D('',#3877,#3878,#3879);
#3877 = CARTESIAN_POINT('',(143.,-53.25,0.));
#3878 = DIRECTION('',(-0.,0.,-1.));
#3879 = DIRECTION('',(-0.,-1.,0.));
#3880 = FACE_BOUND('',#3881,.F.);
#3881 = EDGE_LOOP('',(#3882));
#3882 = ORIENTED_EDGE('',*,*,#3883,.T.);
#3883 = EDGE_CURVE('',#3884,#3884,#3886,.T.);
#3884 = VERTEX_POINT('',#3885);
#3885 = CARTESIAN_POINT('',(128.5,-43.32,0.));
#3886 = CIRCLE('',#3887,0.4);
#3887 = AXIS2_PLACEMENT_3D('',#3888,#3889,#3890);
#3888 = CARTESIAN_POINT('',(128.5,-42.92,0.));
#3889 = DIRECTION('',(-0.,0.,-1.));
#3890 = DIRECTION('',(-0.,-1.,0.));
#3891 = FACE_BOUND('',#3892,.F.);
#3892 = EDGE_LOOP('',(#3893));
#3893 = ORIENTED_EDGE('',*,*,#3894,.T.);
#3894 = EDGE_CURVE('',#3895,#3895,#3897,.T.);
#3895 = VERTEX_POINT('',#3896);
#3896 = CARTESIAN_POINT('',(134.,-45.650011,0.));
#3897 = CIRCLE('',#3898,0.650011);
#3898 = AXIS2_PLACEMENT_3D('',#3899,#3900,#3901);
#3899 = CARTESIAN_POINT('',(134.,-45.,0.));
#3900 = DIRECTION('',(-0.,0.,-1.));
#3901 = DIRECTION('',(-0.,-1.,0.));
#3902 = FACE_BOUND('',#3903,.F.);
#3903 = EDGE_LOOP('',(#3904));
#3904 = ORIENTED_EDGE('',*,*,#3905,.T.);
#3905 = EDGE_CURVE('',#3906,#3906,#3908,.T.);
#3906 = VERTEX_POINT('',#3907);
#3907 = CARTESIAN_POINT('',(139.,-45.650011,0.));
#3908 = CIRCLE('',#3909,0.650011);
#3909 = AXIS2_PLACEMENT_3D('',#3910,#3911,#3912);
#3910 = CARTESIAN_POINT('',(139.,-45.,0.));
#3911 = DIRECTION('',(-0.,0.,-1.));
#3912 = DIRECTION('',(-0.,-1.,0.));
#3913 = FACE_BOUND('',#3914,.F.);
#3914 = EDGE_LOOP('',(#3915));
#3915 = ORIENTED_EDGE('',*,*,#3916,.T.);
#3916 = EDGE_CURVE('',#3917,#3917,#3919,.T.);
#3917 = VERTEX_POINT('',#3918);
#3918 = CARTESIAN_POINT('',(144.,-45.650011,0.));
#3919 = CIRCLE('',#3920,0.650011);
#3920 = AXIS2_PLACEMENT_3D('',#3921,#3922,#3923);
#3921 = CARTESIAN_POINT('',(144.,-45.,0.));
#3922 = DIRECTION('',(-0.,0.,-1.));
#3923 = DIRECTION('',(-0.,-1.,0.));
#3924 = FACE_BOUND('',#3925,.F.);
#3925 = EDGE_LOOP('',(#3926));
#3926 = ORIENTED_EDGE('',*,*,#3927,.T.);
#3927 = EDGE_CURVE('',#3928,#3928,#3930,.T.);
#3928 = VERTEX_POINT('',#3929);
#3929 = CARTESIAN_POINT('',(169.85,-60.,0.));
#3930 = CIRCLE('',#3931,0.5);
#3931 = AXIS2_PLACEMENT_3D('',#3932,#3933,#3934);
#3932 = CARTESIAN_POINT('',(169.85,-59.5,0.));
#3933 = DIRECTION('',(-0.,0.,-1.));
#3934 = DIRECTION('',(-0.,-1.,0.));
#3935 = FACE_BOUND('',#3936,.F.);
#3936 = EDGE_LOOP('',(#3937));
#3937 = ORIENTED_EDGE('',*,*,#3938,.T.);
#3938 = EDGE_CURVE('',#3939,#3939,#3941,.T.);
#3939 = VERTEX_POINT('',#3940);
#3940 = CARTESIAN_POINT('',(169.85,-58.,0.));
#3941 = CIRCLE('',#3942,0.5);
#3942 = AXIS2_PLACEMENT_3D('',#3943,#3944,#3945);
#3943 = CARTESIAN_POINT('',(169.85,-57.5,0.));
#3944 = DIRECTION('',(-0.,0.,-1.));
#3945 = DIRECTION('',(-0.,-1.,0.));
#3946 = FACE_BOUND('',#3947,.F.);
#3947 = EDGE_LOOP('',(#3948));
#3948 = ORIENTED_EDGE('',*,*,#3949,.T.);
#3949 = EDGE_CURVE('',#3950,#3950,#3952,.T.);
#3950 = VERTEX_POINT('',#3951);
#3951 = CARTESIAN_POINT('',(169.85,-56.,0.));
#3952 = CIRCLE('',#3953,0.5);
#3953 = AXIS2_PLACEMENT_3D('',#3954,#3955,#3956);
#3954 = CARTESIAN_POINT('',(169.85,-55.5,0.));
#3955 = DIRECTION('',(-0.,0.,-1.));
#3956 = DIRECTION('',(-0.,-1.,0.));
#3957 = FACE_BOUND('',#3958,.F.);
#3958 = EDGE_LOOP('',(#3959));
#3959 = ORIENTED_EDGE('',*,*,#3960,.T.);
#3960 = EDGE_CURVE('',#3961,#3961,#3963,.T.);
#3961 = VERTEX_POINT('',#3962);
#3962 = CARTESIAN_POINT('',(169.85,-54.,0.));
#3963 = CIRCLE('',#3964,0.5);
#3964 = AXIS2_PLACEMENT_3D('',#3965,#3966,#3967);
#3965 = CARTESIAN_POINT('',(169.85,-53.5,0.));
#3966 = DIRECTION('',(-0.,0.,-1.));
#3967 = DIRECTION('',(-0.,-1.,0.));
#3968 = FACE_BOUND('',#3969,.F.);
#3969 = EDGE_LOOP('',(#3970));
#3970 = ORIENTED_EDGE('',*,*,#3971,.T.);
#3971 = EDGE_CURVE('',#3972,#3972,#3974,.T.);
#3972 = VERTEX_POINT('',#3973);
#3973 = CARTESIAN_POINT('',(152.25,-52.9,0.));
#3974 = CIRCLE('',#3975,0.4);
#3975 = AXIS2_PLACEMENT_3D('',#3976,#3977,#3978);
#3976 = CARTESIAN_POINT('',(152.25,-52.5,0.));
#3977 = DIRECTION('',(-0.,0.,-1.));
#3978 = DIRECTION('',(-0.,-1.,0.));
#3979 = FACE_BOUND('',#3980,.F.);
#3980 = EDGE_LOOP('',(#3981));
#3981 = ORIENTED_EDGE('',*,*,#3982,.T.);
#3982 = EDGE_CURVE('',#3983,#3983,#3985,.T.);
#3983 = VERTEX_POINT('',#3984);
#3984 = CARTESIAN_POINT('',(153.5,-49.345,0.));
#3985 = CIRCLE('',#3986,0.555);
#3986 = AXIS2_PLACEMENT_3D('',#3987,#3988,#3989);
#3987 = CARTESIAN_POINT('',(153.5,-48.79,0.));
#3988 = DIRECTION('',(-0.,0.,-1.));
#3989 = DIRECTION('',(-0.,-1.,0.));
#3990 = FACE_BOUND('',#3991,.F.);
#3991 = EDGE_LOOP('',(#3992));
#3992 = ORIENTED_EDGE('',*,*,#3993,.T.);
#3993 = EDGE_CURVE('',#3994,#3994,#3996,.T.);
#3994 = VERTEX_POINT('',#3995);
#3995 = CARTESIAN_POINT('',(159.75,-52.9,0.));
#3996 = CIRCLE('',#3997,0.4);
#3997 = AXIS2_PLACEMENT_3D('',#3998,#3999,#4000);
#3998 = CARTESIAN_POINT('',(159.75,-52.5,0.));
#3999 = DIRECTION('',(-0.,0.,-1.));
#4000 = DIRECTION('',(-0.,-1.,0.));
#4001 = FACE_BOUND('',#4002,.F.);
#4002 = EDGE_LOOP('',(#4003));
#4003 = ORIENTED_EDGE('',*,*,#4004,.T.);
#4004 = EDGE_CURVE('',#4005,#4005,#4007,.T.);
#4005 = VERTEX_POINT('',#4006);
#4006 = CARTESIAN_POINT('',(153.5,-46.805,0.));
#4007 = CIRCLE('',#4008,0.555);
#4008 = AXIS2_PLACEMENT_3D('',#4009,#4010,#4011);
#4009 = CARTESIAN_POINT('',(153.5,-46.25,0.));
#4010 = DIRECTION('',(-0.,0.,-1.));
#4011 = DIRECTION('',(-0.,-1.,0.));
#4012 = FACE_BOUND('',#4013,.F.);
#4013 = EDGE_LOOP('',(#4014));
#4014 = ORIENTED_EDGE('',*,*,#4015,.T.);
#4015 = EDGE_CURVE('',#4016,#4016,#4018,.T.);
#4016 = VERTEX_POINT('',#4017);
#4017 = CARTESIAN_POINT('',(149.,-45.650011,0.));
#4018 = CIRCLE('',#4019,0.650011);
#4019 = AXIS2_PLACEMENT_3D('',#4020,#4021,#4022);
#4020 = CARTESIAN_POINT('',(149.,-45.,0.));
#4021 = DIRECTION('',(-0.,0.,-1.));
#4022 = DIRECTION('',(-0.,-1.,0.));
#4023 = FACE_BOUND('',#4024,.F.);
#4024 = EDGE_LOOP('',(#4025));
#4025 = ORIENTED_EDGE('',*,*,#4026,.T.);
#4026 = EDGE_CURVE('',#4027,#4027,#4029,.T.);
#4027 = VERTEX_POINT('',#4028);
#4028 = CARTESIAN_POINT('',(153.5,-44.265,0.));
#4029 = CIRCLE('',#4030,0.555);
#4030 = AXIS2_PLACEMENT_3D('',#4031,#4032,#4033);
#4031 = CARTESIAN_POINT('',(153.5,-43.71,0.));
#4032 = DIRECTION('',(-0.,0.,-1.));
#4033 = DIRECTION('',(-0.,-1.,0.));
#4034 = FACE_BOUND('',#4035,.F.);
#4035 = EDGE_LOOP('',(#4036));
#4036 = ORIENTED_EDGE('',*,*,#4037,.T.);
#4037 = EDGE_CURVE('',#4038,#4038,#4040,.T.);
#4038 = VERTEX_POINT('',#4039);
#4039 = CARTESIAN_POINT('',(169.,-46.35,0.));
#4040 = CIRCLE('',#4041,1.6);
#4041 = AXIS2_PLACEMENT_3D('',#4042,#4043,#4044);
#4042 = CARTESIAN_POINT('',(169.,-44.75,0.));
#4043 = DIRECTION('',(-0.,0.,-1.));
#4044 = DIRECTION('',(-0.,-1.,0.));
#4045 = PLANE('',#4046);
#4046 = AXIS2_PLACEMENT_3D('',#4047,#4048,#4049);
#4047 = CARTESIAN_POINT('',(0.,0.,0.));
#4048 = DIRECTION('',(0.,0.,1.));
#4049 = DIRECTION('',(1.,0.,-0.));
#4050 = ADVANCED_FACE('',(#4051,#4062,#4073,#4084,#4095,#4106,#4117,
    #4128,#4139,#4150,#4161,#4172,#4183,#4194,#4205,#4216,#4227,#4238,
    #4249,#4260,#4271,#4282,#4293,#4304,#4315,#4326,#4337,#4348,#4359,
    #4370,#4381,#4392,#4403,#4414,#4425,#4436,#4447,#4458,#4469,#4480,
    #4491,#4502,#4513,#4524,#4535,#4546,#4557,#4568,#4579,#4590,#4601,
    #4612,#4623,#4634,#4645,#4656,#4667,#4678,#4689,#4700,#4711,#4722,
    #4733,#4744,#4755,#4766,#4777,#4788,#4799,#4810,#4821,#4832,#4843,
    #4854,#4865,#4876,#4887,#4898,#4909,#4920,#4931,#4942,#4953,#4964,
    #4975,#4986,#4997,#5008,#5019,#5030,#5041,#5052,#5063,#5074,#5085,
    #5096,#5107,#5118,#5129,#5140,#5151,#5162,#5173,#5184,#5195,#5206,
    #5217,#5228),#5239,.T.);
#4051 = FACE_BOUND('',#4052,.T.);
#4052 = EDGE_LOOP('',(#4053,#4054,#4055,#4061));
#4053 = ORIENTED_EDGE('',*,*,#2768,.F.);
#4054 = ORIENTED_EDGE('',*,*,#2808,.F.);
#4055 = ORIENTED_EDGE('',*,*,#4056,.F.);
#4056 = EDGE_CURVE('',#2831,#2801,#4057,.T.);
#4057 = LINE('',#4058,#4059);
#4058 = CARTESIAN_POINT('',(77.75,-41.25,1.51));
#4059 = VECTOR('',#4060,1.);
#4060 = DIRECTION('',(1.,0.,0.));
#4061 = ORIENTED_EDGE('',*,*,#2830,.F.);
#4062 = FACE_BOUND('',#4063,.T.);
#4063 = EDGE_LOOP('',(#4064));
#4064 = ORIENTED_EDGE('',*,*,#4065,.T.);
#4065 = EDGE_CURVE('',#4066,#4066,#4068,.T.);
#4066 = VERTEX_POINT('',#4067);
#4067 = CARTESIAN_POINT('',(82.,-124.6,1.51));
#4068 = CIRCLE('',#4069,1.6);
#4069 = AXIS2_PLACEMENT_3D('',#4070,#4071,#4072);
#4070 = CARTESIAN_POINT('',(82.,-123.,1.51));
#4071 = DIRECTION('',(-0.,0.,-1.));
#4072 = DIRECTION('',(-0.,-1.,0.));
#4073 = FACE_BOUND('',#4074,.T.);
#4074 = EDGE_LOOP('',(#4075));
#4075 = ORIENTED_EDGE('',*,*,#4076,.T.);
#4076 = EDGE_CURVE('',#4077,#4077,#4079,.T.);
#4077 = VERTEX_POINT('',#4078);
#4078 = CARTESIAN_POINT('',(87.75,-116.15,1.51));
#4079 = CIRCLE('',#4080,0.4);
#4080 = AXIS2_PLACEMENT_3D('',#4081,#4082,#4083);
#4081 = CARTESIAN_POINT('',(87.75,-115.75,1.51));
#4082 = DIRECTION('',(-0.,0.,-1.));
#4083 = DIRECTION('',(-0.,-1.,0.));
#4084 = FACE_BOUND('',#4085,.T.);
#4085 = EDGE_LOOP('',(#4086));
#4086 = ORIENTED_EDGE('',*,*,#4087,.T.);
#4087 = EDGE_CURVE('',#4088,#4088,#4090,.T.);
#4088 = VERTEX_POINT('',#4089);
#4089 = CARTESIAN_POINT('',(87.75,-95.65,1.51));
#4090 = CIRCLE('',#4091,0.4);
#4091 = AXIS2_PLACEMENT_3D('',#4092,#4093,#4094);
#4092 = CARTESIAN_POINT('',(87.75,-95.25,1.51));
#4093 = DIRECTION('',(-0.,0.,-1.));
#4094 = DIRECTION('',(-0.,-1.,0.));
#4095 = FACE_BOUND('',#4096,.T.);
#4096 = EDGE_LOOP('',(#4097));
#4097 = ORIENTED_EDGE('',*,*,#4098,.T.);
#4098 = EDGE_CURVE('',#4099,#4099,#4101,.T.);
#4099 = VERTEX_POINT('',#4100);
#4100 = CARTESIAN_POINT('',(93.46,-90.39,1.51));
#4101 = CIRCLE('',#4102,0.35);
#4102 = AXIS2_PLACEMENT_3D('',#4103,#4104,#4105);
#4103 = CARTESIAN_POINT('',(93.46,-90.04,1.51));
#4104 = DIRECTION('',(-0.,0.,-1.));
#4105 = DIRECTION('',(-4.060244204344E-14,-1.,0.));
#4106 = FACE_BOUND('',#4107,.T.);
#4107 = EDGE_LOOP('',(#4108));
#4108 = ORIENTED_EDGE('',*,*,#4109,.T.);
#4109 = EDGE_CURVE('',#4110,#4110,#4112,.T.);
#4110 = VERTEX_POINT('',#4111);
#4111 = CARTESIAN_POINT('',(96.,-87.85,1.51));
#4112 = CIRCLE('',#4113,0.35);
#4113 = AXIS2_PLACEMENT_3D('',#4114,#4115,#4116);
#4114 = CARTESIAN_POINT('',(96.,-87.5,1.51));
#4115 = DIRECTION('',(-0.,0.,-1.));
#4116 = DIRECTION('',(-0.,-1.,0.));
#4117 = FACE_BOUND('',#4118,.T.);
#4118 = EDGE_LOOP('',(#4119));
#4119 = ORIENTED_EDGE('',*,*,#4120,.T.);
#4120 = EDGE_CURVE('',#4121,#4121,#4123,.T.);
#4121 = VERTEX_POINT('',#4122);
#4122 = CARTESIAN_POINT('',(93.46,-85.31,1.51));
#4123 = CIRCLE('',#4124,0.35);
#4124 = AXIS2_PLACEMENT_3D('',#4125,#4126,#4127);
#4125 = CARTESIAN_POINT('',(93.46,-84.96,1.51));
#4126 = DIRECTION('',(-0.,0.,-1.));
#4127 = DIRECTION('',(-4.060244204343E-14,-1.,0.));
#4128 = FACE_BOUND('',#4129,.T.);
#4129 = EDGE_LOOP('',(#4130));
#4130 = ORIENTED_EDGE('',*,*,#4131,.T.);
#4131 = EDGE_CURVE('',#4132,#4132,#4134,.T.);
#4132 = VERTEX_POINT('',#4133);
#4133 = CARTESIAN_POINT('',(99.67,-87.9,1.51));
#4134 = CIRCLE('',#4135,0.4);
#4135 = AXIS2_PLACEMENT_3D('',#4136,#4137,#4138);
#4136 = CARTESIAN_POINT('',(99.67,-87.5,1.51));
#4137 = DIRECTION('',(-0.,0.,-1.));
#4138 = DIRECTION('',(3.5527136788E-14,-1.,-0.));
#4139 = FACE_BOUND('',#4140,.T.);
#4140 = EDGE_LOOP('',(#4141));
#4141 = ORIENTED_EDGE('',*,*,#4142,.T.);
#4142 = EDGE_CURVE('',#4143,#4143,#4145,.T.);
#4143 = VERTEX_POINT('',#4144);
#4144 = CARTESIAN_POINT('',(109.83,-87.9,1.51));
#4145 = CIRCLE('',#4146,0.4);
#4146 = AXIS2_PLACEMENT_3D('',#4147,#4148,#4149);
#4147 = CARTESIAN_POINT('',(109.83,-87.5,1.51));
#4148 = DIRECTION('',(-0.,0.,-1.));
#4149 = DIRECTION('',(-3.552713678801E-14,-1.,0.));
#4150 = FACE_BOUND('',#4151,.T.);
#4151 = EDGE_LOOP('',(#4152));
#4152 = ORIENTED_EDGE('',*,*,#4153,.T.);
#4153 = EDGE_CURVE('',#4154,#4154,#4156,.T.);
#4154 = VERTEX_POINT('',#4155);
#4155 = CARTESIAN_POINT('',(125.16,-90.725,1.51));
#4156 = CIRCLE('',#4157,0.555);
#4157 = AXIS2_PLACEMENT_3D('',#4158,#4159,#4160);
#4158 = CARTESIAN_POINT('',(125.16,-90.17,1.51));
#4159 = DIRECTION('',(-0.,0.,-1.));
#4160 = DIRECTION('',(-0.,-1.,0.));
#4161 = FACE_BOUND('',#4162,.T.);
#4162 = EDGE_LOOP('',(#4163));
#4163 = ORIENTED_EDGE('',*,*,#4164,.T.);
#4164 = EDGE_CURVE('',#4165,#4165,#4167,.T.);
#4165 = VERTEX_POINT('',#4166);
#4166 = CARTESIAN_POINT('',(138.25,-116.15,1.51));
#4167 = CIRCLE('',#4168,0.4);
#4168 = AXIS2_PLACEMENT_3D('',#4169,#4170,#4171);
#4169 = CARTESIAN_POINT('',(138.25,-115.75,1.51));
#4170 = DIRECTION('',(-0.,0.,-1.));
#4171 = DIRECTION('',(-0.,-1.,0.));
#4172 = FACE_BOUND('',#4173,.T.);
#4173 = EDGE_LOOP('',(#4174));
#4174 = ORIENTED_EDGE('',*,*,#4175,.T.);
#4175 = EDGE_CURVE('',#4176,#4176,#4178,.T.);
#4176 = VERTEX_POINT('',#4177);
#4177 = CARTESIAN_POINT('',(146.,-116.175,1.51));
#4178 = CIRCLE('',#4179,0.555);
#4179 = AXIS2_PLACEMENT_3D('',#4180,#4181,#4182);
#4180 = CARTESIAN_POINT('',(146.,-115.62,1.51));
#4181 = DIRECTION('',(-0.,0.,-1.));
#4182 = DIRECTION('',(-0.,-1.,0.));
#4183 = FACE_BOUND('',#4184,.T.);
#4184 = EDGE_LOOP('',(#4185));
#4185 = ORIENTED_EDGE('',*,*,#4186,.T.);
#4186 = EDGE_CURVE('',#4187,#4187,#4189,.T.);
#4187 = VERTEX_POINT('',#4188);
#4188 = CARTESIAN_POINT('',(146.,-113.635,1.51));
#4189 = CIRCLE('',#4190,0.555);
#4190 = AXIS2_PLACEMENT_3D('',#4191,#4192,#4193);
#4191 = CARTESIAN_POINT('',(146.,-113.08,1.51));
#4192 = DIRECTION('',(-0.,0.,-1.));
#4193 = DIRECTION('',(-0.,-1.,0.));
#4194 = FACE_BOUND('',#4195,.T.);
#4195 = EDGE_LOOP('',(#4196));
#4196 = ORIENTED_EDGE('',*,*,#4197,.T.);
#4197 = EDGE_CURVE('',#4198,#4198,#4200,.T.);
#4198 = VERTEX_POINT('',#4199);
#4199 = CARTESIAN_POINT('',(146.,-111.095,1.51));
#4200 = CIRCLE('',#4201,0.555);
#4201 = AXIS2_PLACEMENT_3D('',#4202,#4203,#4204);
#4202 = CARTESIAN_POINT('',(146.,-110.54,1.51));
#4203 = DIRECTION('',(-0.,0.,-1.));
#4204 = DIRECTION('',(-0.,-1.,0.));
#4205 = FACE_BOUND('',#4206,.T.);
#4206 = EDGE_LOOP('',(#4207));
#4207 = ORIENTED_EDGE('',*,*,#4208,.T.);
#4208 = EDGE_CURVE('',#4209,#4209,#4211,.T.);
#4209 = VERTEX_POINT('',#4210);
#4210 = CARTESIAN_POINT('',(146.,-108.555,1.51));
#4211 = CIRCLE('',#4212,0.555);
#4212 = AXIS2_PLACEMENT_3D('',#4213,#4214,#4215);
#4213 = CARTESIAN_POINT('',(146.,-108.,1.51));
#4214 = DIRECTION('',(-0.,0.,-1.));
#4215 = DIRECTION('',(-0.,-1.,0.));
#4216 = FACE_BOUND('',#4217,.T.);
#4217 = EDGE_LOOP('',(#4218));
#4218 = ORIENTED_EDGE('',*,*,#4219,.T.);
#4219 = EDGE_CURVE('',#4220,#4220,#4222,.T.);
#4220 = VERTEX_POINT('',#4221);
#4221 = CARTESIAN_POINT('',(146.,-106.015,1.51));
#4222 = CIRCLE('',#4223,0.555);
#4223 = AXIS2_PLACEMENT_3D('',#4224,#4225,#4226);
#4224 = CARTESIAN_POINT('',(146.,-105.46,1.51));
#4225 = DIRECTION('',(-0.,0.,-1.));
#4226 = DIRECTION('',(-0.,-1.,0.));
#4227 = FACE_BOUND('',#4228,.T.);
#4228 = EDGE_LOOP('',(#4229));
#4229 = ORIENTED_EDGE('',*,*,#4230,.T.);
#4230 = EDGE_CURVE('',#4231,#4231,#4233,.T.);
#4231 = VERTEX_POINT('',#4232);
#4232 = CARTESIAN_POINT('',(169.,-124.6,1.51));
#4233 = CIRCLE('',#4234,1.6);
#4234 = AXIS2_PLACEMENT_3D('',#4235,#4236,#4237);
#4235 = CARTESIAN_POINT('',(169.,-123.,1.51));
#4236 = DIRECTION('',(-0.,0.,-1.));
#4237 = DIRECTION('',(-0.,-1.,0.));
#4238 = FACE_BOUND('',#4239,.T.);
#4239 = EDGE_LOOP('',(#4240));
#4240 = ORIENTED_EDGE('',*,*,#4241,.T.);
#4241 = EDGE_CURVE('',#4242,#4242,#4244,.T.);
#4242 = VERTEX_POINT('',#4243);
#4243 = CARTESIAN_POINT('',(146.,-103.475,1.51));
#4244 = CIRCLE('',#4245,0.555);
#4245 = AXIS2_PLACEMENT_3D('',#4246,#4247,#4248);
#4246 = CARTESIAN_POINT('',(146.,-102.92,1.51));
#4247 = DIRECTION('',(-0.,0.,-1.));
#4248 = DIRECTION('',(-0.,-1.,0.));
#4249 = FACE_BOUND('',#4250,.T.);
#4250 = EDGE_LOOP('',(#4251));
#4251 = ORIENTED_EDGE('',*,*,#4252,.T.);
#4252 = EDGE_CURVE('',#4253,#4253,#4255,.T.);
#4253 = VERTEX_POINT('',#4254);
#4254 = CARTESIAN_POINT('',(146.,-100.935,1.51));
#4255 = CIRCLE('',#4256,0.555);
#4256 = AXIS2_PLACEMENT_3D('',#4257,#4258,#4259);
#4257 = CARTESIAN_POINT('',(146.,-100.38,1.51));
#4258 = DIRECTION('',(-0.,0.,-1.));
#4259 = DIRECTION('',(-0.,-1.,0.));
#4260 = FACE_BOUND('',#4261,.T.);
#4261 = EDGE_LOOP('',(#4262));
#4262 = ORIENTED_EDGE('',*,*,#4263,.T.);
#4263 = EDGE_CURVE('',#4264,#4264,#4266,.T.);
#4264 = VERTEX_POINT('',#4265);
#4265 = CARTESIAN_POINT('',(138.25,-95.65,1.51));
#4266 = CIRCLE('',#4267,0.4);
#4267 = AXIS2_PLACEMENT_3D('',#4268,#4269,#4270);
#4268 = CARTESIAN_POINT('',(138.25,-95.25,1.51));
#4269 = DIRECTION('',(-0.,0.,-1.));
#4270 = DIRECTION('',(-0.,-1.,0.));
#4271 = FACE_BOUND('',#4272,.T.);
#4272 = EDGE_LOOP('',(#4273));
#4273 = ORIENTED_EDGE('',*,*,#4274,.T.);
#4274 = EDGE_CURVE('',#4275,#4275,#4277,.T.);
#4275 = VERTEX_POINT('',#4276);
#4276 = CARTESIAN_POINT('',(146.,-98.395,1.51));
#4277 = CIRCLE('',#4278,0.555);
#4278 = AXIS2_PLACEMENT_3D('',#4279,#4280,#4281);
#4279 = CARTESIAN_POINT('',(146.,-97.84,1.51));
#4280 = DIRECTION('',(-0.,0.,-1.));
#4281 = DIRECTION('',(-0.,-1.,0.));
#4282 = FACE_BOUND('',#4283,.T.);
#4283 = EDGE_LOOP('',(#4284));
#4284 = ORIENTED_EDGE('',*,*,#4285,.T.);
#4285 = EDGE_CURVE('',#4286,#4286,#4288,.T.);
#4286 = VERTEX_POINT('',#4287);
#4287 = CARTESIAN_POINT('',(146.,-95.855,1.51));
#4288 = CIRCLE('',#4289,0.555);
#4289 = AXIS2_PLACEMENT_3D('',#4290,#4291,#4292);
#4290 = CARTESIAN_POINT('',(146.,-95.3,1.51));
#4291 = DIRECTION('',(-0.,0.,-1.));
#4292 = DIRECTION('',(-0.,-1.,0.));
#4293 = FACE_BOUND('',#4294,.T.);
#4294 = EDGE_LOOP('',(#4295));
#4295 = ORIENTED_EDGE('',*,*,#4296,.T.);
#4296 = EDGE_CURVE('',#4297,#4297,#4299,.T.);
#4297 = VERTEX_POINT('',#4298);
#4298 = CARTESIAN_POINT('',(127.7,-90.725,1.51));
#4299 = CIRCLE('',#4300,0.555);
#4300 = AXIS2_PLACEMENT_3D('',#4301,#4302,#4303);
#4301 = CARTESIAN_POINT('',(127.7,-90.17,1.51));
#4302 = DIRECTION('',(-0.,0.,-1.));
#4303 = DIRECTION('',(2.560514363099E-14,-1.,-0.));
#4304 = FACE_BOUND('',#4305,.T.);
#4305 = EDGE_LOOP('',(#4306));
#4306 = ORIENTED_EDGE('',*,*,#4307,.T.);
#4307 = EDGE_CURVE('',#4308,#4308,#4310,.T.);
#4308 = VERTEX_POINT('',#4309);
#4309 = CARTESIAN_POINT('',(130.24,-90.725,1.51));
#4310 = CIRCLE('',#4311,0.555);
#4311 = AXIS2_PLACEMENT_3D('',#4312,#4313,#4314);
#4312 = CARTESIAN_POINT('',(130.24,-90.17,1.51));
#4313 = DIRECTION('',(-0.,0.,-1.));
#4314 = DIRECTION('',(-0.,-1.,0.));
#4315 = FACE_BOUND('',#4316,.T.);
#4316 = EDGE_LOOP('',(#4317));
#4317 = ORIENTED_EDGE('',*,*,#4318,.T.);
#4318 = EDGE_CURVE('',#4319,#4319,#4321,.T.);
#4319 = VERTEX_POINT('',#4320);
#4320 = CARTESIAN_POINT('',(132.78,-90.725,1.51));
#4321 = CIRCLE('',#4322,0.555);
#4322 = AXIS2_PLACEMENT_3D('',#4323,#4324,#4325);
#4323 = CARTESIAN_POINT('',(132.78,-90.17,1.51));
#4324 = DIRECTION('',(-0.,0.,-1.));
#4325 = DIRECTION('',(-0.,-1.,0.));
#4326 = FACE_BOUND('',#4327,.T.);
#4327 = EDGE_LOOP('',(#4328));
#4328 = ORIENTED_EDGE('',*,*,#4329,.T.);
#4329 = EDGE_CURVE('',#4330,#4330,#4332,.T.);
#4330 = VERTEX_POINT('',#4331);
#4331 = CARTESIAN_POINT('',(135.32,-90.725,1.51));
#4332 = CIRCLE('',#4333,0.555);
#4333 = AXIS2_PLACEMENT_3D('',#4334,#4335,#4336);
#4334 = CARTESIAN_POINT('',(135.32,-90.17,1.51));
#4335 = DIRECTION('',(-0.,0.,-1.));
#4336 = DIRECTION('',(-0.,-1.,0.));
#4337 = FACE_BOUND('',#4338,.T.);
#4338 = EDGE_LOOP('',(#4339));
#4339 = ORIENTED_EDGE('',*,*,#4340,.T.);
#4340 = EDGE_CURVE('',#4341,#4341,#4343,.T.);
#4341 = VERTEX_POINT('',#4342);
#4342 = CARTESIAN_POINT('',(137.86,-90.725,1.51));
#4343 = CIRCLE('',#4344,0.555);
#4344 = AXIS2_PLACEMENT_3D('',#4345,#4346,#4347);
#4345 = CARTESIAN_POINT('',(137.86,-90.17,1.51));
#4346 = DIRECTION('',(-0.,0.,-1.));
#4347 = DIRECTION('',(-0.,-1.,0.));
#4348 = FACE_BOUND('',#4349,.T.);
#4349 = EDGE_LOOP('',(#4350));
#4350 = ORIENTED_EDGE('',*,*,#4351,.T.);
#4351 = EDGE_CURVE('',#4352,#4352,#4354,.T.);
#4352 = VERTEX_POINT('',#4353);
#4353 = CARTESIAN_POINT('',(140.4,-90.725,1.51));
#4354 = CIRCLE('',#4355,0.555);
#4355 = AXIS2_PLACEMENT_3D('',#4356,#4357,#4358);
#4356 = CARTESIAN_POINT('',(140.4,-90.17,1.51));
#4357 = DIRECTION('',(-0.,0.,-1.));
#4358 = DIRECTION('',(-0.,-1.,0.));
#4359 = FACE_BOUND('',#4360,.T.);
#4360 = EDGE_LOOP('',(#4361));
#4361 = ORIENTED_EDGE('',*,*,#4362,.T.);
#4362 = EDGE_CURVE('',#4363,#4363,#4365,.T.);
#4363 = VERTEX_POINT('',#4364);
#4364 = CARTESIAN_POINT('',(142.94,-90.725,1.51));
#4365 = CIRCLE('',#4366,0.555);
#4366 = AXIS2_PLACEMENT_3D('',#4367,#4368,#4369);
#4367 = CARTESIAN_POINT('',(142.94,-90.17,1.51));
#4368 = DIRECTION('',(-0.,0.,-1.));
#4369 = DIRECTION('',(-0.,-1.,0.));
#4370 = FACE_BOUND('',#4371,.T.);
#4371 = EDGE_LOOP('',(#4372));
#4372 = ORIENTED_EDGE('',*,*,#4373,.T.);
#4373 = EDGE_CURVE('',#4374,#4374,#4376,.T.);
#4374 = VERTEX_POINT('',#4375);
#4375 = CARTESIAN_POINT('',(145.48,-90.725,1.51));
#4376 = CIRCLE('',#4377,0.555);
#4377 = AXIS2_PLACEMENT_3D('',#4378,#4379,#4380);
#4378 = CARTESIAN_POINT('',(145.48,-90.17,1.51));
#4379 = DIRECTION('',(-0.,0.,-1.));
#4380 = DIRECTION('',(-5.121028726199E-14,-1.,0.));
#4381 = FACE_BOUND('',#4382,.T.);
#4382 = EDGE_LOOP('',(#4383));
#4383 = ORIENTED_EDGE('',*,*,#4384,.T.);
#4384 = EDGE_CURVE('',#4385,#4385,#4387,.T.);
#4385 = VERTEX_POINT('',#4386);
#4386 = CARTESIAN_POINT('',(148.02,-90.725,1.51));
#4387 = CIRCLE('',#4388,0.555);
#4388 = AXIS2_PLACEMENT_3D('',#4389,#4390,#4391);
#4389 = CARTESIAN_POINT('',(148.02,-90.17,1.51));
#4390 = DIRECTION('',(-0.,0.,-1.));
#4391 = DIRECTION('',(5.121028726199E-14,-1.,-0.));
#4392 = FACE_BOUND('',#4393,.T.);
#4393 = EDGE_LOOP('',(#4394));
#4394 = ORIENTED_EDGE('',*,*,#4395,.T.);
#4395 = EDGE_CURVE('',#4396,#4396,#4398,.T.);
#4396 = VERTEX_POINT('',#4397);
#4397 = CARTESIAN_POINT('',(150.56,-90.725,1.51));
#4398 = CIRCLE('',#4399,0.555);
#4399 = AXIS2_PLACEMENT_3D('',#4400,#4401,#4402);
#4400 = CARTESIAN_POINT('',(150.56,-90.17,1.51));
#4401 = DIRECTION('',(-0.,0.,-1.));
#4402 = DIRECTION('',(-0.,-1.,0.));
#4403 = FACE_BOUND('',#4404,.T.);
#4404 = EDGE_LOOP('',(#4405));
#4405 = ORIENTED_EDGE('',*,*,#4406,.T.);
#4406 = EDGE_CURVE('',#4407,#4407,#4409,.T.);
#4407 = VERTEX_POINT('',#4408);
#4408 = CARTESIAN_POINT('',(153.1,-90.725,1.51));
#4409 = CIRCLE('',#4410,0.555);
#4410 = AXIS2_PLACEMENT_3D('',#4411,#4412,#4413);
#4411 = CARTESIAN_POINT('',(153.1,-90.17,1.51));
#4412 = DIRECTION('',(-0.,0.,-1.));
#4413 = DIRECTION('',(-0.,-1.,0.));
#4414 = FACE_BOUND('',#4415,.T.);
#4415 = EDGE_LOOP('',(#4416));
#4416 = ORIENTED_EDGE('',*,*,#4417,.T.);
#4417 = EDGE_CURVE('',#4418,#4418,#4420,.T.);
#4418 = VERTEX_POINT('',#4419);
#4419 = CARTESIAN_POINT('',(155.64,-90.725,1.51));
#4420 = CIRCLE('',#4421,0.555);
#4421 = AXIS2_PLACEMENT_3D('',#4422,#4423,#4424);
#4422 = CARTESIAN_POINT('',(155.64,-90.17,1.51));
#4423 = DIRECTION('',(-0.,0.,-1.));
#4424 = DIRECTION('',(-0.,-1.,0.));
#4425 = FACE_BOUND('',#4426,.T.);
#4426 = EDGE_LOOP('',(#4427));
#4427 = ORIENTED_EDGE('',*,*,#4428,.T.);
#4428 = EDGE_CURVE('',#4429,#4429,#4431,.T.);
#4429 = VERTEX_POINT('',#4430);
#4430 = CARTESIAN_POINT('',(158.18,-90.725,1.51));
#4431 = CIRCLE('',#4432,0.555);
#4432 = AXIS2_PLACEMENT_3D('',#4433,#4434,#4435);
#4433 = CARTESIAN_POINT('',(158.18,-90.17,1.51));
#4434 = DIRECTION('',(-0.,0.,-1.));
#4435 = DIRECTION('',(-0.,-1.,0.));
#4436 = FACE_BOUND('',#4437,.T.);
#4437 = EDGE_LOOP('',(#4438));
#4438 = ORIENTED_EDGE('',*,*,#4439,.T.);
#4439 = EDGE_CURVE('',#4440,#4440,#4442,.T.);
#4440 = VERTEX_POINT('',#4441);
#4441 = CARTESIAN_POINT('',(160.72,-90.725,1.51));
#4442 = CIRCLE('',#4443,0.555);
#4443 = AXIS2_PLACEMENT_3D('',#4444,#4445,#4446);
#4444 = CARTESIAN_POINT('',(160.72,-90.17,1.51));
#4445 = DIRECTION('',(-0.,0.,-1.));
#4446 = DIRECTION('',(-0.,-1.,0.));
#4447 = FACE_BOUND('',#4448,.T.);
#4448 = EDGE_LOOP('',(#4449));
#4449 = ORIENTED_EDGE('',*,*,#4450,.T.);
#4450 = EDGE_CURVE('',#4451,#4451,#4453,.T.);
#4451 = VERTEX_POINT('',#4452);
#4452 = CARTESIAN_POINT('',(163.26,-90.725,1.51));
#4453 = CIRCLE('',#4454,0.555);
#4454 = AXIS2_PLACEMENT_3D('',#4455,#4456,#4457);
#4455 = CARTESIAN_POINT('',(163.26,-90.17,1.51));
#4456 = DIRECTION('',(-0.,0.,-1.));
#4457 = DIRECTION('',(-0.,-1.,0.));
#4458 = FACE_BOUND('',#4459,.T.);
#4459 = EDGE_LOOP('',(#4460));
#4460 = ORIENTED_EDGE('',*,*,#4461,.T.);
#4461 = EDGE_CURVE('',#4462,#4462,#4464,.T.);
#4462 = VERTEX_POINT('',#4463);
#4463 = CARTESIAN_POINT('',(165.8,-90.725,1.51));
#4464 = CIRCLE('',#4465,0.555);
#4465 = AXIS2_PLACEMENT_3D('',#4466,#4467,#4468);
#4466 = CARTESIAN_POINT('',(165.8,-90.17,1.51));
#4467 = DIRECTION('',(-0.,0.,-1.));
#4468 = DIRECTION('',(-0.,-1.,0.));
#4469 = FACE_BOUND('',#4470,.T.);
#4470 = EDGE_LOOP('',(#4471));
#4471 = ORIENTED_EDGE('',*,*,#4472,.T.);
#4472 = EDGE_CURVE('',#4473,#4473,#4475,.T.);
#4473 = VERTEX_POINT('',#4474);
#4474 = CARTESIAN_POINT('',(168.34,-90.725,1.51));
#4475 = CIRCLE('',#4476,0.555);
#4476 = AXIS2_PLACEMENT_3D('',#4477,#4478,#4479);
#4477 = CARTESIAN_POINT('',(168.34,-90.17,1.51));
#4478 = DIRECTION('',(-0.,0.,-1.));
#4479 = DIRECTION('',(-0.,-1.,0.));
#4480 = FACE_BOUND('',#4481,.T.);
#4481 = EDGE_LOOP('',(#4482));
#4482 = ORIENTED_EDGE('',*,*,#4483,.T.);
#4483 = EDGE_CURVE('',#4484,#4484,#4486,.T.);
#4484 = VERTEX_POINT('',#4485);
#4485 = CARTESIAN_POINT('',(170.88,-90.725,1.51));
#4486 = CIRCLE('',#4487,0.555);
#4487 = AXIS2_PLACEMENT_3D('',#4488,#4489,#4490);
#4488 = CARTESIAN_POINT('',(170.88,-90.17,1.51));
#4489 = DIRECTION('',(-0.,0.,-1.));
#4490 = DIRECTION('',(-0.,-1.,0.));
#4491 = FACE_BOUND('',#4492,.T.);
#4492 = EDGE_LOOP('',(#4493));
#4493 = ORIENTED_EDGE('',*,*,#4494,.T.);
#4494 = EDGE_CURVE('',#4495,#4495,#4497,.T.);
#4495 = VERTEX_POINT('',#4496);
#4496 = CARTESIAN_POINT('',(93.5,-79.9,1.51));
#4497 = CIRCLE('',#4498,0.55);
#4498 = AXIS2_PLACEMENT_3D('',#4499,#4500,#4501);
#4499 = CARTESIAN_POINT('',(93.5,-79.35,1.51));
#4500 = DIRECTION('',(-0.,0.,-1.));
#4501 = DIRECTION('',(-0.,-1.,0.));
#4502 = FACE_BOUND('',#4503,.T.);
#4503 = EDGE_LOOP('',(#4504));
#4504 = ORIENTED_EDGE('',*,*,#4505,.T.);
#4505 = EDGE_CURVE('',#4506,#4506,#4508,.T.);
#4506 = VERTEX_POINT('',#4507);
#4507 = CARTESIAN_POINT('',(93.5,-67.2,1.51));
#4508 = CIRCLE('',#4509,0.55);
#4509 = AXIS2_PLACEMENT_3D('',#4510,#4511,#4512);
#4510 = CARTESIAN_POINT('',(93.5,-66.65,1.51));
#4511 = DIRECTION('',(-0.,0.,-1.));
#4512 = DIRECTION('',(-0.,-1.,0.));
#4513 = FACE_BOUND('',#4514,.T.);
#4514 = EDGE_LOOP('',(#4515));
#4515 = ORIENTED_EDGE('',*,*,#4516,.T.);
#4516 = EDGE_CURVE('',#4517,#4517,#4519,.T.);
#4517 = VERTEX_POINT('',#4518);
#4518 = CARTESIAN_POINT('',(109.,-81.4,1.51));
#4519 = CIRCLE('',#4520,0.4);
#4520 = AXIS2_PLACEMENT_3D('',#4521,#4522,#4523);
#4521 = CARTESIAN_POINT('',(109.,-81.,1.51));
#4522 = DIRECTION('',(-0.,0.,-1.));
#4523 = DIRECTION('',(-0.,-1.,0.));
#4524 = FACE_BOUND('',#4525,.T.);
#4525 = EDGE_LOOP('',(#4526));
#4526 = ORIENTED_EDGE('',*,*,#4527,.T.);
#4527 = EDGE_CURVE('',#4528,#4528,#4530,.T.);
#4528 = VERTEX_POINT('',#4529);
#4529 = CARTESIAN_POINT('',(109.,-66.9,1.51));
#4530 = CIRCLE('',#4531,0.4);
#4531 = AXIS2_PLACEMENT_3D('',#4532,#4533,#4534);
#4532 = CARTESIAN_POINT('',(109.,-66.5,1.51));
#4533 = DIRECTION('',(-0.,0.,-1.));
#4534 = DIRECTION('',(-0.,-1.,0.));
#4535 = FACE_BOUND('',#4536,.T.);
#4536 = EDGE_LOOP('',(#4537));
#4537 = ORIENTED_EDGE('',*,*,#4538,.T.);
#4538 = EDGE_CURVE('',#4539,#4539,#4541,.T.);
#4539 = VERTEX_POINT('',#4540);
#4540 = CARTESIAN_POINT('',(125.16,-65.325,1.51));
#4541 = CIRCLE('',#4542,0.555);
#4542 = AXIS2_PLACEMENT_3D('',#4543,#4544,#4545);
#4543 = CARTESIAN_POINT('',(125.16,-64.77,1.51));
#4544 = DIRECTION('',(-0.,0.,-1.));
#4545 = DIRECTION('',(-0.,-1.,0.));
#4546 = FACE_BOUND('',#4547,.T.);
#4547 = EDGE_LOOP('',(#4548));
#4548 = ORIENTED_EDGE('',*,*,#4549,.T.);
#4549 = EDGE_CURVE('',#4550,#4550,#4552,.T.);
#4550 = VERTEX_POINT('',#4551);
#4551 = CARTESIAN_POINT('',(91.05,-59.62,1.51));
#4552 = CIRCLE('',#4553,0.5);
#4553 = AXIS2_PLACEMENT_3D('',#4554,#4555,#4556);
#4554 = CARTESIAN_POINT('',(91.05,-59.12,1.51));
#4555 = DIRECTION('',(-0.,0.,-1.));
#4556 = DIRECTION('',(-0.,-1.,0.));
#4557 = FACE_BOUND('',#4558,.T.);
#4558 = EDGE_LOOP('',(#4559));
#4559 = ORIENTED_EDGE('',*,*,#4560,.T.);
#4560 = EDGE_CURVE('',#4561,#4561,#4563,.T.);
#4561 = VERTEX_POINT('',#4562);
#4562 = CARTESIAN_POINT('',(98.67,-59.62,1.51));
#4563 = CIRCLE('',#4564,0.5);
#4564 = AXIS2_PLACEMENT_3D('',#4565,#4566,#4567);
#4565 = CARTESIAN_POINT('',(98.67,-59.12,1.51));
#4566 = DIRECTION('',(-0.,0.,-1.));
#4567 = DIRECTION('',(-0.,-1.,0.));
#4568 = FACE_BOUND('',#4569,.T.);
#4569 = EDGE_LOOP('',(#4570));
#4570 = ORIENTED_EDGE('',*,*,#4571,.T.);
#4571 = EDGE_CURVE('',#4572,#4572,#4574,.T.);
#4572 = VERTEX_POINT('',#4573);
#4573 = CARTESIAN_POINT('',(91.05,-52.,1.51));
#4574 = CIRCLE('',#4575,0.5);
#4575 = AXIS2_PLACEMENT_3D('',#4576,#4577,#4578);
#4576 = CARTESIAN_POINT('',(91.05,-51.5,1.51));
#4577 = DIRECTION('',(-0.,0.,-1.));
#4578 = DIRECTION('',(-0.,-1.,0.));
#4579 = FACE_BOUND('',#4580,.T.);
#4580 = EDGE_LOOP('',(#4581));
#4581 = ORIENTED_EDGE('',*,*,#4582,.T.);
#4582 = EDGE_CURVE('',#4583,#4583,#4585,.T.);
#4583 = VERTEX_POINT('',#4584);
#4584 = CARTESIAN_POINT('',(82.,-46.6,1.51));
#4585 = CIRCLE('',#4586,1.6);
#4586 = AXIS2_PLACEMENT_3D('',#4587,#4588,#4589);
#4587 = CARTESIAN_POINT('',(82.,-45.,1.51));
#4588 = DIRECTION('',(-0.,0.,-1.));
#4589 = DIRECTION('',(-0.,-1.,0.));
#4590 = FACE_BOUND('',#4591,.T.);
#4591 = EDGE_LOOP('',(#4592));
#4592 = ORIENTED_EDGE('',*,*,#4593,.T.);
#4593 = EDGE_CURVE('',#4594,#4594,#4596,.T.);
#4594 = VERTEX_POINT('',#4595);
#4595 = CARTESIAN_POINT('',(89.,-45.650011,1.51));
#4596 = CIRCLE('',#4597,0.650011);
#4597 = AXIS2_PLACEMENT_3D('',#4598,#4599,#4600);
#4598 = CARTESIAN_POINT('',(89.,-45.,1.51));
#4599 = DIRECTION('',(-0.,0.,-1.));
#4600 = DIRECTION('',(-0.,-1.,0.));
#4601 = FACE_BOUND('',#4602,.T.);
#4602 = EDGE_LOOP('',(#4603));
#4603 = ORIENTED_EDGE('',*,*,#4604,.T.);
#4604 = EDGE_CURVE('',#4605,#4605,#4607,.T.);
#4605 = VERTEX_POINT('',#4606);
#4606 = CARTESIAN_POINT('',(98.67,-52.,1.51));
#4607 = CIRCLE('',#4608,0.5);
#4608 = AXIS2_PLACEMENT_3D('',#4609,#4610,#4611);
#4609 = CARTESIAN_POINT('',(98.67,-51.5,1.51));
#4610 = DIRECTION('',(-0.,0.,-1.));
#4611 = DIRECTION('',(-0.,-1.,0.));
#4612 = FACE_BOUND('',#4613,.T.);
#4613 = EDGE_LOOP('',(#4614));
#4614 = ORIENTED_EDGE('',*,*,#4615,.T.);
#4615 = EDGE_CURVE('',#4616,#4616,#4618,.T.);
#4616 = VERTEX_POINT('',#4617);
#4617 = CARTESIAN_POINT('',(94.,-45.650011,1.51));
#4618 = CIRCLE('',#4619,0.650011);
#4619 = AXIS2_PLACEMENT_3D('',#4620,#4621,#4622);
#4620 = CARTESIAN_POINT('',(94.,-45.,1.51));
#4621 = DIRECTION('',(-0.,0.,-1.));
#4622 = DIRECTION('',(-0.,-1.,0.));
#4623 = FACE_BOUND('',#4624,.T.);
#4624 = EDGE_LOOP('',(#4625));
#4625 = ORIENTED_EDGE('',*,*,#4626,.T.);
#4626 = EDGE_CURVE('',#4627,#4627,#4629,.T.);
#4627 = VERTEX_POINT('',#4628);
#4628 = CARTESIAN_POINT('',(99.,-45.650011,1.51));
#4629 = CIRCLE('',#4630,0.650011);
#4630 = AXIS2_PLACEMENT_3D('',#4631,#4632,#4633);
#4631 = CARTESIAN_POINT('',(99.,-45.,1.51));
#4632 = DIRECTION('',(-0.,0.,-1.));
#4633 = DIRECTION('',(-0.,-1.,0.));
#4634 = FACE_BOUND('',#4635,.T.);
#4635 = EDGE_LOOP('',(#4636));
#4636 = ORIENTED_EDGE('',*,*,#4637,.T.);
#4637 = EDGE_CURVE('',#4638,#4638,#4640,.T.);
#4638 = VERTEX_POINT('',#4639);
#4639 = CARTESIAN_POINT('',(103.75,-59.62,1.51));
#4640 = CIRCLE('',#4641,0.5);
#4641 = AXIS2_PLACEMENT_3D('',#4642,#4643,#4644);
#4642 = CARTESIAN_POINT('',(103.75,-59.12,1.51));
#4643 = DIRECTION('',(-0.,0.,-1.));
#4644 = DIRECTION('',(-0.,-1.,0.));
#4645 = FACE_BOUND('',#4646,.T.);
#4646 = EDGE_LOOP('',(#4647));
#4647 = ORIENTED_EDGE('',*,*,#4648,.T.);
#4648 = EDGE_CURVE('',#4649,#4649,#4651,.T.);
#4649 = VERTEX_POINT('',#4650);
#4650 = CARTESIAN_POINT('',(108.83,-59.62,1.51));
#4651 = CIRCLE('',#4652,0.5);
#4652 = AXIS2_PLACEMENT_3D('',#4653,#4654,#4655);
#4653 = CARTESIAN_POINT('',(108.83,-59.12,1.51));
#4654 = DIRECTION('',(-0.,0.,-1.));
#4655 = DIRECTION('',(-0.,-1.,0.));
#4656 = FACE_BOUND('',#4657,.T.);
#4657 = EDGE_LOOP('',(#4658));
#4658 = ORIENTED_EDGE('',*,*,#4659,.T.);
#4659 = EDGE_CURVE('',#4660,#4660,#4662,.T.);
#4660 = VERTEX_POINT('',#4661);
#4661 = CARTESIAN_POINT('',(114.,-60.98,1.51));
#4662 = CIRCLE('',#4663,0.4);
#4663 = AXIS2_PLACEMENT_3D('',#4664,#4665,#4666);
#4664 = CARTESIAN_POINT('',(114.,-60.58,1.51));
#4665 = DIRECTION('',(-0.,0.,-1.));
#4666 = DIRECTION('',(-0.,-1.,0.));
#4667 = FACE_BOUND('',#4668,.T.);
#4668 = EDGE_LOOP('',(#4669));
#4669 = ORIENTED_EDGE('',*,*,#4670,.T.);
#4670 = EDGE_CURVE('',#4671,#4671,#4673,.T.);
#4671 = VERTEX_POINT('',#4672);
#4672 = CARTESIAN_POINT('',(117.5,-60.98,1.51));
#4673 = CIRCLE('',#4674,0.4);
#4674 = AXIS2_PLACEMENT_3D('',#4675,#4676,#4677);
#4675 = CARTESIAN_POINT('',(117.5,-60.58,1.51));
#4676 = DIRECTION('',(-0.,0.,-1.));
#4677 = DIRECTION('',(-0.,-1.,0.));
#4678 = FACE_BOUND('',#4679,.T.);
#4679 = EDGE_LOOP('',(#4680));
#4680 = ORIENTED_EDGE('',*,*,#4681,.T.);
#4681 = EDGE_CURVE('',#4682,#4682,#4684,.T.);
#4682 = VERTEX_POINT('',#4683);
#4683 = CARTESIAN_POINT('',(121.,-60.98,1.51));
#4684 = CIRCLE('',#4685,0.4);
#4685 = AXIS2_PLACEMENT_3D('',#4686,#4687,#4688);
#4686 = CARTESIAN_POINT('',(121.,-60.58,1.51));
#4687 = DIRECTION('',(-0.,0.,-1.));
#4688 = DIRECTION('',(-0.,-1.,0.));
#4689 = FACE_BOUND('',#4690,.T.);
#4690 = EDGE_LOOP('',(#4691));
#4691 = ORIENTED_EDGE('',*,*,#4692,.T.);
#4692 = EDGE_CURVE('',#4693,#4693,#4695,.T.);
#4693 = VERTEX_POINT('',#4694);
#4694 = CARTESIAN_POINT('',(125.,-60.98,1.51));
#4695 = CIRCLE('',#4696,0.4);
#4696 = AXIS2_PLACEMENT_3D('',#4697,#4698,#4699);
#4697 = CARTESIAN_POINT('',(125.,-60.58,1.51));
#4698 = DIRECTION('',(-0.,0.,-1.));
#4699 = DIRECTION('',(-0.,-1.,0.));
#4700 = FACE_BOUND('',#4701,.T.);
#4701 = EDGE_LOOP('',(#4702));
#4702 = ORIENTED_EDGE('',*,*,#4703,.T.);
#4703 = EDGE_CURVE('',#4704,#4704,#4706,.T.);
#4704 = VERTEX_POINT('',#4705);
#4705 = CARTESIAN_POINT('',(103.75,-52.,1.51));
#4706 = CIRCLE('',#4707,0.5);
#4707 = AXIS2_PLACEMENT_3D('',#4708,#4709,#4710);
#4708 = CARTESIAN_POINT('',(103.75,-51.5,1.51));
#4709 = DIRECTION('',(-0.,0.,-1.));
#4710 = DIRECTION('',(-0.,-1.,0.));
#4711 = FACE_BOUND('',#4712,.T.);
#4712 = EDGE_LOOP('',(#4713));
#4713 = ORIENTED_EDGE('',*,*,#4714,.T.);
#4714 = EDGE_CURVE('',#4715,#4715,#4717,.T.);
#4715 = VERTEX_POINT('',#4716);
#4716 = CARTESIAN_POINT('',(108.83,-52.,1.51));
#4717 = CIRCLE('',#4718,0.5);
#4718 = AXIS2_PLACEMENT_3D('',#4719,#4720,#4721);
#4719 = CARTESIAN_POINT('',(108.83,-51.5,1.51));
#4720 = DIRECTION('',(-0.,0.,-1.));
#4721 = DIRECTION('',(-0.,-1.,0.));
#4722 = FACE_BOUND('',#4723,.T.);
#4723 = EDGE_LOOP('',(#4724));
#4724 = ORIENTED_EDGE('',*,*,#4725,.T.);
#4725 = EDGE_CURVE('',#4726,#4726,#4728,.T.);
#4726 = VERTEX_POINT('',#4727);
#4727 = CARTESIAN_POINT('',(114.,-50.82,1.51));
#4728 = CIRCLE('',#4729,0.4);
#4729 = AXIS2_PLACEMENT_3D('',#4730,#4731,#4732);
#4730 = CARTESIAN_POINT('',(114.,-50.42,1.51));
#4731 = DIRECTION('',(-0.,0.,-1.));
#4732 = DIRECTION('',(-0.,-1.,0.));
#4733 = FACE_BOUND('',#4734,.T.);
#4734 = EDGE_LOOP('',(#4735));
#4735 = ORIENTED_EDGE('',*,*,#4736,.T.);
#4736 = EDGE_CURVE('',#4737,#4737,#4739,.T.);
#4737 = VERTEX_POINT('',#4738);
#4738 = CARTESIAN_POINT('',(104.,-45.650011,1.51));
#4739 = CIRCLE('',#4740,0.650011);
#4740 = AXIS2_PLACEMENT_3D('',#4741,#4742,#4743);
#4741 = CARTESIAN_POINT('',(104.,-45.,1.51));
#4742 = DIRECTION('',(-0.,0.,-1.));
#4743 = DIRECTION('',(-0.,-1.,0.));
#4744 = FACE_BOUND('',#4745,.T.);
#4745 = EDGE_LOOP('',(#4746));
#4746 = ORIENTED_EDGE('',*,*,#4747,.T.);
#4747 = EDGE_CURVE('',#4748,#4748,#4750,.T.);
#4748 = VERTEX_POINT('',#4749);
#4749 = CARTESIAN_POINT('',(109.5,-45.650011,1.51));
#4750 = CIRCLE('',#4751,0.650011);
#4751 = AXIS2_PLACEMENT_3D('',#4752,#4753,#4754);
#4752 = CARTESIAN_POINT('',(109.5,-45.,1.51));
#4753 = DIRECTION('',(-0.,0.,-1.));
#4754 = DIRECTION('',(-0.,-1.,0.));
#4755 = FACE_BOUND('',#4756,.T.);
#4756 = EDGE_LOOP('',(#4757));
#4757 = ORIENTED_EDGE('',*,*,#4758,.T.);
#4758 = EDGE_CURVE('',#4759,#4759,#4761,.T.);
#4759 = VERTEX_POINT('',#4760);
#4760 = CARTESIAN_POINT('',(114.5,-45.650011,1.51));
#4761 = CIRCLE('',#4762,0.650011);
#4762 = AXIS2_PLACEMENT_3D('',#4763,#4764,#4765);
#4763 = CARTESIAN_POINT('',(114.5,-45.,1.51));
#4764 = DIRECTION('',(-0.,0.,-1.));
#4765 = DIRECTION('',(-0.,-1.,0.));
#4766 = FACE_BOUND('',#4767,.T.);
#4767 = EDGE_LOOP('',(#4768));
#4768 = ORIENTED_EDGE('',*,*,#4769,.T.);
#4769 = EDGE_CURVE('',#4770,#4770,#4772,.T.);
#4770 = VERTEX_POINT('',#4771);
#4771 = CARTESIAN_POINT('',(117.5,-50.82,1.51));
#4772 = CIRCLE('',#4773,0.4);
#4773 = AXIS2_PLACEMENT_3D('',#4774,#4775,#4776);
#4774 = CARTESIAN_POINT('',(117.5,-50.42,1.51));
#4775 = DIRECTION('',(-0.,0.,-1.));
#4776 = DIRECTION('',(-0.,-1.,0.));
#4777 = FACE_BOUND('',#4778,.T.);
#4778 = EDGE_LOOP('',(#4779));
#4779 = ORIENTED_EDGE('',*,*,#4780,.T.);
#4780 = EDGE_CURVE('',#4781,#4781,#4783,.T.);
#4781 = VERTEX_POINT('',#4782);
#4782 = CARTESIAN_POINT('',(121.,-50.82,1.51));
#4783 = CIRCLE('',#4784,0.4);
#4784 = AXIS2_PLACEMENT_3D('',#4785,#4786,#4787);
#4785 = CARTESIAN_POINT('',(121.,-50.42,1.51));
#4786 = DIRECTION('',(-0.,0.,-1.));
#4787 = DIRECTION('',(-0.,-1.,0.));
#4788 = FACE_BOUND('',#4789,.T.);
#4789 = EDGE_LOOP('',(#4790));
#4790 = ORIENTED_EDGE('',*,*,#4791,.T.);
#4791 = EDGE_CURVE('',#4792,#4792,#4794,.T.);
#4792 = VERTEX_POINT('',#4793);
#4793 = CARTESIAN_POINT('',(125.,-50.82,1.51));
#4794 = CIRCLE('',#4795,0.4);
#4795 = AXIS2_PLACEMENT_3D('',#4796,#4797,#4798);
#4796 = CARTESIAN_POINT('',(125.,-50.42,1.51));
#4797 = DIRECTION('',(-0.,0.,-1.));
#4798 = DIRECTION('',(-0.,-1.,0.));
#4799 = FACE_BOUND('',#4800,.T.);
#4800 = EDGE_LOOP('',(#4801));
#4801 = ORIENTED_EDGE('',*,*,#4802,.T.);
#4802 = EDGE_CURVE('',#4803,#4803,#4805,.T.);
#4803 = VERTEX_POINT('',#4804);
#4804 = CARTESIAN_POINT('',(119.5,-45.650011,1.51));
#4805 = CIRCLE('',#4806,0.650011);
#4806 = AXIS2_PLACEMENT_3D('',#4807,#4808,#4809);
#4807 = CARTESIAN_POINT('',(119.5,-45.,1.51));
#4808 = DIRECTION('',(-0.,0.,-1.));
#4809 = DIRECTION('',(-0.,-1.,0.));
#4810 = FACE_BOUND('',#4811,.T.);
#4811 = EDGE_LOOP('',(#4812));
#4812 = ORIENTED_EDGE('',*,*,#4813,.T.);
#4813 = EDGE_CURVE('',#4814,#4814,#4816,.T.);
#4814 = VERTEX_POINT('',#4815);
#4815 = CARTESIAN_POINT('',(124.5,-45.650011,1.51));
#4816 = CIRCLE('',#4817,0.650011);
#4817 = AXIS2_PLACEMENT_3D('',#4818,#4819,#4820);
#4818 = CARTESIAN_POINT('',(124.5,-45.,1.51));
#4819 = DIRECTION('',(-0.,0.,-1.));
#4820 = DIRECTION('',(-0.,-1.,0.));
#4821 = FACE_BOUND('',#4822,.T.);
#4822 = EDGE_LOOP('',(#4823));
#4823 = ORIENTED_EDGE('',*,*,#4824,.T.);
#4824 = EDGE_CURVE('',#4825,#4825,#4827,.T.);
#4825 = VERTEX_POINT('',#4826);
#4826 = CARTESIAN_POINT('',(127.7,-65.325,1.51));
#4827 = CIRCLE('',#4828,0.555);
#4828 = AXIS2_PLACEMENT_3D('',#4829,#4830,#4831);
#4829 = CARTESIAN_POINT('',(127.7,-64.77,1.51));
#4830 = DIRECTION('',(-0.,0.,-1.));
#4831 = DIRECTION('',(2.560514363099E-14,-1.,-0.));
#4832 = FACE_BOUND('',#4833,.T.);
#4833 = EDGE_LOOP('',(#4834));
#4834 = ORIENTED_EDGE('',*,*,#4835,.T.);
#4835 = EDGE_CURVE('',#4836,#4836,#4838,.T.);
#4836 = VERTEX_POINT('',#4837);
#4837 = CARTESIAN_POINT('',(130.24,-65.325,1.51));
#4838 = CIRCLE('',#4839,0.555);
#4839 = AXIS2_PLACEMENT_3D('',#4840,#4841,#4842);
#4840 = CARTESIAN_POINT('',(130.24,-64.77,1.51));
#4841 = DIRECTION('',(-0.,0.,-1.));
#4842 = DIRECTION('',(-0.,-1.,0.));
#4843 = FACE_BOUND('',#4844,.T.);
#4844 = EDGE_LOOP('',(#4845));
#4845 = ORIENTED_EDGE('',*,*,#4846,.T.);
#4846 = EDGE_CURVE('',#4847,#4847,#4849,.T.);
#4847 = VERTEX_POINT('',#4848);
#4848 = CARTESIAN_POINT('',(132.78,-65.325,1.51));
#4849 = CIRCLE('',#4850,0.555);
#4850 = AXIS2_PLACEMENT_3D('',#4851,#4852,#4853);
#4851 = CARTESIAN_POINT('',(132.78,-64.77,1.51));
#4852 = DIRECTION('',(-0.,0.,-1.));
#4853 = DIRECTION('',(-0.,-1.,0.));
#4854 = FACE_BOUND('',#4855,.T.);
#4855 = EDGE_LOOP('',(#4856));
#4856 = ORIENTED_EDGE('',*,*,#4857,.T.);
#4857 = EDGE_CURVE('',#4858,#4858,#4860,.T.);
#4858 = VERTEX_POINT('',#4859);
#4859 = CARTESIAN_POINT('',(135.32,-65.325,1.51));
#4860 = CIRCLE('',#4861,0.555);
#4861 = AXIS2_PLACEMENT_3D('',#4862,#4863,#4864);
#4862 = CARTESIAN_POINT('',(135.32,-64.77,1.51));
#4863 = DIRECTION('',(-0.,0.,-1.));
#4864 = DIRECTION('',(-0.,-1.,0.));
#4865 = FACE_BOUND('',#4866,.T.);
#4866 = EDGE_LOOP('',(#4867));
#4867 = ORIENTED_EDGE('',*,*,#4868,.T.);
#4868 = EDGE_CURVE('',#4869,#4869,#4871,.T.);
#4869 = VERTEX_POINT('',#4870);
#4870 = CARTESIAN_POINT('',(137.86,-65.325,1.51));
#4871 = CIRCLE('',#4872,0.555);
#4872 = AXIS2_PLACEMENT_3D('',#4873,#4874,#4875);
#4873 = CARTESIAN_POINT('',(137.86,-64.77,1.51));
#4874 = DIRECTION('',(-0.,0.,-1.));
#4875 = DIRECTION('',(-0.,-1.,0.));
#4876 = FACE_BOUND('',#4877,.T.);
#4877 = EDGE_LOOP('',(#4878));
#4878 = ORIENTED_EDGE('',*,*,#4879,.T.);
#4879 = EDGE_CURVE('',#4880,#4880,#4882,.T.);
#4880 = VERTEX_POINT('',#4881);
#4881 = CARTESIAN_POINT('',(140.4,-65.325,1.51));
#4882 = CIRCLE('',#4883,0.555);
#4883 = AXIS2_PLACEMENT_3D('',#4884,#4885,#4886);
#4884 = CARTESIAN_POINT('',(140.4,-64.77,1.51));
#4885 = DIRECTION('',(-0.,0.,-1.));
#4886 = DIRECTION('',(-0.,-1.,0.));
#4887 = FACE_BOUND('',#4888,.T.);
#4888 = EDGE_LOOP('',(#4889));
#4889 = ORIENTED_EDGE('',*,*,#4890,.T.);
#4890 = EDGE_CURVE('',#4891,#4891,#4893,.T.);
#4891 = VERTEX_POINT('',#4892);
#4892 = CARTESIAN_POINT('',(142.94,-65.325,1.51));
#4893 = CIRCLE('',#4894,0.555);
#4894 = AXIS2_PLACEMENT_3D('',#4895,#4896,#4897);
#4895 = CARTESIAN_POINT('',(142.94,-64.77,1.51));
#4896 = DIRECTION('',(-0.,0.,-1.));
#4897 = DIRECTION('',(-0.,-1.,0.));
#4898 = FACE_BOUND('',#4899,.T.);
#4899 = EDGE_LOOP('',(#4900));
#4900 = ORIENTED_EDGE('',*,*,#4901,.T.);
#4901 = EDGE_CURVE('',#4902,#4902,#4904,.T.);
#4902 = VERTEX_POINT('',#4903);
#4903 = CARTESIAN_POINT('',(145.48,-65.325,1.51));
#4904 = CIRCLE('',#4905,0.555);
#4905 = AXIS2_PLACEMENT_3D('',#4906,#4907,#4908);
#4906 = CARTESIAN_POINT('',(145.48,-64.77,1.51));
#4907 = DIRECTION('',(-0.,0.,-1.));
#4908 = DIRECTION('',(-5.121028726199E-14,-1.,0.));
#4909 = FACE_BOUND('',#4910,.T.);
#4910 = EDGE_LOOP('',(#4911));
#4911 = ORIENTED_EDGE('',*,*,#4912,.T.);
#4912 = EDGE_CURVE('',#4913,#4913,#4915,.T.);
#4913 = VERTEX_POINT('',#4914);
#4914 = CARTESIAN_POINT('',(148.02,-65.325,1.51));
#4915 = CIRCLE('',#4916,0.555);
#4916 = AXIS2_PLACEMENT_3D('',#4917,#4918,#4919);
#4917 = CARTESIAN_POINT('',(148.02,-64.77,1.51));
#4918 = DIRECTION('',(-0.,0.,-1.));
#4919 = DIRECTION('',(5.121028726199E-14,-1.,-0.));
#4920 = FACE_BOUND('',#4921,.T.);
#4921 = EDGE_LOOP('',(#4922));
#4922 = ORIENTED_EDGE('',*,*,#4923,.T.);
#4923 = EDGE_CURVE('',#4924,#4924,#4926,.T.);
#4924 = VERTEX_POINT('',#4925);
#4925 = CARTESIAN_POINT('',(150.56,-65.325,1.51));
#4926 = CIRCLE('',#4927,0.555);
#4927 = AXIS2_PLACEMENT_3D('',#4928,#4929,#4930);
#4928 = CARTESIAN_POINT('',(150.56,-64.77,1.51));
#4929 = DIRECTION('',(-0.,0.,-1.));
#4930 = DIRECTION('',(-0.,-1.,0.));
#4931 = FACE_BOUND('',#4932,.T.);
#4932 = EDGE_LOOP('',(#4933));
#4933 = ORIENTED_EDGE('',*,*,#4934,.T.);
#4934 = EDGE_CURVE('',#4935,#4935,#4937,.T.);
#4935 = VERTEX_POINT('',#4936);
#4936 = CARTESIAN_POINT('',(153.1,-65.325,1.51));
#4937 = CIRCLE('',#4938,0.555);
#4938 = AXIS2_PLACEMENT_3D('',#4939,#4940,#4941);
#4939 = CARTESIAN_POINT('',(153.1,-64.77,1.51));
#4940 = DIRECTION('',(-0.,0.,-1.));
#4941 = DIRECTION('',(-0.,-1.,0.));
#4942 = FACE_BOUND('',#4943,.T.);
#4943 = EDGE_LOOP('',(#4944));
#4944 = ORIENTED_EDGE('',*,*,#4945,.T.);
#4945 = EDGE_CURVE('',#4946,#4946,#4948,.T.);
#4946 = VERTEX_POINT('',#4947);
#4947 = CARTESIAN_POINT('',(155.64,-65.325,1.51));
#4948 = CIRCLE('',#4949,0.555);
#4949 = AXIS2_PLACEMENT_3D('',#4950,#4951,#4952);
#4950 = CARTESIAN_POINT('',(155.64,-64.77,1.51));
#4951 = DIRECTION('',(-0.,0.,-1.));
#4952 = DIRECTION('',(-0.,-1.,0.));
#4953 = FACE_BOUND('',#4954,.T.);
#4954 = EDGE_LOOP('',(#4955));
#4955 = ORIENTED_EDGE('',*,*,#4956,.T.);
#4956 = EDGE_CURVE('',#4957,#4957,#4959,.T.);
#4957 = VERTEX_POINT('',#4958);
#4958 = CARTESIAN_POINT('',(158.18,-65.325,1.51));
#4959 = CIRCLE('',#4960,0.555);
#4960 = AXIS2_PLACEMENT_3D('',#4961,#4962,#4963);
#4961 = CARTESIAN_POINT('',(158.18,-64.77,1.51));
#4962 = DIRECTION('',(-0.,0.,-1.));
#4963 = DIRECTION('',(-0.,-1.,0.));
#4964 = FACE_BOUND('',#4965,.T.);
#4965 = EDGE_LOOP('',(#4966));
#4966 = ORIENTED_EDGE('',*,*,#4967,.T.);
#4967 = EDGE_CURVE('',#4968,#4968,#4970,.T.);
#4968 = VERTEX_POINT('',#4969);
#4969 = CARTESIAN_POINT('',(160.72,-65.325,1.51));
#4970 = CIRCLE('',#4971,0.555);
#4971 = AXIS2_PLACEMENT_3D('',#4972,#4973,#4974);
#4972 = CARTESIAN_POINT('',(160.72,-64.77,1.51));
#4973 = DIRECTION('',(-0.,0.,-1.));
#4974 = DIRECTION('',(-0.,-1.,0.));
#4975 = FACE_BOUND('',#4976,.T.);
#4976 = EDGE_LOOP('',(#4977));
#4977 = ORIENTED_EDGE('',*,*,#4978,.T.);
#4978 = EDGE_CURVE('',#4979,#4979,#4981,.T.);
#4979 = VERTEX_POINT('',#4980);
#4980 = CARTESIAN_POINT('',(163.26,-65.325,1.51));
#4981 = CIRCLE('',#4982,0.555);
#4982 = AXIS2_PLACEMENT_3D('',#4983,#4984,#4985);
#4983 = CARTESIAN_POINT('',(163.26,-64.77,1.51));
#4984 = DIRECTION('',(-0.,0.,-1.));
#4985 = DIRECTION('',(-0.,-1.,0.));
#4986 = FACE_BOUND('',#4987,.T.);
#4987 = EDGE_LOOP('',(#4988));
#4988 = ORIENTED_EDGE('',*,*,#4989,.T.);
#4989 = EDGE_CURVE('',#4990,#4990,#4992,.T.);
#4990 = VERTEX_POINT('',#4991);
#4991 = CARTESIAN_POINT('',(165.8,-65.325,1.51));
#4992 = CIRCLE('',#4993,0.555);
#4993 = AXIS2_PLACEMENT_3D('',#4994,#4995,#4996);
#4994 = CARTESIAN_POINT('',(165.8,-64.77,1.51));
#4995 = DIRECTION('',(-0.,0.,-1.));
#4996 = DIRECTION('',(-0.,-1.,0.));
#4997 = FACE_BOUND('',#4998,.T.);
#4998 = EDGE_LOOP('',(#4999));
#4999 = ORIENTED_EDGE('',*,*,#5000,.T.);
#5000 = EDGE_CURVE('',#5001,#5001,#5003,.T.);
#5001 = VERTEX_POINT('',#5002);
#5002 = CARTESIAN_POINT('',(168.34,-65.325,1.51));
#5003 = CIRCLE('',#5004,0.555);
#5004 = AXIS2_PLACEMENT_3D('',#5005,#5006,#5007);
#5005 = CARTESIAN_POINT('',(168.34,-64.77,1.51));
#5006 = DIRECTION('',(-0.,0.,-1.));
#5007 = DIRECTION('',(-0.,-1.,0.));
#5008 = FACE_BOUND('',#5009,.T.);
#5009 = EDGE_LOOP('',(#5010));
#5010 = ORIENTED_EDGE('',*,*,#5011,.T.);
#5011 = EDGE_CURVE('',#5012,#5012,#5014,.T.);
#5012 = VERTEX_POINT('',#5013);
#5013 = CARTESIAN_POINT('',(170.88,-65.325,1.51));
#5014 = CIRCLE('',#5015,0.555);
#5015 = AXIS2_PLACEMENT_3D('',#5016,#5017,#5018);
#5016 = CARTESIAN_POINT('',(170.88,-64.77,1.51));
#5017 = DIRECTION('',(-0.,0.,-1.));
#5018 = DIRECTION('',(-0.,-1.,0.));
#5019 = FACE_BOUND('',#5020,.T.);
#5020 = EDGE_LOOP('',(#5021));
#5021 = ORIENTED_EDGE('',*,*,#5022,.T.);
#5022 = EDGE_CURVE('',#5023,#5023,#5025,.T.);
#5023 = VERTEX_POINT('',#5024);
#5024 = CARTESIAN_POINT('',(128.5,-53.48,1.51));
#5025 = CIRCLE('',#5026,0.4);
#5026 = AXIS2_PLACEMENT_3D('',#5027,#5028,#5029);
#5027 = CARTESIAN_POINT('',(128.5,-53.08,1.51));
#5028 = DIRECTION('',(-0.,0.,-1.));
#5029 = DIRECTION('',(-0.,-1.,0.));
#5030 = FACE_BOUND('',#5031,.T.);
#5031 = EDGE_LOOP('',(#5032));
#5032 = ORIENTED_EDGE('',*,*,#5033,.T.);
#5033 = EDGE_CURVE('',#5034,#5034,#5036,.T.);
#5034 = VERTEX_POINT('',#5035);
#5035 = CARTESIAN_POINT('',(139.,-61.15,1.51));
#5036 = CIRCLE('',#5037,0.4);
#5037 = AXIS2_PLACEMENT_3D('',#5038,#5039,#5040);
#5038 = CARTESIAN_POINT('',(139.,-60.75,1.51));
#5039 = DIRECTION('',(-0.,0.,-1.));
#5040 = DIRECTION('',(-0.,-1.,0.));
#5041 = FACE_BOUND('',#5042,.T.);
#5042 = EDGE_LOOP('',(#5043));
#5043 = ORIENTED_EDGE('',*,*,#5044,.T.);
#5044 = EDGE_CURVE('',#5045,#5045,#5047,.T.);
#5045 = VERTEX_POINT('',#5046);
#5046 = CARTESIAN_POINT('',(143.,-61.15,1.51));
#5047 = CIRCLE('',#5048,0.4);
#5048 = AXIS2_PLACEMENT_3D('',#5049,#5050,#5051);
#5049 = CARTESIAN_POINT('',(143.,-60.75,1.51));
#5050 = DIRECTION('',(-0.,0.,-1.));
#5051 = DIRECTION('',(-0.,-1.,0.));
#5052 = FACE_BOUND('',#5053,.T.);
#5053 = EDGE_LOOP('',(#5054));
#5054 = ORIENTED_EDGE('',*,*,#5055,.T.);
#5055 = EDGE_CURVE('',#5056,#5056,#5058,.T.);
#5056 = VERTEX_POINT('',#5057);
#5057 = CARTESIAN_POINT('',(139.,-53.65,1.51));
#5058 = CIRCLE('',#5059,0.4);
#5059 = AXIS2_PLACEMENT_3D('',#5060,#5061,#5062);
#5060 = CARTESIAN_POINT('',(139.,-53.25,1.51));
#5061 = DIRECTION('',(-0.,0.,-1.));
#5062 = DIRECTION('',(-0.,-1.,0.));
#5063 = FACE_BOUND('',#5064,.T.);
#5064 = EDGE_LOOP('',(#5065));
#5065 = ORIENTED_EDGE('',*,*,#5066,.T.);
#5066 = EDGE_CURVE('',#5067,#5067,#5069,.T.);
#5067 = VERTEX_POINT('',#5068);
#5068 = CARTESIAN_POINT('',(143.,-53.65,1.51));
#5069 = CIRCLE('',#5070,0.4);
#5070 = AXIS2_PLACEMENT_3D('',#5071,#5072,#5073);
#5071 = CARTESIAN_POINT('',(143.,-53.25,1.51));
#5072 = DIRECTION('',(-0.,0.,-1.));
#5073 = DIRECTION('',(-0.,-1.,0.));
#5074 = FACE_BOUND('',#5075,.T.);
#5075 = EDGE_LOOP('',(#5076));
#5076 = ORIENTED_EDGE('',*,*,#5077,.T.);
#5077 = EDGE_CURVE('',#5078,#5078,#5080,.T.);
#5078 = VERTEX_POINT('',#5079);
#5079 = CARTESIAN_POINT('',(128.5,-43.32,1.51));
#5080 = CIRCLE('',#5081,0.4);
#5081 = AXIS2_PLACEMENT_3D('',#5082,#5083,#5084);
#5082 = CARTESIAN_POINT('',(128.5,-42.92,1.51));
#5083 = DIRECTION('',(-0.,0.,-1.));
#5084 = DIRECTION('',(-0.,-1.,0.));
#5085 = FACE_BOUND('',#5086,.T.);
#5086 = EDGE_LOOP('',(#5087));
#5087 = ORIENTED_EDGE('',*,*,#5088,.T.);
#5088 = EDGE_CURVE('',#5089,#5089,#5091,.T.);
#5089 = VERTEX_POINT('',#5090);
#5090 = CARTESIAN_POINT('',(134.,-45.650011,1.51));
#5091 = CIRCLE('',#5092,0.650011);
#5092 = AXIS2_PLACEMENT_3D('',#5093,#5094,#5095);
#5093 = CARTESIAN_POINT('',(134.,-45.,1.51));
#5094 = DIRECTION('',(-0.,0.,-1.));
#5095 = DIRECTION('',(-0.,-1.,0.));
#5096 = FACE_BOUND('',#5097,.T.);
#5097 = EDGE_LOOP('',(#5098));
#5098 = ORIENTED_EDGE('',*,*,#5099,.T.);
#5099 = EDGE_CURVE('',#5100,#5100,#5102,.T.);
#5100 = VERTEX_POINT('',#5101);
#5101 = CARTESIAN_POINT('',(139.,-45.650011,1.51));
#5102 = CIRCLE('',#5103,0.650011);
#5103 = AXIS2_PLACEMENT_3D('',#5104,#5105,#5106);
#5104 = CARTESIAN_POINT('',(139.,-45.,1.51));
#5105 = DIRECTION('',(-0.,0.,-1.));
#5106 = DIRECTION('',(-0.,-1.,0.));
#5107 = FACE_BOUND('',#5108,.T.);
#5108 = EDGE_LOOP('',(#5109));
#5109 = ORIENTED_EDGE('',*,*,#5110,.T.);
#5110 = EDGE_CURVE('',#5111,#5111,#5113,.T.);
#5111 = VERTEX_POINT('',#5112);
#5112 = CARTESIAN_POINT('',(144.,-45.650011,1.51));
#5113 = CIRCLE('',#5114,0.650011);
#5114 = AXIS2_PLACEMENT_3D('',#5115,#5116,#5117);
#5115 = CARTESIAN_POINT('',(144.,-45.,1.51));
#5116 = DIRECTION('',(-0.,0.,-1.));
#5117 = DIRECTION('',(-0.,-1.,0.));
#5118 = FACE_BOUND('',#5119,.T.);
#5119 = EDGE_LOOP('',(#5120));
#5120 = ORIENTED_EDGE('',*,*,#5121,.T.);
#5121 = EDGE_CURVE('',#5122,#5122,#5124,.T.);
#5122 = VERTEX_POINT('',#5123);
#5123 = CARTESIAN_POINT('',(169.85,-60.,1.51));
#5124 = CIRCLE('',#5125,0.5);
#5125 = AXIS2_PLACEMENT_3D('',#5126,#5127,#5128);
#5126 = CARTESIAN_POINT('',(169.85,-59.5,1.51));
#5127 = DIRECTION('',(-0.,0.,-1.));
#5128 = DIRECTION('',(-0.,-1.,0.));
#5129 = FACE_BOUND('',#5130,.T.);
#5130 = EDGE_LOOP('',(#5131));
#5131 = ORIENTED_EDGE('',*,*,#5132,.T.);
#5132 = EDGE_CURVE('',#5133,#5133,#5135,.T.);
#5133 = VERTEX_POINT('',#5134);
#5134 = CARTESIAN_POINT('',(169.85,-58.,1.51));
#5135 = CIRCLE('',#5136,0.5);
#5136 = AXIS2_PLACEMENT_3D('',#5137,#5138,#5139);
#5137 = CARTESIAN_POINT('',(169.85,-57.5,1.51));
#5138 = DIRECTION('',(-0.,0.,-1.));
#5139 = DIRECTION('',(-0.,-1.,0.));
#5140 = FACE_BOUND('',#5141,.T.);
#5141 = EDGE_LOOP('',(#5142));
#5142 = ORIENTED_EDGE('',*,*,#5143,.T.);
#5143 = EDGE_CURVE('',#5144,#5144,#5146,.T.);
#5144 = VERTEX_POINT('',#5145);
#5145 = CARTESIAN_POINT('',(169.85,-56.,1.51));
#5146 = CIRCLE('',#5147,0.5);
#5147 = AXIS2_PLACEMENT_3D('',#5148,#5149,#5150);
#5148 = CARTESIAN_POINT('',(169.85,-55.5,1.51));
#5149 = DIRECTION('',(-0.,0.,-1.));
#5150 = DIRECTION('',(-0.,-1.,0.));
#5151 = FACE_BOUND('',#5152,.T.);
#5152 = EDGE_LOOP('',(#5153));
#5153 = ORIENTED_EDGE('',*,*,#5154,.T.);
#5154 = EDGE_CURVE('',#5155,#5155,#5157,.T.);
#5155 = VERTEX_POINT('',#5156);
#5156 = CARTESIAN_POINT('',(169.85,-54.,1.51));
#5157 = CIRCLE('',#5158,0.5);
#5158 = AXIS2_PLACEMENT_3D('',#5159,#5160,#5161);
#5159 = CARTESIAN_POINT('',(169.85,-53.5,1.51));
#5160 = DIRECTION('',(-0.,0.,-1.));
#5161 = DIRECTION('',(-0.,-1.,0.));
#5162 = FACE_BOUND('',#5163,.T.);
#5163 = EDGE_LOOP('',(#5164));
#5164 = ORIENTED_EDGE('',*,*,#5165,.T.);
#5165 = EDGE_CURVE('',#5166,#5166,#5168,.T.);
#5166 = VERTEX_POINT('',#5167);
#5167 = CARTESIAN_POINT('',(152.25,-52.9,1.51));
#5168 = CIRCLE('',#5169,0.4);
#5169 = AXIS2_PLACEMENT_3D('',#5170,#5171,#5172);
#5170 = CARTESIAN_POINT('',(152.25,-52.5,1.51));
#5171 = DIRECTION('',(-0.,0.,-1.));
#5172 = DIRECTION('',(-0.,-1.,0.));
#5173 = FACE_BOUND('',#5174,.T.);
#5174 = EDGE_LOOP('',(#5175));
#5175 = ORIENTED_EDGE('',*,*,#5176,.T.);
#5176 = EDGE_CURVE('',#5177,#5177,#5179,.T.);
#5177 = VERTEX_POINT('',#5178);
#5178 = CARTESIAN_POINT('',(153.5,-49.345,1.51));
#5179 = CIRCLE('',#5180,0.555);
#5180 = AXIS2_PLACEMENT_3D('',#5181,#5182,#5183);
#5181 = CARTESIAN_POINT('',(153.5,-48.79,1.51));
#5182 = DIRECTION('',(-0.,0.,-1.));
#5183 = DIRECTION('',(-0.,-1.,0.));
#5184 = FACE_BOUND('',#5185,.T.);
#5185 = EDGE_LOOP('',(#5186));
#5186 = ORIENTED_EDGE('',*,*,#5187,.T.);
#5187 = EDGE_CURVE('',#5188,#5188,#5190,.T.);
#5188 = VERTEX_POINT('',#5189);
#5189 = CARTESIAN_POINT('',(159.75,-52.9,1.51));
#5190 = CIRCLE('',#5191,0.4);
#5191 = AXIS2_PLACEMENT_3D('',#5192,#5193,#5194);
#5192 = CARTESIAN_POINT('',(159.75,-52.5,1.51));
#5193 = DIRECTION('',(-0.,0.,-1.));
#5194 = DIRECTION('',(-0.,-1.,0.));
#5195 = FACE_BOUND('',#5196,.T.);
#5196 = EDGE_LOOP('',(#5197));
#5197 = ORIENTED_EDGE('',*,*,#5198,.T.);
#5198 = EDGE_CURVE('',#5199,#5199,#5201,.T.);
#5199 = VERTEX_POINT('',#5200);
#5200 = CARTESIAN_POINT('',(153.5,-46.805,1.51));
#5201 = CIRCLE('',#5202,0.555);
#5202 = AXIS2_PLACEMENT_3D('',#5203,#5204,#5205);
#5203 = CARTESIAN_POINT('',(153.5,-46.25,1.51));
#5204 = DIRECTION('',(-0.,0.,-1.));
#5205 = DIRECTION('',(-0.,-1.,0.));
#5206 = FACE_BOUND('',#5207,.T.);
#5207 = EDGE_LOOP('',(#5208));
#5208 = ORIENTED_EDGE('',*,*,#5209,.T.);
#5209 = EDGE_CURVE('',#5210,#5210,#5212,.T.);
#5210 = VERTEX_POINT('',#5211);
#5211 = CARTESIAN_POINT('',(149.,-45.650011,1.51));
#5212 = CIRCLE('',#5213,0.650011);
#5213 = AXIS2_PLACEMENT_3D('',#5214,#5215,#5216);
#5214 = CARTESIAN_POINT('',(149.,-45.,1.51));
#5215 = DIRECTION('',(-0.,0.,-1.));
#5216 = DIRECTION('',(-0.,-1.,0.));
#5217 = FACE_BOUND('',#5218,.T.);
#5218 = EDGE_LOOP('',(#5219));
#5219 = ORIENTED_EDGE('',*,*,#5220,.T.);
#5220 = EDGE_CURVE('',#5221,#5221,#5223,.T.);
#5221 = VERTEX_POINT('',#5222);
#5222 = CARTESIAN_POINT('',(153.5,-44.265,1.51));
#5223 = CIRCLE('',#5224,0.555);
#5224 = AXIS2_PLACEMENT_3D('',#5225,#5226,#5227);
#5225 = CARTESIAN_POINT('',(153.5,-43.71,1.51));
#5226 = DIRECTION('',(-0.,0.,-1.));
#5227 = DIRECTION('',(-0.,-1.,0.));
#5228 = FACE_BOUND('',#5229,.T.);
#5229 = EDGE_LOOP('',(#5230));
#5230 = ORIENTED_EDGE('',*,*,#5231,.T.);
#5231 = EDGE_CURVE('',#5232,#5232,#5234,.T.);
#5232 = VERTEX_POINT('',#5233);
#5233 = CARTESIAN_POINT('',(169.,-46.35,1.51));
#5234 = CIRCLE('',#5235,1.6);
#5235 = AXIS2_PLACEMENT_3D('',#5236,#5237,#5238);
#5236 = CARTESIAN_POINT('',(169.,-44.75,1.51));
#5237 = DIRECTION('',(-0.,0.,-1.));
#5238 = DIRECTION('',(-0.,-1.,0.));
#5239 = PLANE('',#5240);
#5240 = AXIS2_PLACEMENT_3D('',#5241,#5242,#5243);
#5241 = CARTESIAN_POINT('',(0.,0.,1.51));
#5242 = DIRECTION('',(0.,0.,1.));
#5243 = DIRECTION('',(1.,0.,-0.));
#5244 = ADVANCED_FACE('',(#5245),#5251,.T.);
#5245 = FACE_BOUND('',#5246,.T.);
#5246 = EDGE_LOOP('',(#5247,#5248,#5249,#5250));
#5247 = ORIENTED_EDGE('',*,*,#2838,.T.);
#5248 = ORIENTED_EDGE('',*,*,#4056,.T.);
#5249 = ORIENTED_EDGE('',*,*,#2798,.F.);
#5250 = ORIENTED_EDGE('',*,*,#2862,.F.);
#5251 = PLANE('',#5252);
#5252 = AXIS2_PLACEMENT_3D('',#5253,#5254,#5255);
#5253 = CARTESIAN_POINT('',(77.75,-41.25,0.));
#5254 = DIRECTION('',(0.,1.,0.));
#5255 = DIRECTION('',(1.,0.,0.));
#5256 = ADVANCED_FACE('',(#5257),#5268,.F.);
#5257 = FACE_BOUND('',#5258,.T.);
#5258 = EDGE_LOOP('',(#5259,#5260,#5266,#5267));
#5259 = ORIENTED_EDGE('',*,*,#2871,.T.);
#5260 = ORIENTED_EDGE('',*,*,#5261,.T.);
#5261 = EDGE_CURVE('',#2872,#4066,#5262,.T.);
#5262 = LINE('',#5263,#5264);
#5263 = CARTESIAN_POINT('',(82.,-124.6,-4.6E-02));
#5264 = VECTOR('',#5265,1.);
#5265 = DIRECTION('',(0.,0.,1.));
#5266 = ORIENTED_EDGE('',*,*,#4065,.F.);
#5267 = ORIENTED_EDGE('',*,*,#5261,.F.);
#5268 = CYLINDRICAL_SURFACE('',#5269,1.6);
#5269 = AXIS2_PLACEMENT_3D('',#5270,#5271,#5272);
#5270 = CARTESIAN_POINT('',(82.,-123.,-4.6E-02));
#5271 = DIRECTION('',(-0.,-0.,-1.));
#5272 = DIRECTION('',(-0.,-1.,0.));
#5273 = ADVANCED_FACE('',(#5274),#5285,.F.);
#5274 = FACE_BOUND('',#5275,.T.);
#5275 = EDGE_LOOP('',(#5276,#5277,#5283,#5284));
#5276 = ORIENTED_EDGE('',*,*,#2882,.T.);
#5277 = ORIENTED_EDGE('',*,*,#5278,.T.);
#5278 = EDGE_CURVE('',#2883,#4077,#5279,.T.);
#5279 = LINE('',#5280,#5281);
#5280 = CARTESIAN_POINT('',(87.75,-116.15,-4.6E-02));
#5281 = VECTOR('',#5282,1.);
#5282 = DIRECTION('',(0.,0.,1.));
#5283 = ORIENTED_EDGE('',*,*,#4076,.F.);
#5284 = ORIENTED_EDGE('',*,*,#5278,.F.);
#5285 = CYLINDRICAL_SURFACE('',#5286,0.4);
#5286 = AXIS2_PLACEMENT_3D('',#5287,#5288,#5289);
#5287 = CARTESIAN_POINT('',(87.75,-115.75,-4.6E-02));
#5288 = DIRECTION('',(-0.,-0.,-1.));
#5289 = DIRECTION('',(-0.,-1.,0.));
#5290 = ADVANCED_FACE('',(#5291),#5302,.F.);
#5291 = FACE_BOUND('',#5292,.T.);
#5292 = EDGE_LOOP('',(#5293,#5294,#5300,#5301));
#5293 = ORIENTED_EDGE('',*,*,#2893,.T.);
#5294 = ORIENTED_EDGE('',*,*,#5295,.T.);
#5295 = EDGE_CURVE('',#2894,#4088,#5296,.T.);
#5296 = LINE('',#5297,#5298);
#5297 = CARTESIAN_POINT('',(87.75,-95.65,-4.6E-02));
#5298 = VECTOR('',#5299,1.);
#5299 = DIRECTION('',(0.,0.,1.));
#5300 = ORIENTED_EDGE('',*,*,#4087,.F.);
#5301 = ORIENTED_EDGE('',*,*,#5295,.F.);
#5302 = CYLINDRICAL_SURFACE('',#5303,0.4);
#5303 = AXIS2_PLACEMENT_3D('',#5304,#5305,#5306);
#5304 = CARTESIAN_POINT('',(87.75,-95.25,-4.6E-02));
#5305 = DIRECTION('',(-0.,-0.,-1.));
#5306 = DIRECTION('',(-0.,-1.,0.));
#5307 = ADVANCED_FACE('',(#5308),#5319,.F.);
#5308 = FACE_BOUND('',#5309,.T.);
#5309 = EDGE_LOOP('',(#5310,#5311,#5317,#5318));
#5310 = ORIENTED_EDGE('',*,*,#2904,.T.);
#5311 = ORIENTED_EDGE('',*,*,#5312,.T.);
#5312 = EDGE_CURVE('',#2905,#4099,#5313,.T.);
#5313 = LINE('',#5314,#5315);
#5314 = CARTESIAN_POINT('',(93.46,-90.39,-4.6E-02));
#5315 = VECTOR('',#5316,1.);
#5316 = DIRECTION('',(0.,0.,1.));
#5317 = ORIENTED_EDGE('',*,*,#4098,.F.);
#5318 = ORIENTED_EDGE('',*,*,#5312,.F.);
#5319 = CYLINDRICAL_SURFACE('',#5320,0.35);
#5320 = AXIS2_PLACEMENT_3D('',#5321,#5322,#5323);
#5321 = CARTESIAN_POINT('',(93.46,-90.04,-4.6E-02));
#5322 = DIRECTION('',(-0.,-0.,-1.));
#5323 = DIRECTION('',(-4.060244204344E-14,-1.,0.));
#5324 = ADVANCED_FACE('',(#5325),#5336,.F.);
#5325 = FACE_BOUND('',#5326,.T.);
#5326 = EDGE_LOOP('',(#5327,#5328,#5334,#5335));
#5327 = ORIENTED_EDGE('',*,*,#2915,.T.);
#5328 = ORIENTED_EDGE('',*,*,#5329,.T.);
#5329 = EDGE_CURVE('',#2916,#4110,#5330,.T.);
#5330 = LINE('',#5331,#5332);
#5331 = CARTESIAN_POINT('',(96.,-87.85,-4.6E-02));
#5332 = VECTOR('',#5333,1.);
#5333 = DIRECTION('',(0.,0.,1.));
#5334 = ORIENTED_EDGE('',*,*,#4109,.F.);
#5335 = ORIENTED_EDGE('',*,*,#5329,.F.);
#5336 = CYLINDRICAL_SURFACE('',#5337,0.35);
#5337 = AXIS2_PLACEMENT_3D('',#5338,#5339,#5340);
#5338 = CARTESIAN_POINT('',(96.,-87.5,-4.6E-02));
#5339 = DIRECTION('',(-0.,-0.,-1.));
#5340 = DIRECTION('',(-0.,-1.,0.));
#5341 = ADVANCED_FACE('',(#5342),#5353,.F.);
#5342 = FACE_BOUND('',#5343,.T.);
#5343 = EDGE_LOOP('',(#5344,#5345,#5351,#5352));
#5344 = ORIENTED_EDGE('',*,*,#2926,.T.);
#5345 = ORIENTED_EDGE('',*,*,#5346,.T.);
#5346 = EDGE_CURVE('',#2927,#4121,#5347,.T.);
#5347 = LINE('',#5348,#5349);
#5348 = CARTESIAN_POINT('',(93.46,-85.31,-4.6E-02));
#5349 = VECTOR('',#5350,1.);
#5350 = DIRECTION('',(0.,0.,1.));
#5351 = ORIENTED_EDGE('',*,*,#4120,.F.);
#5352 = ORIENTED_EDGE('',*,*,#5346,.F.);
#5353 = CYLINDRICAL_SURFACE('',#5354,0.35);
#5354 = AXIS2_PLACEMENT_3D('',#5355,#5356,#5357);
#5355 = CARTESIAN_POINT('',(93.46,-84.96,-4.6E-02));
#5356 = DIRECTION('',(-0.,-0.,-1.));
#5357 = DIRECTION('',(-4.060244204343E-14,-1.,0.));
#5358 = ADVANCED_FACE('',(#5359),#5370,.F.);
#5359 = FACE_BOUND('',#5360,.T.);
#5360 = EDGE_LOOP('',(#5361,#5362,#5368,#5369));
#5361 = ORIENTED_EDGE('',*,*,#2937,.T.);
#5362 = ORIENTED_EDGE('',*,*,#5363,.T.);
#5363 = EDGE_CURVE('',#2938,#4132,#5364,.T.);
#5364 = LINE('',#5365,#5366);
#5365 = CARTESIAN_POINT('',(99.67,-87.9,-4.6E-02));
#5366 = VECTOR('',#5367,1.);
#5367 = DIRECTION('',(0.,0.,1.));
#5368 = ORIENTED_EDGE('',*,*,#4131,.F.);
#5369 = ORIENTED_EDGE('',*,*,#5363,.F.);
#5370 = CYLINDRICAL_SURFACE('',#5371,0.4);
#5371 = AXIS2_PLACEMENT_3D('',#5372,#5373,#5374);
#5372 = CARTESIAN_POINT('',(99.67,-87.5,-4.6E-02));
#5373 = DIRECTION('',(-0.,0.,-1.));
#5374 = DIRECTION('',(3.5527136788E-14,-1.,-0.));
#5375 = ADVANCED_FACE('',(#5376),#5387,.F.);
#5376 = FACE_BOUND('',#5377,.T.);
#5377 = EDGE_LOOP('',(#5378,#5379,#5385,#5386));
#5378 = ORIENTED_EDGE('',*,*,#2948,.T.);
#5379 = ORIENTED_EDGE('',*,*,#5380,.T.);
#5380 = EDGE_CURVE('',#2949,#4143,#5381,.T.);
#5381 = LINE('',#5382,#5383);
#5382 = CARTESIAN_POINT('',(109.83,-87.9,-4.6E-02));
#5383 = VECTOR('',#5384,1.);
#5384 = DIRECTION('',(0.,0.,1.));
#5385 = ORIENTED_EDGE('',*,*,#4142,.F.);
#5386 = ORIENTED_EDGE('',*,*,#5380,.F.);
#5387 = CYLINDRICAL_SURFACE('',#5388,0.4);
#5388 = AXIS2_PLACEMENT_3D('',#5389,#5390,#5391);
#5389 = CARTESIAN_POINT('',(109.83,-87.5,-4.6E-02));
#5390 = DIRECTION('',(-0.,-0.,-1.));
#5391 = DIRECTION('',(-3.552713678801E-14,-1.,0.));
#5392 = ADVANCED_FACE('',(#5393),#5404,.F.);
#5393 = FACE_BOUND('',#5394,.T.);
#5394 = EDGE_LOOP('',(#5395,#5396,#5402,#5403));
#5395 = ORIENTED_EDGE('',*,*,#2959,.T.);
#5396 = ORIENTED_EDGE('',*,*,#5397,.T.);
#5397 = EDGE_CURVE('',#2960,#4154,#5398,.T.);
#5398 = LINE('',#5399,#5400);
#5399 = CARTESIAN_POINT('',(125.16,-90.725,-4.6E-02));
#5400 = VECTOR('',#5401,1.);
#5401 = DIRECTION('',(0.,0.,1.));
#5402 = ORIENTED_EDGE('',*,*,#4153,.F.);
#5403 = ORIENTED_EDGE('',*,*,#5397,.F.);
#5404 = CYLINDRICAL_SURFACE('',#5405,0.555);
#5405 = AXIS2_PLACEMENT_3D('',#5406,#5407,#5408);
#5406 = CARTESIAN_POINT('',(125.16,-90.17,-4.6E-02));
#5407 = DIRECTION('',(-0.,-0.,-1.));
#5408 = DIRECTION('',(-0.,-1.,0.));
#5409 = ADVANCED_FACE('',(#5410),#5421,.F.);
#5410 = FACE_BOUND('',#5411,.T.);
#5411 = EDGE_LOOP('',(#5412,#5413,#5419,#5420));
#5412 = ORIENTED_EDGE('',*,*,#2970,.T.);
#5413 = ORIENTED_EDGE('',*,*,#5414,.T.);
#5414 = EDGE_CURVE('',#2971,#4165,#5415,.T.);
#5415 = LINE('',#5416,#5417);
#5416 = CARTESIAN_POINT('',(138.25,-116.15,-4.6E-02));
#5417 = VECTOR('',#5418,1.);
#5418 = DIRECTION('',(0.,0.,1.));
#5419 = ORIENTED_EDGE('',*,*,#4164,.F.);
#5420 = ORIENTED_EDGE('',*,*,#5414,.F.);
#5421 = CYLINDRICAL_SURFACE('',#5422,0.4);
#5422 = AXIS2_PLACEMENT_3D('',#5423,#5424,#5425);
#5423 = CARTESIAN_POINT('',(138.25,-115.75,-4.6E-02));
#5424 = DIRECTION('',(-0.,-0.,-1.));
#5425 = DIRECTION('',(-0.,-1.,0.));
#5426 = ADVANCED_FACE('',(#5427),#5438,.F.);
#5427 = FACE_BOUND('',#5428,.T.);
#5428 = EDGE_LOOP('',(#5429,#5430,#5436,#5437));
#5429 = ORIENTED_EDGE('',*,*,#2981,.T.);
#5430 = ORIENTED_EDGE('',*,*,#5431,.T.);
#5431 = EDGE_CURVE('',#2982,#4176,#5432,.T.);
#5432 = LINE('',#5433,#5434);
#5433 = CARTESIAN_POINT('',(146.,-116.175,-4.6E-02));
#5434 = VECTOR('',#5435,1.);
#5435 = DIRECTION('',(0.,0.,1.));
#5436 = ORIENTED_EDGE('',*,*,#4175,.F.);
#5437 = ORIENTED_EDGE('',*,*,#5431,.F.);
#5438 = CYLINDRICAL_SURFACE('',#5439,0.555);
#5439 = AXIS2_PLACEMENT_3D('',#5440,#5441,#5442);
#5440 = CARTESIAN_POINT('',(146.,-115.62,-4.6E-02));
#5441 = DIRECTION('',(-0.,-0.,-1.));
#5442 = DIRECTION('',(-0.,-1.,0.));
#5443 = ADVANCED_FACE('',(#5444),#5455,.F.);
#5444 = FACE_BOUND('',#5445,.T.);
#5445 = EDGE_LOOP('',(#5446,#5447,#5453,#5454));
#5446 = ORIENTED_EDGE('',*,*,#2992,.T.);
#5447 = ORIENTED_EDGE('',*,*,#5448,.T.);
#5448 = EDGE_CURVE('',#2993,#4187,#5449,.T.);
#5449 = LINE('',#5450,#5451);
#5450 = CARTESIAN_POINT('',(146.,-113.635,-4.6E-02));
#5451 = VECTOR('',#5452,1.);
#5452 = DIRECTION('',(0.,0.,1.));
#5453 = ORIENTED_EDGE('',*,*,#4186,.F.);
#5454 = ORIENTED_EDGE('',*,*,#5448,.F.);
#5455 = CYLINDRICAL_SURFACE('',#5456,0.555);
#5456 = AXIS2_PLACEMENT_3D('',#5457,#5458,#5459);
#5457 = CARTESIAN_POINT('',(146.,-113.08,-4.6E-02));
#5458 = DIRECTION('',(-0.,-0.,-1.));
#5459 = DIRECTION('',(-0.,-1.,0.));
#5460 = ADVANCED_FACE('',(#5461),#5472,.F.);
#5461 = FACE_BOUND('',#5462,.T.);
#5462 = EDGE_LOOP('',(#5463,#5464,#5470,#5471));
#5463 = ORIENTED_EDGE('',*,*,#3003,.T.);
#5464 = ORIENTED_EDGE('',*,*,#5465,.T.);
#5465 = EDGE_CURVE('',#3004,#4198,#5466,.T.);
#5466 = LINE('',#5467,#5468);
#5467 = CARTESIAN_POINT('',(146.,-111.095,-4.6E-02));
#5468 = VECTOR('',#5469,1.);
#5469 = DIRECTION('',(0.,0.,1.));
#5470 = ORIENTED_EDGE('',*,*,#4197,.F.);
#5471 = ORIENTED_EDGE('',*,*,#5465,.F.);
#5472 = CYLINDRICAL_SURFACE('',#5473,0.555);
#5473 = AXIS2_PLACEMENT_3D('',#5474,#5475,#5476);
#5474 = CARTESIAN_POINT('',(146.,-110.54,-4.6E-02));
#5475 = DIRECTION('',(-0.,-0.,-1.));
#5476 = DIRECTION('',(-0.,-1.,0.));
#5477 = ADVANCED_FACE('',(#5478),#5489,.F.);
#5478 = FACE_BOUND('',#5479,.T.);
#5479 = EDGE_LOOP('',(#5480,#5481,#5487,#5488));
#5480 = ORIENTED_EDGE('',*,*,#3014,.T.);
#5481 = ORIENTED_EDGE('',*,*,#5482,.T.);
#5482 = EDGE_CURVE('',#3015,#4209,#5483,.T.);
#5483 = LINE('',#5484,#5485);
#5484 = CARTESIAN_POINT('',(146.,-108.555,-4.6E-02));
#5485 = VECTOR('',#5486,1.);
#5486 = DIRECTION('',(0.,0.,1.));
#5487 = ORIENTED_EDGE('',*,*,#4208,.F.);
#5488 = ORIENTED_EDGE('',*,*,#5482,.F.);
#5489 = CYLINDRICAL_SURFACE('',#5490,0.555);
#5490 = AXIS2_PLACEMENT_3D('',#5491,#5492,#5493);
#5491 = CARTESIAN_POINT('',(146.,-108.,-4.6E-02));
#5492 = DIRECTION('',(-0.,-0.,-1.));
#5493 = DIRECTION('',(-0.,-1.,0.));
#5494 = ADVANCED_FACE('',(#5495),#5506,.F.);
#5495 = FACE_BOUND('',#5496,.T.);
#5496 = EDGE_LOOP('',(#5497,#5498,#5504,#5505));
#5497 = ORIENTED_EDGE('',*,*,#3025,.T.);
#5498 = ORIENTED_EDGE('',*,*,#5499,.T.);
#5499 = EDGE_CURVE('',#3026,#4220,#5500,.T.);
#5500 = LINE('',#5501,#5502);
#5501 = CARTESIAN_POINT('',(146.,-106.015,-4.6E-02));
#5502 = VECTOR('',#5503,1.);
#5503 = DIRECTION('',(0.,0.,1.));
#5504 = ORIENTED_EDGE('',*,*,#4219,.F.);
#5505 = ORIENTED_EDGE('',*,*,#5499,.F.);
#5506 = CYLINDRICAL_SURFACE('',#5507,0.555);
#5507 = AXIS2_PLACEMENT_3D('',#5508,#5509,#5510);
#5508 = CARTESIAN_POINT('',(146.,-105.46,-4.6E-02));
#5509 = DIRECTION('',(-0.,-0.,-1.));
#5510 = DIRECTION('',(-0.,-1.,0.));
#5511 = ADVANCED_FACE('',(#5512),#5523,.F.);
#5512 = FACE_BOUND('',#5513,.T.);
#5513 = EDGE_LOOP('',(#5514,#5515,#5521,#5522));
#5514 = ORIENTED_EDGE('',*,*,#3036,.T.);
#5515 = ORIENTED_EDGE('',*,*,#5516,.T.);
#5516 = EDGE_CURVE('',#3037,#4231,#5517,.T.);
#5517 = LINE('',#5518,#5519);
#5518 = CARTESIAN_POINT('',(169.,-124.6,-4.6E-02));
#5519 = VECTOR('',#5520,1.);
#5520 = DIRECTION('',(0.,0.,1.));
#5521 = ORIENTED_EDGE('',*,*,#4230,.F.);
#5522 = ORIENTED_EDGE('',*,*,#5516,.F.);
#5523 = CYLINDRICAL_SURFACE('',#5524,1.6);
#5524 = AXIS2_PLACEMENT_3D('',#5525,#5526,#5527);
#5525 = CARTESIAN_POINT('',(169.,-123.,-4.6E-02));
#5526 = DIRECTION('',(-0.,-0.,-1.));
#5527 = DIRECTION('',(-0.,-1.,0.));
#5528 = ADVANCED_FACE('',(#5529),#5540,.F.);
#5529 = FACE_BOUND('',#5530,.T.);
#5530 = EDGE_LOOP('',(#5531,#5532,#5538,#5539));
#5531 = ORIENTED_EDGE('',*,*,#3047,.T.);
#5532 = ORIENTED_EDGE('',*,*,#5533,.T.);
#5533 = EDGE_CURVE('',#3048,#4242,#5534,.T.);
#5534 = LINE('',#5535,#5536);
#5535 = CARTESIAN_POINT('',(146.,-103.475,-4.6E-02));
#5536 = VECTOR('',#5537,1.);
#5537 = DIRECTION('',(0.,0.,1.));
#5538 = ORIENTED_EDGE('',*,*,#4241,.F.);
#5539 = ORIENTED_EDGE('',*,*,#5533,.F.);
#5540 = CYLINDRICAL_SURFACE('',#5541,0.555);
#5541 = AXIS2_PLACEMENT_3D('',#5542,#5543,#5544);
#5542 = CARTESIAN_POINT('',(146.,-102.92,-4.6E-02));
#5543 = DIRECTION('',(-0.,-0.,-1.));
#5544 = DIRECTION('',(-0.,-1.,0.));
#5545 = ADVANCED_FACE('',(#5546),#5557,.F.);
#5546 = FACE_BOUND('',#5547,.T.);
#5547 = EDGE_LOOP('',(#5548,#5549,#5555,#5556));
#5548 = ORIENTED_EDGE('',*,*,#3058,.T.);
#5549 = ORIENTED_EDGE('',*,*,#5550,.T.);
#5550 = EDGE_CURVE('',#3059,#4253,#5551,.T.);
#5551 = LINE('',#5552,#5553);
#5552 = CARTESIAN_POINT('',(146.,-100.935,-4.6E-02));
#5553 = VECTOR('',#5554,1.);
#5554 = DIRECTION('',(0.,0.,1.));
#5555 = ORIENTED_EDGE('',*,*,#4252,.F.);
#5556 = ORIENTED_EDGE('',*,*,#5550,.F.);
#5557 = CYLINDRICAL_SURFACE('',#5558,0.555);
#5558 = AXIS2_PLACEMENT_3D('',#5559,#5560,#5561);
#5559 = CARTESIAN_POINT('',(146.,-100.38,-4.6E-02));
#5560 = DIRECTION('',(-0.,-0.,-1.));
#5561 = DIRECTION('',(-0.,-1.,0.));
#5562 = ADVANCED_FACE('',(#5563),#5574,.F.);
#5563 = FACE_BOUND('',#5564,.T.);
#5564 = EDGE_LOOP('',(#5565,#5566,#5572,#5573));
#5565 = ORIENTED_EDGE('',*,*,#3069,.T.);
#5566 = ORIENTED_EDGE('',*,*,#5567,.T.);
#5567 = EDGE_CURVE('',#3070,#4264,#5568,.T.);
#5568 = LINE('',#5569,#5570);
#5569 = CARTESIAN_POINT('',(138.25,-95.65,-4.6E-02));
#5570 = VECTOR('',#5571,1.);
#5571 = DIRECTION('',(0.,0.,1.));
#5572 = ORIENTED_EDGE('',*,*,#4263,.F.);
#5573 = ORIENTED_EDGE('',*,*,#5567,.F.);
#5574 = CYLINDRICAL_SURFACE('',#5575,0.4);
#5575 = AXIS2_PLACEMENT_3D('',#5576,#5577,#5578);
#5576 = CARTESIAN_POINT('',(138.25,-95.25,-4.6E-02));
#5577 = DIRECTION('',(-0.,-0.,-1.));
#5578 = DIRECTION('',(-0.,-1.,0.));
#5579 = ADVANCED_FACE('',(#5580),#5591,.F.);
#5580 = FACE_BOUND('',#5581,.T.);
#5581 = EDGE_LOOP('',(#5582,#5583,#5589,#5590));
#5582 = ORIENTED_EDGE('',*,*,#3080,.T.);
#5583 = ORIENTED_EDGE('',*,*,#5584,.T.);
#5584 = EDGE_CURVE('',#3081,#4275,#5585,.T.);
#5585 = LINE('',#5586,#5587);
#5586 = CARTESIAN_POINT('',(146.,-98.395,-4.6E-02));
#5587 = VECTOR('',#5588,1.);
#5588 = DIRECTION('',(0.,0.,1.));
#5589 = ORIENTED_EDGE('',*,*,#4274,.F.);
#5590 = ORIENTED_EDGE('',*,*,#5584,.F.);
#5591 = CYLINDRICAL_SURFACE('',#5592,0.555);
#5592 = AXIS2_PLACEMENT_3D('',#5593,#5594,#5595);
#5593 = CARTESIAN_POINT('',(146.,-97.84,-4.6E-02));
#5594 = DIRECTION('',(-0.,-0.,-1.));
#5595 = DIRECTION('',(-0.,-1.,0.));
#5596 = ADVANCED_FACE('',(#5597),#5608,.F.);
#5597 = FACE_BOUND('',#5598,.T.);
#5598 = EDGE_LOOP('',(#5599,#5600,#5606,#5607));
#5599 = ORIENTED_EDGE('',*,*,#3091,.T.);
#5600 = ORIENTED_EDGE('',*,*,#5601,.T.);
#5601 = EDGE_CURVE('',#3092,#4286,#5602,.T.);
#5602 = LINE('',#5603,#5604);
#5603 = CARTESIAN_POINT('',(146.,-95.855,-4.6E-02));
#5604 = VECTOR('',#5605,1.);
#5605 = DIRECTION('',(0.,0.,1.));
#5606 = ORIENTED_EDGE('',*,*,#4285,.F.);
#5607 = ORIENTED_EDGE('',*,*,#5601,.F.);
#5608 = CYLINDRICAL_SURFACE('',#5609,0.555);
#5609 = AXIS2_PLACEMENT_3D('',#5610,#5611,#5612);
#5610 = CARTESIAN_POINT('',(146.,-95.3,-4.6E-02));
#5611 = DIRECTION('',(-0.,-0.,-1.));
#5612 = DIRECTION('',(-0.,-1.,0.));
#5613 = ADVANCED_FACE('',(#5614),#5625,.F.);
#5614 = FACE_BOUND('',#5615,.T.);
#5615 = EDGE_LOOP('',(#5616,#5617,#5623,#5624));
#5616 = ORIENTED_EDGE('',*,*,#3102,.T.);
#5617 = ORIENTED_EDGE('',*,*,#5618,.T.);
#5618 = EDGE_CURVE('',#3103,#4297,#5619,.T.);
#5619 = LINE('',#5620,#5621);
#5620 = CARTESIAN_POINT('',(127.7,-90.725,-4.6E-02));
#5621 = VECTOR('',#5622,1.);
#5622 = DIRECTION('',(0.,0.,1.));
#5623 = ORIENTED_EDGE('',*,*,#4296,.F.);
#5624 = ORIENTED_EDGE('',*,*,#5618,.F.);
#5625 = CYLINDRICAL_SURFACE('',#5626,0.555);
#5626 = AXIS2_PLACEMENT_3D('',#5627,#5628,#5629);
#5627 = CARTESIAN_POINT('',(127.7,-90.17,-4.6E-02));
#5628 = DIRECTION('',(-0.,0.,-1.));
#5629 = DIRECTION('',(2.560514363099E-14,-1.,-0.));
#5630 = ADVANCED_FACE('',(#5631),#5642,.F.);
#5631 = FACE_BOUND('',#5632,.T.);
#5632 = EDGE_LOOP('',(#5633,#5634,#5640,#5641));
#5633 = ORIENTED_EDGE('',*,*,#3113,.T.);
#5634 = ORIENTED_EDGE('',*,*,#5635,.T.);
#5635 = EDGE_CURVE('',#3114,#4308,#5636,.T.);
#5636 = LINE('',#5637,#5638);
#5637 = CARTESIAN_POINT('',(130.24,-90.725,-4.6E-02));
#5638 = VECTOR('',#5639,1.);
#5639 = DIRECTION('',(0.,0.,1.));
#5640 = ORIENTED_EDGE('',*,*,#4307,.F.);
#5641 = ORIENTED_EDGE('',*,*,#5635,.F.);
#5642 = CYLINDRICAL_SURFACE('',#5643,0.555);
#5643 = AXIS2_PLACEMENT_3D('',#5644,#5645,#5646);
#5644 = CARTESIAN_POINT('',(130.24,-90.17,-4.6E-02));
#5645 = DIRECTION('',(-0.,-0.,-1.));
#5646 = DIRECTION('',(-0.,-1.,0.));
#5647 = ADVANCED_FACE('',(#5648),#5659,.F.);
#5648 = FACE_BOUND('',#5649,.T.);
#5649 = EDGE_LOOP('',(#5650,#5651,#5657,#5658));
#5650 = ORIENTED_EDGE('',*,*,#3124,.T.);
#5651 = ORIENTED_EDGE('',*,*,#5652,.T.);
#5652 = EDGE_CURVE('',#3125,#4319,#5653,.T.);
#5653 = LINE('',#5654,#5655);
#5654 = CARTESIAN_POINT('',(132.78,-90.725,-4.6E-02));
#5655 = VECTOR('',#5656,1.);
#5656 = DIRECTION('',(0.,0.,1.));
#5657 = ORIENTED_EDGE('',*,*,#4318,.F.);
#5658 = ORIENTED_EDGE('',*,*,#5652,.F.);
#5659 = CYLINDRICAL_SURFACE('',#5660,0.555);
#5660 = AXIS2_PLACEMENT_3D('',#5661,#5662,#5663);
#5661 = CARTESIAN_POINT('',(132.78,-90.17,-4.6E-02));
#5662 = DIRECTION('',(-0.,-0.,-1.));
#5663 = DIRECTION('',(-0.,-1.,0.));
#5664 = ADVANCED_FACE('',(#5665),#5676,.F.);
#5665 = FACE_BOUND('',#5666,.T.);
#5666 = EDGE_LOOP('',(#5667,#5668,#5674,#5675));
#5667 = ORIENTED_EDGE('',*,*,#3135,.T.);
#5668 = ORIENTED_EDGE('',*,*,#5669,.T.);
#5669 = EDGE_CURVE('',#3136,#4330,#5670,.T.);
#5670 = LINE('',#5671,#5672);
#5671 = CARTESIAN_POINT('',(135.32,-90.725,-4.6E-02));
#5672 = VECTOR('',#5673,1.);
#5673 = DIRECTION('',(0.,0.,1.));
#5674 = ORIENTED_EDGE('',*,*,#4329,.F.);
#5675 = ORIENTED_EDGE('',*,*,#5669,.F.);
#5676 = CYLINDRICAL_SURFACE('',#5677,0.555);
#5677 = AXIS2_PLACEMENT_3D('',#5678,#5679,#5680);
#5678 = CARTESIAN_POINT('',(135.32,-90.17,-4.6E-02));
#5679 = DIRECTION('',(-0.,-0.,-1.));
#5680 = DIRECTION('',(-0.,-1.,0.));
#5681 = ADVANCED_FACE('',(#5682),#5693,.F.);
#5682 = FACE_BOUND('',#5683,.T.);
#5683 = EDGE_LOOP('',(#5684,#5685,#5691,#5692));
#5684 = ORIENTED_EDGE('',*,*,#3146,.T.);
#5685 = ORIENTED_EDGE('',*,*,#5686,.T.);
#5686 = EDGE_CURVE('',#3147,#4341,#5687,.T.);
#5687 = LINE('',#5688,#5689);
#5688 = CARTESIAN_POINT('',(137.86,-90.725,-4.6E-02));
#5689 = VECTOR('',#5690,1.);
#5690 = DIRECTION('',(0.,0.,1.));
#5691 = ORIENTED_EDGE('',*,*,#4340,.F.);
#5692 = ORIENTED_EDGE('',*,*,#5686,.F.);
#5693 = CYLINDRICAL_SURFACE('',#5694,0.555);
#5694 = AXIS2_PLACEMENT_3D('',#5695,#5696,#5697);
#5695 = CARTESIAN_POINT('',(137.86,-90.17,-4.6E-02));
#5696 = DIRECTION('',(-0.,-0.,-1.));
#5697 = DIRECTION('',(-0.,-1.,0.));
#5698 = ADVANCED_FACE('',(#5699),#5710,.F.);
#5699 = FACE_BOUND('',#5700,.T.);
#5700 = EDGE_LOOP('',(#5701,#5702,#5708,#5709));
#5701 = ORIENTED_EDGE('',*,*,#3157,.T.);
#5702 = ORIENTED_EDGE('',*,*,#5703,.T.);
#5703 = EDGE_CURVE('',#3158,#4352,#5704,.T.);
#5704 = LINE('',#5705,#5706);
#5705 = CARTESIAN_POINT('',(140.4,-90.725,-4.6E-02));
#5706 = VECTOR('',#5707,1.);
#5707 = DIRECTION('',(0.,0.,1.));
#5708 = ORIENTED_EDGE('',*,*,#4351,.F.);
#5709 = ORIENTED_EDGE('',*,*,#5703,.F.);
#5710 = CYLINDRICAL_SURFACE('',#5711,0.555);
#5711 = AXIS2_PLACEMENT_3D('',#5712,#5713,#5714);
#5712 = CARTESIAN_POINT('',(140.4,-90.17,-4.6E-02));
#5713 = DIRECTION('',(-0.,-0.,-1.));
#5714 = DIRECTION('',(-0.,-1.,0.));
#5715 = ADVANCED_FACE('',(#5716),#5727,.F.);
#5716 = FACE_BOUND('',#5717,.T.);
#5717 = EDGE_LOOP('',(#5718,#5719,#5725,#5726));
#5718 = ORIENTED_EDGE('',*,*,#3168,.T.);
#5719 = ORIENTED_EDGE('',*,*,#5720,.T.);
#5720 = EDGE_CURVE('',#3169,#4363,#5721,.T.);
#5721 = LINE('',#5722,#5723);
#5722 = CARTESIAN_POINT('',(142.94,-90.725,-4.6E-02));
#5723 = VECTOR('',#5724,1.);
#5724 = DIRECTION('',(0.,0.,1.));
#5725 = ORIENTED_EDGE('',*,*,#4362,.F.);
#5726 = ORIENTED_EDGE('',*,*,#5720,.F.);
#5727 = CYLINDRICAL_SURFACE('',#5728,0.555);
#5728 = AXIS2_PLACEMENT_3D('',#5729,#5730,#5731);
#5729 = CARTESIAN_POINT('',(142.94,-90.17,-4.6E-02));
#5730 = DIRECTION('',(-0.,-0.,-1.));
#5731 = DIRECTION('',(-0.,-1.,0.));
#5732 = ADVANCED_FACE('',(#5733),#5744,.F.);
#5733 = FACE_BOUND('',#5734,.T.);
#5734 = EDGE_LOOP('',(#5735,#5736,#5742,#5743));
#5735 = ORIENTED_EDGE('',*,*,#3179,.T.);
#5736 = ORIENTED_EDGE('',*,*,#5737,.T.);
#5737 = EDGE_CURVE('',#3180,#4374,#5738,.T.);
#5738 = LINE('',#5739,#5740);
#5739 = CARTESIAN_POINT('',(145.48,-90.725,-4.6E-02));
#5740 = VECTOR('',#5741,1.);
#5741 = DIRECTION('',(0.,0.,1.));
#5742 = ORIENTED_EDGE('',*,*,#4373,.F.);
#5743 = ORIENTED_EDGE('',*,*,#5737,.F.);
#5744 = CYLINDRICAL_SURFACE('',#5745,0.555);
#5745 = AXIS2_PLACEMENT_3D('',#5746,#5747,#5748);
#5746 = CARTESIAN_POINT('',(145.48,-90.17,-4.6E-02));
#5747 = DIRECTION('',(-0.,-0.,-1.));
#5748 = DIRECTION('',(-5.121028726199E-14,-1.,0.));
#5749 = ADVANCED_FACE('',(#5750),#5761,.F.);
#5750 = FACE_BOUND('',#5751,.T.);
#5751 = EDGE_LOOP('',(#5752,#5753,#5759,#5760));
#5752 = ORIENTED_EDGE('',*,*,#3190,.T.);
#5753 = ORIENTED_EDGE('',*,*,#5754,.T.);
#5754 = EDGE_CURVE('',#3191,#4385,#5755,.T.);
#5755 = LINE('',#5756,#5757);
#5756 = CARTESIAN_POINT('',(148.02,-90.725,-4.6E-02));
#5757 = VECTOR('',#5758,1.);
#5758 = DIRECTION('',(0.,0.,1.));
#5759 = ORIENTED_EDGE('',*,*,#4384,.F.);
#5760 = ORIENTED_EDGE('',*,*,#5754,.F.);
#5761 = CYLINDRICAL_SURFACE('',#5762,0.555);
#5762 = AXIS2_PLACEMENT_3D('',#5763,#5764,#5765);
#5763 = CARTESIAN_POINT('',(148.02,-90.17,-4.6E-02));
#5764 = DIRECTION('',(-0.,0.,-1.));
#5765 = DIRECTION('',(5.121028726199E-14,-1.,-0.));
#5766 = ADVANCED_FACE('',(#5767),#5778,.F.);
#5767 = FACE_BOUND('',#5768,.T.);
#5768 = EDGE_LOOP('',(#5769,#5770,#5776,#5777));
#5769 = ORIENTED_EDGE('',*,*,#3201,.T.);
#5770 = ORIENTED_EDGE('',*,*,#5771,.T.);
#5771 = EDGE_CURVE('',#3202,#4396,#5772,.T.);
#5772 = LINE('',#5773,#5774);
#5773 = CARTESIAN_POINT('',(150.56,-90.725,-4.6E-02));
#5774 = VECTOR('',#5775,1.);
#5775 = DIRECTION('',(0.,0.,1.));
#5776 = ORIENTED_EDGE('',*,*,#4395,.F.);
#5777 = ORIENTED_EDGE('',*,*,#5771,.F.);
#5778 = CYLINDRICAL_SURFACE('',#5779,0.555);
#5779 = AXIS2_PLACEMENT_3D('',#5780,#5781,#5782);
#5780 = CARTESIAN_POINT('',(150.56,-90.17,-4.6E-02));
#5781 = DIRECTION('',(-0.,-0.,-1.));
#5782 = DIRECTION('',(-0.,-1.,0.));
#5783 = ADVANCED_FACE('',(#5784),#5795,.F.);
#5784 = FACE_BOUND('',#5785,.T.);
#5785 = EDGE_LOOP('',(#5786,#5787,#5793,#5794));
#5786 = ORIENTED_EDGE('',*,*,#3212,.T.);
#5787 = ORIENTED_EDGE('',*,*,#5788,.T.);
#5788 = EDGE_CURVE('',#3213,#4407,#5789,.T.);
#5789 = LINE('',#5790,#5791);
#5790 = CARTESIAN_POINT('',(153.1,-90.725,-4.6E-02));
#5791 = VECTOR('',#5792,1.);
#5792 = DIRECTION('',(0.,0.,1.));
#5793 = ORIENTED_EDGE('',*,*,#4406,.F.);
#5794 = ORIENTED_EDGE('',*,*,#5788,.F.);
#5795 = CYLINDRICAL_SURFACE('',#5796,0.555);
#5796 = AXIS2_PLACEMENT_3D('',#5797,#5798,#5799);
#5797 = CARTESIAN_POINT('',(153.1,-90.17,-4.6E-02));
#5798 = DIRECTION('',(-0.,-0.,-1.));
#5799 = DIRECTION('',(-0.,-1.,0.));
#5800 = ADVANCED_FACE('',(#5801),#5812,.F.);
#5801 = FACE_BOUND('',#5802,.T.);
#5802 = EDGE_LOOP('',(#5803,#5804,#5810,#5811));
#5803 = ORIENTED_EDGE('',*,*,#3223,.T.);
#5804 = ORIENTED_EDGE('',*,*,#5805,.T.);
#5805 = EDGE_CURVE('',#3224,#4418,#5806,.T.);
#5806 = LINE('',#5807,#5808);
#5807 = CARTESIAN_POINT('',(155.64,-90.725,-4.6E-02));
#5808 = VECTOR('',#5809,1.);
#5809 = DIRECTION('',(0.,0.,1.));
#5810 = ORIENTED_EDGE('',*,*,#4417,.F.);
#5811 = ORIENTED_EDGE('',*,*,#5805,.F.);
#5812 = CYLINDRICAL_SURFACE('',#5813,0.555);
#5813 = AXIS2_PLACEMENT_3D('',#5814,#5815,#5816);
#5814 = CARTESIAN_POINT('',(155.64,-90.17,-4.6E-02));
#5815 = DIRECTION('',(-0.,-0.,-1.));
#5816 = DIRECTION('',(-0.,-1.,0.));
#5817 = ADVANCED_FACE('',(#5818),#5829,.F.);
#5818 = FACE_BOUND('',#5819,.T.);
#5819 = EDGE_LOOP('',(#5820,#5821,#5827,#5828));
#5820 = ORIENTED_EDGE('',*,*,#3234,.T.);
#5821 = ORIENTED_EDGE('',*,*,#5822,.T.);
#5822 = EDGE_CURVE('',#3235,#4429,#5823,.T.);
#5823 = LINE('',#5824,#5825);
#5824 = CARTESIAN_POINT('',(158.18,-90.725,-4.6E-02));
#5825 = VECTOR('',#5826,1.);
#5826 = DIRECTION('',(0.,0.,1.));
#5827 = ORIENTED_EDGE('',*,*,#4428,.F.);
#5828 = ORIENTED_EDGE('',*,*,#5822,.F.);
#5829 = CYLINDRICAL_SURFACE('',#5830,0.555);
#5830 = AXIS2_PLACEMENT_3D('',#5831,#5832,#5833);
#5831 = CARTESIAN_POINT('',(158.18,-90.17,-4.6E-02));
#5832 = DIRECTION('',(-0.,-0.,-1.));
#5833 = DIRECTION('',(-0.,-1.,0.));
#5834 = ADVANCED_FACE('',(#5835),#5846,.F.);
#5835 = FACE_BOUND('',#5836,.T.);
#5836 = EDGE_LOOP('',(#5837,#5838,#5844,#5845));
#5837 = ORIENTED_EDGE('',*,*,#3245,.T.);
#5838 = ORIENTED_EDGE('',*,*,#5839,.T.);
#5839 = EDGE_CURVE('',#3246,#4440,#5840,.T.);
#5840 = LINE('',#5841,#5842);
#5841 = CARTESIAN_POINT('',(160.72,-90.725,-4.6E-02));
#5842 = VECTOR('',#5843,1.);
#5843 = DIRECTION('',(0.,0.,1.));
#5844 = ORIENTED_EDGE('',*,*,#4439,.F.);
#5845 = ORIENTED_EDGE('',*,*,#5839,.F.);
#5846 = CYLINDRICAL_SURFACE('',#5847,0.555);
#5847 = AXIS2_PLACEMENT_3D('',#5848,#5849,#5850);
#5848 = CARTESIAN_POINT('',(160.72,-90.17,-4.6E-02));
#5849 = DIRECTION('',(-0.,-0.,-1.));
#5850 = DIRECTION('',(-0.,-1.,0.));
#5851 = ADVANCED_FACE('',(#5852),#5863,.F.);
#5852 = FACE_BOUND('',#5853,.T.);
#5853 = EDGE_LOOP('',(#5854,#5855,#5861,#5862));
#5854 = ORIENTED_EDGE('',*,*,#3256,.T.);
#5855 = ORIENTED_EDGE('',*,*,#5856,.T.);
#5856 = EDGE_CURVE('',#3257,#4451,#5857,.T.);
#5857 = LINE('',#5858,#5859);
#5858 = CARTESIAN_POINT('',(163.26,-90.725,-4.6E-02));
#5859 = VECTOR('',#5860,1.);
#5860 = DIRECTION('',(0.,0.,1.));
#5861 = ORIENTED_EDGE('',*,*,#4450,.F.);
#5862 = ORIENTED_EDGE('',*,*,#5856,.F.);
#5863 = CYLINDRICAL_SURFACE('',#5864,0.555);
#5864 = AXIS2_PLACEMENT_3D('',#5865,#5866,#5867);
#5865 = CARTESIAN_POINT('',(163.26,-90.17,-4.6E-02));
#5866 = DIRECTION('',(-0.,-0.,-1.));
#5867 = DIRECTION('',(-0.,-1.,0.));
#5868 = ADVANCED_FACE('',(#5869),#5880,.F.);
#5869 = FACE_BOUND('',#5870,.T.);
#5870 = EDGE_LOOP('',(#5871,#5872,#5878,#5879));
#5871 = ORIENTED_EDGE('',*,*,#3267,.T.);
#5872 = ORIENTED_EDGE('',*,*,#5873,.T.);
#5873 = EDGE_CURVE('',#3268,#4462,#5874,.T.);
#5874 = LINE('',#5875,#5876);
#5875 = CARTESIAN_POINT('',(165.8,-90.725,-4.6E-02));
#5876 = VECTOR('',#5877,1.);
#5877 = DIRECTION('',(0.,0.,1.));
#5878 = ORIENTED_EDGE('',*,*,#4461,.F.);
#5879 = ORIENTED_EDGE('',*,*,#5873,.F.);
#5880 = CYLINDRICAL_SURFACE('',#5881,0.555);
#5881 = AXIS2_PLACEMENT_3D('',#5882,#5883,#5884);
#5882 = CARTESIAN_POINT('',(165.8,-90.17,-4.6E-02));
#5883 = DIRECTION('',(-0.,-0.,-1.));
#5884 = DIRECTION('',(-0.,-1.,0.));
#5885 = ADVANCED_FACE('',(#5886),#5897,.F.);
#5886 = FACE_BOUND('',#5887,.T.);
#5887 = EDGE_LOOP('',(#5888,#5889,#5895,#5896));
#5888 = ORIENTED_EDGE('',*,*,#3278,.T.);
#5889 = ORIENTED_EDGE('',*,*,#5890,.T.);
#5890 = EDGE_CURVE('',#3279,#4473,#5891,.T.);
#5891 = LINE('',#5892,#5893);
#5892 = CARTESIAN_POINT('',(168.34,-90.725,-4.6E-02));
#5893 = VECTOR('',#5894,1.);
#5894 = DIRECTION('',(0.,0.,1.));
#5895 = ORIENTED_EDGE('',*,*,#4472,.F.);
#5896 = ORIENTED_EDGE('',*,*,#5890,.F.);
#5897 = CYLINDRICAL_SURFACE('',#5898,0.555);
#5898 = AXIS2_PLACEMENT_3D('',#5899,#5900,#5901);
#5899 = CARTESIAN_POINT('',(168.34,-90.17,-4.6E-02));
#5900 = DIRECTION('',(-0.,-0.,-1.));
#5901 = DIRECTION('',(-0.,-1.,0.));
#5902 = ADVANCED_FACE('',(#5903),#5914,.F.);
#5903 = FACE_BOUND('',#5904,.T.);
#5904 = EDGE_LOOP('',(#5905,#5906,#5912,#5913));
#5905 = ORIENTED_EDGE('',*,*,#3289,.T.);
#5906 = ORIENTED_EDGE('',*,*,#5907,.T.);
#5907 = EDGE_CURVE('',#3290,#4484,#5908,.T.);
#5908 = LINE('',#5909,#5910);
#5909 = CARTESIAN_POINT('',(170.88,-90.725,-4.6E-02));
#5910 = VECTOR('',#5911,1.);
#5911 = DIRECTION('',(0.,0.,1.));
#5912 = ORIENTED_EDGE('',*,*,#4483,.F.);
#5913 = ORIENTED_EDGE('',*,*,#5907,.F.);
#5914 = CYLINDRICAL_SURFACE('',#5915,0.555);
#5915 = AXIS2_PLACEMENT_3D('',#5916,#5917,#5918);
#5916 = CARTESIAN_POINT('',(170.88,-90.17,-4.6E-02));
#5917 = DIRECTION('',(-0.,-0.,-1.));
#5918 = DIRECTION('',(-0.,-1.,0.));
#5919 = ADVANCED_FACE('',(#5920),#5931,.F.);
#5920 = FACE_BOUND('',#5921,.T.);
#5921 = EDGE_LOOP('',(#5922,#5923,#5929,#5930));
#5922 = ORIENTED_EDGE('',*,*,#3300,.T.);
#5923 = ORIENTED_EDGE('',*,*,#5924,.T.);
#5924 = EDGE_CURVE('',#3301,#4495,#5925,.T.);
#5925 = LINE('',#5926,#5927);
#5926 = CARTESIAN_POINT('',(93.5,-79.9,-4.6E-02));
#5927 = VECTOR('',#5928,1.);
#5928 = DIRECTION('',(0.,0.,1.));
#5929 = ORIENTED_EDGE('',*,*,#4494,.F.);
#5930 = ORIENTED_EDGE('',*,*,#5924,.F.);
#5931 = CYLINDRICAL_SURFACE('',#5932,0.55);
#5932 = AXIS2_PLACEMENT_3D('',#5933,#5934,#5935);
#5933 = CARTESIAN_POINT('',(93.5,-79.35,-4.6E-02));
#5934 = DIRECTION('',(-0.,-0.,-1.));
#5935 = DIRECTION('',(-0.,-1.,0.));
#5936 = ADVANCED_FACE('',(#5937),#5948,.F.);
#5937 = FACE_BOUND('',#5938,.T.);
#5938 = EDGE_LOOP('',(#5939,#5940,#5946,#5947));
#5939 = ORIENTED_EDGE('',*,*,#3311,.T.);
#5940 = ORIENTED_EDGE('',*,*,#5941,.T.);
#5941 = EDGE_CURVE('',#3312,#4506,#5942,.T.);
#5942 = LINE('',#5943,#5944);
#5943 = CARTESIAN_POINT('',(93.5,-67.2,-4.6E-02));
#5944 = VECTOR('',#5945,1.);
#5945 = DIRECTION('',(0.,0.,1.));
#5946 = ORIENTED_EDGE('',*,*,#4505,.F.);
#5947 = ORIENTED_EDGE('',*,*,#5941,.F.);
#5948 = CYLINDRICAL_SURFACE('',#5949,0.55);
#5949 = AXIS2_PLACEMENT_3D('',#5950,#5951,#5952);
#5950 = CARTESIAN_POINT('',(93.5,-66.65,-4.6E-02));
#5951 = DIRECTION('',(-0.,-0.,-1.));
#5952 = DIRECTION('',(-0.,-1.,0.));
#5953 = ADVANCED_FACE('',(#5954),#5965,.F.);
#5954 = FACE_BOUND('',#5955,.T.);
#5955 = EDGE_LOOP('',(#5956,#5957,#5963,#5964));
#5956 = ORIENTED_EDGE('',*,*,#3322,.T.);
#5957 = ORIENTED_EDGE('',*,*,#5958,.T.);
#5958 = EDGE_CURVE('',#3323,#4517,#5959,.T.);
#5959 = LINE('',#5960,#5961);
#5960 = CARTESIAN_POINT('',(109.,-81.4,-4.6E-02));
#5961 = VECTOR('',#5962,1.);
#5962 = DIRECTION('',(0.,0.,1.));
#5963 = ORIENTED_EDGE('',*,*,#4516,.F.);
#5964 = ORIENTED_EDGE('',*,*,#5958,.F.);
#5965 = CYLINDRICAL_SURFACE('',#5966,0.4);
#5966 = AXIS2_PLACEMENT_3D('',#5967,#5968,#5969);
#5967 = CARTESIAN_POINT('',(109.,-81.,-4.6E-02));
#5968 = DIRECTION('',(-0.,-0.,-1.));
#5969 = DIRECTION('',(-0.,-1.,0.));
#5970 = ADVANCED_FACE('',(#5971),#5982,.F.);
#5971 = FACE_BOUND('',#5972,.T.);
#5972 = EDGE_LOOP('',(#5973,#5974,#5980,#5981));
#5973 = ORIENTED_EDGE('',*,*,#3333,.T.);
#5974 = ORIENTED_EDGE('',*,*,#5975,.T.);
#5975 = EDGE_CURVE('',#3334,#4528,#5976,.T.);
#5976 = LINE('',#5977,#5978);
#5977 = CARTESIAN_POINT('',(109.,-66.9,-4.6E-02));
#5978 = VECTOR('',#5979,1.);
#5979 = DIRECTION('',(0.,0.,1.));
#5980 = ORIENTED_EDGE('',*,*,#4527,.F.);
#5981 = ORIENTED_EDGE('',*,*,#5975,.F.);
#5982 = CYLINDRICAL_SURFACE('',#5983,0.4);
#5983 = AXIS2_PLACEMENT_3D('',#5984,#5985,#5986);
#5984 = CARTESIAN_POINT('',(109.,-66.5,-4.6E-02));
#5985 = DIRECTION('',(-0.,-0.,-1.));
#5986 = DIRECTION('',(-0.,-1.,0.));
#5987 = ADVANCED_FACE('',(#5988),#5999,.F.);
#5988 = FACE_BOUND('',#5989,.T.);
#5989 = EDGE_LOOP('',(#5990,#5991,#5997,#5998));
#5990 = ORIENTED_EDGE('',*,*,#3344,.T.);
#5991 = ORIENTED_EDGE('',*,*,#5992,.T.);
#5992 = EDGE_CURVE('',#3345,#4539,#5993,.T.);
#5993 = LINE('',#5994,#5995);
#5994 = CARTESIAN_POINT('',(125.16,-65.325,-4.6E-02));
#5995 = VECTOR('',#5996,1.);
#5996 = DIRECTION('',(0.,0.,1.));
#5997 = ORIENTED_EDGE('',*,*,#4538,.F.);
#5998 = ORIENTED_EDGE('',*,*,#5992,.F.);
#5999 = CYLINDRICAL_SURFACE('',#6000,0.555);
#6000 = AXIS2_PLACEMENT_3D('',#6001,#6002,#6003);
#6001 = CARTESIAN_POINT('',(125.16,-64.77,-4.6E-02));
#6002 = DIRECTION('',(-0.,-0.,-1.));
#6003 = DIRECTION('',(-0.,-1.,0.));
#6004 = ADVANCED_FACE('',(#6005),#6016,.F.);
#6005 = FACE_BOUND('',#6006,.T.);
#6006 = EDGE_LOOP('',(#6007,#6008,#6014,#6015));
#6007 = ORIENTED_EDGE('',*,*,#3355,.T.);
#6008 = ORIENTED_EDGE('',*,*,#6009,.T.);
#6009 = EDGE_CURVE('',#3356,#4550,#6010,.T.);
#6010 = LINE('',#6011,#6012);
#6011 = CARTESIAN_POINT('',(91.05,-59.62,-4.6E-02));
#6012 = VECTOR('',#6013,1.);
#6013 = DIRECTION('',(0.,0.,1.));
#6014 = ORIENTED_EDGE('',*,*,#4549,.F.);
#6015 = ORIENTED_EDGE('',*,*,#6009,.F.);
#6016 = CYLINDRICAL_SURFACE('',#6017,0.5);
#6017 = AXIS2_PLACEMENT_3D('',#6018,#6019,#6020);
#6018 = CARTESIAN_POINT('',(91.05,-59.12,-4.6E-02));
#6019 = DIRECTION('',(-0.,-0.,-1.));
#6020 = DIRECTION('',(-0.,-1.,0.));
#6021 = ADVANCED_FACE('',(#6022),#6033,.F.);
#6022 = FACE_BOUND('',#6023,.T.);
#6023 = EDGE_LOOP('',(#6024,#6025,#6031,#6032));
#6024 = ORIENTED_EDGE('',*,*,#3366,.T.);
#6025 = ORIENTED_EDGE('',*,*,#6026,.T.);
#6026 = EDGE_CURVE('',#3367,#4561,#6027,.T.);
#6027 = LINE('',#6028,#6029);
#6028 = CARTESIAN_POINT('',(98.67,-59.62,-4.6E-02));
#6029 = VECTOR('',#6030,1.);
#6030 = DIRECTION('',(0.,0.,1.));
#6031 = ORIENTED_EDGE('',*,*,#4560,.F.);
#6032 = ORIENTED_EDGE('',*,*,#6026,.F.);
#6033 = CYLINDRICAL_SURFACE('',#6034,0.5);
#6034 = AXIS2_PLACEMENT_3D('',#6035,#6036,#6037);
#6035 = CARTESIAN_POINT('',(98.67,-59.12,-4.6E-02));
#6036 = DIRECTION('',(-0.,-0.,-1.));
#6037 = DIRECTION('',(-0.,-1.,0.));
#6038 = ADVANCED_FACE('',(#6039),#6050,.F.);
#6039 = FACE_BOUND('',#6040,.T.);
#6040 = EDGE_LOOP('',(#6041,#6042,#6048,#6049));
#6041 = ORIENTED_EDGE('',*,*,#3377,.T.);
#6042 = ORIENTED_EDGE('',*,*,#6043,.T.);
#6043 = EDGE_CURVE('',#3378,#4572,#6044,.T.);
#6044 = LINE('',#6045,#6046);
#6045 = CARTESIAN_POINT('',(91.05,-52.,-4.6E-02));
#6046 = VECTOR('',#6047,1.);
#6047 = DIRECTION('',(0.,0.,1.));
#6048 = ORIENTED_EDGE('',*,*,#4571,.F.);
#6049 = ORIENTED_EDGE('',*,*,#6043,.F.);
#6050 = CYLINDRICAL_SURFACE('',#6051,0.5);
#6051 = AXIS2_PLACEMENT_3D('',#6052,#6053,#6054);
#6052 = CARTESIAN_POINT('',(91.05,-51.5,-4.6E-02));
#6053 = DIRECTION('',(-0.,-0.,-1.));
#6054 = DIRECTION('',(-0.,-1.,0.));
#6055 = ADVANCED_FACE('',(#6056),#6067,.F.);
#6056 = FACE_BOUND('',#6057,.T.);
#6057 = EDGE_LOOP('',(#6058,#6059,#6065,#6066));
#6058 = ORIENTED_EDGE('',*,*,#3388,.T.);
#6059 = ORIENTED_EDGE('',*,*,#6060,.T.);
#6060 = EDGE_CURVE('',#3389,#4583,#6061,.T.);
#6061 = LINE('',#6062,#6063);
#6062 = CARTESIAN_POINT('',(82.,-46.6,-4.6E-02));
#6063 = VECTOR('',#6064,1.);
#6064 = DIRECTION('',(0.,0.,1.));
#6065 = ORIENTED_EDGE('',*,*,#4582,.F.);
#6066 = ORIENTED_EDGE('',*,*,#6060,.F.);
#6067 = CYLINDRICAL_SURFACE('',#6068,1.6);
#6068 = AXIS2_PLACEMENT_3D('',#6069,#6070,#6071);
#6069 = CARTESIAN_POINT('',(82.,-45.,-4.6E-02));
#6070 = DIRECTION('',(-0.,-0.,-1.));
#6071 = DIRECTION('',(-0.,-1.,0.));
#6072 = ADVANCED_FACE('',(#6073),#6084,.F.);
#6073 = FACE_BOUND('',#6074,.T.);
#6074 = EDGE_LOOP('',(#6075,#6076,#6082,#6083));
#6075 = ORIENTED_EDGE('',*,*,#3399,.T.);
#6076 = ORIENTED_EDGE('',*,*,#6077,.T.);
#6077 = EDGE_CURVE('',#3400,#4594,#6078,.T.);
#6078 = LINE('',#6079,#6080);
#6079 = CARTESIAN_POINT('',(89.,-45.650011,-4.6E-02));
#6080 = VECTOR('',#6081,1.);
#6081 = DIRECTION('',(0.,0.,1.));
#6082 = ORIENTED_EDGE('',*,*,#4593,.F.);
#6083 = ORIENTED_EDGE('',*,*,#6077,.F.);
#6084 = CYLINDRICAL_SURFACE('',#6085,0.650011);
#6085 = AXIS2_PLACEMENT_3D('',#6086,#6087,#6088);
#6086 = CARTESIAN_POINT('',(89.,-45.,-4.6E-02));
#6087 = DIRECTION('',(-0.,-0.,-1.));
#6088 = DIRECTION('',(-0.,-1.,0.));
#6089 = ADVANCED_FACE('',(#6090),#6101,.F.);
#6090 = FACE_BOUND('',#6091,.T.);
#6091 = EDGE_LOOP('',(#6092,#6093,#6099,#6100));
#6092 = ORIENTED_EDGE('',*,*,#3410,.T.);
#6093 = ORIENTED_EDGE('',*,*,#6094,.T.);
#6094 = EDGE_CURVE('',#3411,#4605,#6095,.T.);
#6095 = LINE('',#6096,#6097);
#6096 = CARTESIAN_POINT('',(98.67,-52.,-4.6E-02));
#6097 = VECTOR('',#6098,1.);
#6098 = DIRECTION('',(0.,0.,1.));
#6099 = ORIENTED_EDGE('',*,*,#4604,.F.);
#6100 = ORIENTED_EDGE('',*,*,#6094,.F.);
#6101 = CYLINDRICAL_SURFACE('',#6102,0.5);
#6102 = AXIS2_PLACEMENT_3D('',#6103,#6104,#6105);
#6103 = CARTESIAN_POINT('',(98.67,-51.5,-4.6E-02));
#6104 = DIRECTION('',(-0.,-0.,-1.));
#6105 = DIRECTION('',(-0.,-1.,0.));
#6106 = ADVANCED_FACE('',(#6107),#6118,.F.);
#6107 = FACE_BOUND('',#6108,.T.);
#6108 = EDGE_LOOP('',(#6109,#6110,#6116,#6117));
#6109 = ORIENTED_EDGE('',*,*,#3421,.T.);
#6110 = ORIENTED_EDGE('',*,*,#6111,.T.);
#6111 = EDGE_CURVE('',#3422,#4616,#6112,.T.);
#6112 = LINE('',#6113,#6114);
#6113 = CARTESIAN_POINT('',(94.,-45.650011,-4.6E-02));
#6114 = VECTOR('',#6115,1.);
#6115 = DIRECTION('',(0.,0.,1.));
#6116 = ORIENTED_EDGE('',*,*,#4615,.F.);
#6117 = ORIENTED_EDGE('',*,*,#6111,.F.);
#6118 = CYLINDRICAL_SURFACE('',#6119,0.650011);
#6119 = AXIS2_PLACEMENT_3D('',#6120,#6121,#6122);
#6120 = CARTESIAN_POINT('',(94.,-45.,-4.6E-02));
#6121 = DIRECTION('',(-0.,-0.,-1.));
#6122 = DIRECTION('',(-0.,-1.,0.));
#6123 = ADVANCED_FACE('',(#6124),#6135,.F.);
#6124 = FACE_BOUND('',#6125,.T.);
#6125 = EDGE_LOOP('',(#6126,#6127,#6133,#6134));
#6126 = ORIENTED_EDGE('',*,*,#3432,.T.);
#6127 = ORIENTED_EDGE('',*,*,#6128,.T.);
#6128 = EDGE_CURVE('',#3433,#4627,#6129,.T.);
#6129 = LINE('',#6130,#6131);
#6130 = CARTESIAN_POINT('',(99.,-45.650011,-4.6E-02));
#6131 = VECTOR('',#6132,1.);
#6132 = DIRECTION('',(0.,0.,1.));
#6133 = ORIENTED_EDGE('',*,*,#4626,.F.);
#6134 = ORIENTED_EDGE('',*,*,#6128,.F.);
#6135 = CYLINDRICAL_SURFACE('',#6136,0.650011);
#6136 = AXIS2_PLACEMENT_3D('',#6137,#6138,#6139);
#6137 = CARTESIAN_POINT('',(99.,-45.,-4.6E-02));
#6138 = DIRECTION('',(-0.,-0.,-1.));
#6139 = DIRECTION('',(-0.,-1.,0.));
#6140 = ADVANCED_FACE('',(#6141),#6152,.F.);
#6141 = FACE_BOUND('',#6142,.T.);
#6142 = EDGE_LOOP('',(#6143,#6144,#6150,#6151));
#6143 = ORIENTED_EDGE('',*,*,#3443,.T.);
#6144 = ORIENTED_EDGE('',*,*,#6145,.T.);
#6145 = EDGE_CURVE('',#3444,#4638,#6146,.T.);
#6146 = LINE('',#6147,#6148);
#6147 = CARTESIAN_POINT('',(103.75,-59.62,-4.6E-02));
#6148 = VECTOR('',#6149,1.);
#6149 = DIRECTION('',(0.,0.,1.));
#6150 = ORIENTED_EDGE('',*,*,#4637,.F.);
#6151 = ORIENTED_EDGE('',*,*,#6145,.F.);
#6152 = CYLINDRICAL_SURFACE('',#6153,0.5);
#6153 = AXIS2_PLACEMENT_3D('',#6154,#6155,#6156);
#6154 = CARTESIAN_POINT('',(103.75,-59.12,-4.6E-02));
#6155 = DIRECTION('',(-0.,-0.,-1.));
#6156 = DIRECTION('',(-0.,-1.,0.));
#6157 = ADVANCED_FACE('',(#6158),#6169,.F.);
#6158 = FACE_BOUND('',#6159,.T.);
#6159 = EDGE_LOOP('',(#6160,#6161,#6167,#6168));
#6160 = ORIENTED_EDGE('',*,*,#3454,.T.);
#6161 = ORIENTED_EDGE('',*,*,#6162,.T.);
#6162 = EDGE_CURVE('',#3455,#4649,#6163,.T.);
#6163 = LINE('',#6164,#6165);
#6164 = CARTESIAN_POINT('',(108.83,-59.62,-4.6E-02));
#6165 = VECTOR('',#6166,1.);
#6166 = DIRECTION('',(0.,0.,1.));
#6167 = ORIENTED_EDGE('',*,*,#4648,.F.);
#6168 = ORIENTED_EDGE('',*,*,#6162,.F.);
#6169 = CYLINDRICAL_SURFACE('',#6170,0.5);
#6170 = AXIS2_PLACEMENT_3D('',#6171,#6172,#6173);
#6171 = CARTESIAN_POINT('',(108.83,-59.12,-4.6E-02));
#6172 = DIRECTION('',(-0.,-0.,-1.));
#6173 = DIRECTION('',(-0.,-1.,0.));
#6174 = ADVANCED_FACE('',(#6175),#6186,.F.);
#6175 = FACE_BOUND('',#6176,.T.);
#6176 = EDGE_LOOP('',(#6177,#6178,#6184,#6185));
#6177 = ORIENTED_EDGE('',*,*,#3465,.T.);
#6178 = ORIENTED_EDGE('',*,*,#6179,.T.);
#6179 = EDGE_CURVE('',#3466,#4660,#6180,.T.);
#6180 = LINE('',#6181,#6182);
#6181 = CARTESIAN_POINT('',(114.,-60.98,-4.6E-02));
#6182 = VECTOR('',#6183,1.);
#6183 = DIRECTION('',(0.,0.,1.));
#6184 = ORIENTED_EDGE('',*,*,#4659,.F.);
#6185 = ORIENTED_EDGE('',*,*,#6179,.F.);
#6186 = CYLINDRICAL_SURFACE('',#6187,0.4);
#6187 = AXIS2_PLACEMENT_3D('',#6188,#6189,#6190);
#6188 = CARTESIAN_POINT('',(114.,-60.58,-4.6E-02));
#6189 = DIRECTION('',(-0.,-0.,-1.));
#6190 = DIRECTION('',(-0.,-1.,0.));
#6191 = ADVANCED_FACE('',(#6192),#6203,.F.);
#6192 = FACE_BOUND('',#6193,.T.);
#6193 = EDGE_LOOP('',(#6194,#6195,#6201,#6202));
#6194 = ORIENTED_EDGE('',*,*,#3476,.T.);
#6195 = ORIENTED_EDGE('',*,*,#6196,.T.);
#6196 = EDGE_CURVE('',#3477,#4671,#6197,.T.);
#6197 = LINE('',#6198,#6199);
#6198 = CARTESIAN_POINT('',(117.5,-60.98,-4.6E-02));
#6199 = VECTOR('',#6200,1.);
#6200 = DIRECTION('',(0.,0.,1.));
#6201 = ORIENTED_EDGE('',*,*,#4670,.F.);
#6202 = ORIENTED_EDGE('',*,*,#6196,.F.);
#6203 = CYLINDRICAL_SURFACE('',#6204,0.4);
#6204 = AXIS2_PLACEMENT_3D('',#6205,#6206,#6207);
#6205 = CARTESIAN_POINT('',(117.5,-60.58,-4.6E-02));
#6206 = DIRECTION('',(-0.,-0.,-1.));
#6207 = DIRECTION('',(-0.,-1.,0.));
#6208 = ADVANCED_FACE('',(#6209),#6220,.F.);
#6209 = FACE_BOUND('',#6210,.T.);
#6210 = EDGE_LOOP('',(#6211,#6212,#6218,#6219));
#6211 = ORIENTED_EDGE('',*,*,#3487,.T.);
#6212 = ORIENTED_EDGE('',*,*,#6213,.T.);
#6213 = EDGE_CURVE('',#3488,#4682,#6214,.T.);
#6214 = LINE('',#6215,#6216);
#6215 = CARTESIAN_POINT('',(121.,-60.98,-4.6E-02));
#6216 = VECTOR('',#6217,1.);
#6217 = DIRECTION('',(0.,0.,1.));
#6218 = ORIENTED_EDGE('',*,*,#4681,.F.);
#6219 = ORIENTED_EDGE('',*,*,#6213,.F.);
#6220 = CYLINDRICAL_SURFACE('',#6221,0.4);
#6221 = AXIS2_PLACEMENT_3D('',#6222,#6223,#6224);
#6222 = CARTESIAN_POINT('',(121.,-60.58,-4.6E-02));
#6223 = DIRECTION('',(-0.,-0.,-1.));
#6224 = DIRECTION('',(-0.,-1.,0.));
#6225 = ADVANCED_FACE('',(#6226),#6237,.F.);
#6226 = FACE_BOUND('',#6227,.T.);
#6227 = EDGE_LOOP('',(#6228,#6229,#6235,#6236));
#6228 = ORIENTED_EDGE('',*,*,#3498,.T.);
#6229 = ORIENTED_EDGE('',*,*,#6230,.T.);
#6230 = EDGE_CURVE('',#3499,#4693,#6231,.T.);
#6231 = LINE('',#6232,#6233);
#6232 = CARTESIAN_POINT('',(125.,-60.98,-4.6E-02));
#6233 = VECTOR('',#6234,1.);
#6234 = DIRECTION('',(0.,0.,1.));
#6235 = ORIENTED_EDGE('',*,*,#4692,.F.);
#6236 = ORIENTED_EDGE('',*,*,#6230,.F.);
#6237 = CYLINDRICAL_SURFACE('',#6238,0.4);
#6238 = AXIS2_PLACEMENT_3D('',#6239,#6240,#6241);
#6239 = CARTESIAN_POINT('',(125.,-60.58,-4.6E-02));
#6240 = DIRECTION('',(-0.,-0.,-1.));
#6241 = DIRECTION('',(-0.,-1.,0.));
#6242 = ADVANCED_FACE('',(#6243),#6254,.F.);
#6243 = FACE_BOUND('',#6244,.T.);
#6244 = EDGE_LOOP('',(#6245,#6246,#6252,#6253));
#6245 = ORIENTED_EDGE('',*,*,#3509,.T.);
#6246 = ORIENTED_EDGE('',*,*,#6247,.T.);
#6247 = EDGE_CURVE('',#3510,#4704,#6248,.T.);
#6248 = LINE('',#6249,#6250);
#6249 = CARTESIAN_POINT('',(103.75,-52.,-4.6E-02));
#6250 = VECTOR('',#6251,1.);
#6251 = DIRECTION('',(0.,0.,1.));
#6252 = ORIENTED_EDGE('',*,*,#4703,.F.);
#6253 = ORIENTED_EDGE('',*,*,#6247,.F.);
#6254 = CYLINDRICAL_SURFACE('',#6255,0.5);
#6255 = AXIS2_PLACEMENT_3D('',#6256,#6257,#6258);
#6256 = CARTESIAN_POINT('',(103.75,-51.5,-4.6E-02));
#6257 = DIRECTION('',(-0.,-0.,-1.));
#6258 = DIRECTION('',(-0.,-1.,0.));
#6259 = ADVANCED_FACE('',(#6260),#6271,.F.);
#6260 = FACE_BOUND('',#6261,.T.);
#6261 = EDGE_LOOP('',(#6262,#6263,#6269,#6270));
#6262 = ORIENTED_EDGE('',*,*,#3520,.T.);
#6263 = ORIENTED_EDGE('',*,*,#6264,.T.);
#6264 = EDGE_CURVE('',#3521,#4715,#6265,.T.);
#6265 = LINE('',#6266,#6267);
#6266 = CARTESIAN_POINT('',(108.83,-52.,-4.6E-02));
#6267 = VECTOR('',#6268,1.);
#6268 = DIRECTION('',(0.,0.,1.));
#6269 = ORIENTED_EDGE('',*,*,#4714,.F.);
#6270 = ORIENTED_EDGE('',*,*,#6264,.F.);
#6271 = CYLINDRICAL_SURFACE('',#6272,0.5);
#6272 = AXIS2_PLACEMENT_3D('',#6273,#6274,#6275);
#6273 = CARTESIAN_POINT('',(108.83,-51.5,-4.6E-02));
#6274 = DIRECTION('',(-0.,-0.,-1.));
#6275 = DIRECTION('',(-0.,-1.,0.));
#6276 = ADVANCED_FACE('',(#6277),#6288,.F.);
#6277 = FACE_BOUND('',#6278,.T.);
#6278 = EDGE_LOOP('',(#6279,#6280,#6286,#6287));
#6279 = ORIENTED_EDGE('',*,*,#3531,.T.);
#6280 = ORIENTED_EDGE('',*,*,#6281,.T.);
#6281 = EDGE_CURVE('',#3532,#4726,#6282,.T.);
#6282 = LINE('',#6283,#6284);
#6283 = CARTESIAN_POINT('',(114.,-50.82,-4.6E-02));
#6284 = VECTOR('',#6285,1.);
#6285 = DIRECTION('',(0.,0.,1.));
#6286 = ORIENTED_EDGE('',*,*,#4725,.F.);
#6287 = ORIENTED_EDGE('',*,*,#6281,.F.);
#6288 = CYLINDRICAL_SURFACE('',#6289,0.4);
#6289 = AXIS2_PLACEMENT_3D('',#6290,#6291,#6292);
#6290 = CARTESIAN_POINT('',(114.,-50.42,-4.6E-02));
#6291 = DIRECTION('',(-0.,-0.,-1.));
#6292 = DIRECTION('',(-0.,-1.,0.));
#6293 = ADVANCED_FACE('',(#6294),#6305,.F.);
#6294 = FACE_BOUND('',#6295,.T.);
#6295 = EDGE_LOOP('',(#6296,#6297,#6303,#6304));
#6296 = ORIENTED_EDGE('',*,*,#3542,.T.);
#6297 = ORIENTED_EDGE('',*,*,#6298,.T.);
#6298 = EDGE_CURVE('',#3543,#4737,#6299,.T.);
#6299 = LINE('',#6300,#6301);
#6300 = CARTESIAN_POINT('',(104.,-45.650011,-4.6E-02));
#6301 = VECTOR('',#6302,1.);
#6302 = DIRECTION('',(0.,0.,1.));
#6303 = ORIENTED_EDGE('',*,*,#4736,.F.);
#6304 = ORIENTED_EDGE('',*,*,#6298,.F.);
#6305 = CYLINDRICAL_SURFACE('',#6306,0.650011);
#6306 = AXIS2_PLACEMENT_3D('',#6307,#6308,#6309);
#6307 = CARTESIAN_POINT('',(104.,-45.,-4.6E-02));
#6308 = DIRECTION('',(-0.,-0.,-1.));
#6309 = DIRECTION('',(-0.,-1.,0.));
#6310 = ADVANCED_FACE('',(#6311),#6322,.F.);
#6311 = FACE_BOUND('',#6312,.T.);
#6312 = EDGE_LOOP('',(#6313,#6314,#6320,#6321));
#6313 = ORIENTED_EDGE('',*,*,#3553,.T.);
#6314 = ORIENTED_EDGE('',*,*,#6315,.T.);
#6315 = EDGE_CURVE('',#3554,#4748,#6316,.T.);
#6316 = LINE('',#6317,#6318);
#6317 = CARTESIAN_POINT('',(109.5,-45.650011,-4.6E-02));
#6318 = VECTOR('',#6319,1.);
#6319 = DIRECTION('',(0.,0.,1.));
#6320 = ORIENTED_EDGE('',*,*,#4747,.F.);
#6321 = ORIENTED_EDGE('',*,*,#6315,.F.);
#6322 = CYLINDRICAL_SURFACE('',#6323,0.650011);
#6323 = AXIS2_PLACEMENT_3D('',#6324,#6325,#6326);
#6324 = CARTESIAN_POINT('',(109.5,-45.,-4.6E-02));
#6325 = DIRECTION('',(-0.,-0.,-1.));
#6326 = DIRECTION('',(-0.,-1.,0.));
#6327 = ADVANCED_FACE('',(#6328),#6339,.F.);
#6328 = FACE_BOUND('',#6329,.T.);
#6329 = EDGE_LOOP('',(#6330,#6331,#6337,#6338));
#6330 = ORIENTED_EDGE('',*,*,#3564,.T.);
#6331 = ORIENTED_EDGE('',*,*,#6332,.T.);
#6332 = EDGE_CURVE('',#3565,#4759,#6333,.T.);
#6333 = LINE('',#6334,#6335);
#6334 = CARTESIAN_POINT('',(114.5,-45.650011,-4.6E-02));
#6335 = VECTOR('',#6336,1.);
#6336 = DIRECTION('',(0.,0.,1.));
#6337 = ORIENTED_EDGE('',*,*,#4758,.F.);
#6338 = ORIENTED_EDGE('',*,*,#6332,.F.);
#6339 = CYLINDRICAL_SURFACE('',#6340,0.650011);
#6340 = AXIS2_PLACEMENT_3D('',#6341,#6342,#6343);
#6341 = CARTESIAN_POINT('',(114.5,-45.,-4.6E-02));
#6342 = DIRECTION('',(-0.,-0.,-1.));
#6343 = DIRECTION('',(-0.,-1.,0.));
#6344 = ADVANCED_FACE('',(#6345),#6356,.F.);
#6345 = FACE_BOUND('',#6346,.T.);
#6346 = EDGE_LOOP('',(#6347,#6348,#6354,#6355));
#6347 = ORIENTED_EDGE('',*,*,#3575,.T.);
#6348 = ORIENTED_EDGE('',*,*,#6349,.T.);
#6349 = EDGE_CURVE('',#3576,#4770,#6350,.T.);
#6350 = LINE('',#6351,#6352);
#6351 = CARTESIAN_POINT('',(117.5,-50.82,-4.6E-02));
#6352 = VECTOR('',#6353,1.);
#6353 = DIRECTION('',(0.,0.,1.));
#6354 = ORIENTED_EDGE('',*,*,#4769,.F.);
#6355 = ORIENTED_EDGE('',*,*,#6349,.F.);
#6356 = CYLINDRICAL_SURFACE('',#6357,0.4);
#6357 = AXIS2_PLACEMENT_3D('',#6358,#6359,#6360);
#6358 = CARTESIAN_POINT('',(117.5,-50.42,-4.6E-02));
#6359 = DIRECTION('',(-0.,-0.,-1.));
#6360 = DIRECTION('',(-0.,-1.,0.));
#6361 = ADVANCED_FACE('',(#6362),#6373,.F.);
#6362 = FACE_BOUND('',#6363,.T.);
#6363 = EDGE_LOOP('',(#6364,#6365,#6371,#6372));
#6364 = ORIENTED_EDGE('',*,*,#3586,.T.);
#6365 = ORIENTED_EDGE('',*,*,#6366,.T.);
#6366 = EDGE_CURVE('',#3587,#4781,#6367,.T.);
#6367 = LINE('',#6368,#6369);
#6368 = CARTESIAN_POINT('',(121.,-50.82,-4.6E-02));
#6369 = VECTOR('',#6370,1.);
#6370 = DIRECTION('',(0.,0.,1.));
#6371 = ORIENTED_EDGE('',*,*,#4780,.F.);
#6372 = ORIENTED_EDGE('',*,*,#6366,.F.);
#6373 = CYLINDRICAL_SURFACE('',#6374,0.4);
#6374 = AXIS2_PLACEMENT_3D('',#6375,#6376,#6377);
#6375 = CARTESIAN_POINT('',(121.,-50.42,-4.6E-02));
#6376 = DIRECTION('',(-0.,-0.,-1.));
#6377 = DIRECTION('',(-0.,-1.,0.));
#6378 = ADVANCED_FACE('',(#6379),#6390,.F.);
#6379 = FACE_BOUND('',#6380,.T.);
#6380 = EDGE_LOOP('',(#6381,#6382,#6388,#6389));
#6381 = ORIENTED_EDGE('',*,*,#3597,.T.);
#6382 = ORIENTED_EDGE('',*,*,#6383,.T.);
#6383 = EDGE_CURVE('',#3598,#4792,#6384,.T.);
#6384 = LINE('',#6385,#6386);
#6385 = CARTESIAN_POINT('',(125.,-50.82,-4.6E-02));
#6386 = VECTOR('',#6387,1.);
#6387 = DIRECTION('',(0.,0.,1.));
#6388 = ORIENTED_EDGE('',*,*,#4791,.F.);
#6389 = ORIENTED_EDGE('',*,*,#6383,.F.);
#6390 = CYLINDRICAL_SURFACE('',#6391,0.4);
#6391 = AXIS2_PLACEMENT_3D('',#6392,#6393,#6394);
#6392 = CARTESIAN_POINT('',(125.,-50.42,-4.6E-02));
#6393 = DIRECTION('',(-0.,-0.,-1.));
#6394 = DIRECTION('',(-0.,-1.,0.));
#6395 = ADVANCED_FACE('',(#6396),#6407,.F.);
#6396 = FACE_BOUND('',#6397,.T.);
#6397 = EDGE_LOOP('',(#6398,#6399,#6405,#6406));
#6398 = ORIENTED_EDGE('',*,*,#3608,.T.);
#6399 = ORIENTED_EDGE('',*,*,#6400,.T.);
#6400 = EDGE_CURVE('',#3609,#4803,#6401,.T.);
#6401 = LINE('',#6402,#6403);
#6402 = CARTESIAN_POINT('',(119.5,-45.650011,-4.6E-02));
#6403 = VECTOR('',#6404,1.);
#6404 = DIRECTION('',(0.,0.,1.));
#6405 = ORIENTED_EDGE('',*,*,#4802,.F.);
#6406 = ORIENTED_EDGE('',*,*,#6400,.F.);
#6407 = CYLINDRICAL_SURFACE('',#6408,0.650011);
#6408 = AXIS2_PLACEMENT_3D('',#6409,#6410,#6411);
#6409 = CARTESIAN_POINT('',(119.5,-45.,-4.6E-02));
#6410 = DIRECTION('',(-0.,-0.,-1.));
#6411 = DIRECTION('',(-0.,-1.,0.));
#6412 = ADVANCED_FACE('',(#6413),#6424,.F.);
#6413 = FACE_BOUND('',#6414,.T.);
#6414 = EDGE_LOOP('',(#6415,#6416,#6422,#6423));
#6415 = ORIENTED_EDGE('',*,*,#3619,.T.);
#6416 = ORIENTED_EDGE('',*,*,#6417,.T.);
#6417 = EDGE_CURVE('',#3620,#4814,#6418,.T.);
#6418 = LINE('',#6419,#6420);
#6419 = CARTESIAN_POINT('',(124.5,-45.650011,-4.6E-02));
#6420 = VECTOR('',#6421,1.);
#6421 = DIRECTION('',(0.,0.,1.));
#6422 = ORIENTED_EDGE('',*,*,#4813,.F.);
#6423 = ORIENTED_EDGE('',*,*,#6417,.F.);
#6424 = CYLINDRICAL_SURFACE('',#6425,0.650011);
#6425 = AXIS2_PLACEMENT_3D('',#6426,#6427,#6428);
#6426 = CARTESIAN_POINT('',(124.5,-45.,-4.6E-02));
#6427 = DIRECTION('',(-0.,-0.,-1.));
#6428 = DIRECTION('',(-0.,-1.,0.));
#6429 = ADVANCED_FACE('',(#6430),#6441,.F.);
#6430 = FACE_BOUND('',#6431,.T.);
#6431 = EDGE_LOOP('',(#6432,#6433,#6439,#6440));
#6432 = ORIENTED_EDGE('',*,*,#3630,.T.);
#6433 = ORIENTED_EDGE('',*,*,#6434,.T.);
#6434 = EDGE_CURVE('',#3631,#4825,#6435,.T.);
#6435 = LINE('',#6436,#6437);
#6436 = CARTESIAN_POINT('',(127.7,-65.325,-4.6E-02));
#6437 = VECTOR('',#6438,1.);
#6438 = DIRECTION('',(0.,0.,1.));
#6439 = ORIENTED_EDGE('',*,*,#4824,.F.);
#6440 = ORIENTED_EDGE('',*,*,#6434,.F.);
#6441 = CYLINDRICAL_SURFACE('',#6442,0.555);
#6442 = AXIS2_PLACEMENT_3D('',#6443,#6444,#6445);
#6443 = CARTESIAN_POINT('',(127.7,-64.77,-4.6E-02));
#6444 = DIRECTION('',(-0.,0.,-1.));
#6445 = DIRECTION('',(2.560514363099E-14,-1.,-0.));
#6446 = ADVANCED_FACE('',(#6447),#6458,.F.);
#6447 = FACE_BOUND('',#6448,.T.);
#6448 = EDGE_LOOP('',(#6449,#6450,#6456,#6457));
#6449 = ORIENTED_EDGE('',*,*,#3641,.T.);
#6450 = ORIENTED_EDGE('',*,*,#6451,.T.);
#6451 = EDGE_CURVE('',#3642,#4836,#6452,.T.);
#6452 = LINE('',#6453,#6454);
#6453 = CARTESIAN_POINT('',(130.24,-65.325,-4.6E-02));
#6454 = VECTOR('',#6455,1.);
#6455 = DIRECTION('',(0.,0.,1.));
#6456 = ORIENTED_EDGE('',*,*,#4835,.F.);
#6457 = ORIENTED_EDGE('',*,*,#6451,.F.);
#6458 = CYLINDRICAL_SURFACE('',#6459,0.555);
#6459 = AXIS2_PLACEMENT_3D('',#6460,#6461,#6462);
#6460 = CARTESIAN_POINT('',(130.24,-64.77,-4.6E-02));
#6461 = DIRECTION('',(-0.,-0.,-1.));
#6462 = DIRECTION('',(-0.,-1.,0.));
#6463 = ADVANCED_FACE('',(#6464),#6475,.F.);
#6464 = FACE_BOUND('',#6465,.T.);
#6465 = EDGE_LOOP('',(#6466,#6467,#6473,#6474));
#6466 = ORIENTED_EDGE('',*,*,#3652,.T.);
#6467 = ORIENTED_EDGE('',*,*,#6468,.T.);
#6468 = EDGE_CURVE('',#3653,#4847,#6469,.T.);
#6469 = LINE('',#6470,#6471);
#6470 = CARTESIAN_POINT('',(132.78,-65.325,-4.6E-02));
#6471 = VECTOR('',#6472,1.);
#6472 = DIRECTION('',(0.,0.,1.));
#6473 = ORIENTED_EDGE('',*,*,#4846,.F.);
#6474 = ORIENTED_EDGE('',*,*,#6468,.F.);
#6475 = CYLINDRICAL_SURFACE('',#6476,0.555);
#6476 = AXIS2_PLACEMENT_3D('',#6477,#6478,#6479);
#6477 = CARTESIAN_POINT('',(132.78,-64.77,-4.6E-02));
#6478 = DIRECTION('',(-0.,-0.,-1.));
#6479 = DIRECTION('',(-0.,-1.,0.));
#6480 = ADVANCED_FACE('',(#6481),#6492,.F.);
#6481 = FACE_BOUND('',#6482,.T.);
#6482 = EDGE_LOOP('',(#6483,#6484,#6490,#6491));
#6483 = ORIENTED_EDGE('',*,*,#3663,.T.);
#6484 = ORIENTED_EDGE('',*,*,#6485,.T.);
#6485 = EDGE_CURVE('',#3664,#4858,#6486,.T.);
#6486 = LINE('',#6487,#6488);
#6487 = CARTESIAN_POINT('',(135.32,-65.325,-4.6E-02));
#6488 = VECTOR('',#6489,1.);
#6489 = DIRECTION('',(0.,0.,1.));
#6490 = ORIENTED_EDGE('',*,*,#4857,.F.);
#6491 = ORIENTED_EDGE('',*,*,#6485,.F.);
#6492 = CYLINDRICAL_SURFACE('',#6493,0.555);
#6493 = AXIS2_PLACEMENT_3D('',#6494,#6495,#6496);
#6494 = CARTESIAN_POINT('',(135.32,-64.77,-4.6E-02));
#6495 = DIRECTION('',(-0.,-0.,-1.));
#6496 = DIRECTION('',(-0.,-1.,0.));
#6497 = ADVANCED_FACE('',(#6498),#6509,.F.);
#6498 = FACE_BOUND('',#6499,.T.);
#6499 = EDGE_LOOP('',(#6500,#6501,#6507,#6508));
#6500 = ORIENTED_EDGE('',*,*,#3674,.T.);
#6501 = ORIENTED_EDGE('',*,*,#6502,.T.);
#6502 = EDGE_CURVE('',#3675,#4869,#6503,.T.);
#6503 = LINE('',#6504,#6505);
#6504 = CARTESIAN_POINT('',(137.86,-65.325,-4.6E-02));
#6505 = VECTOR('',#6506,1.);
#6506 = DIRECTION('',(0.,0.,1.));
#6507 = ORIENTED_EDGE('',*,*,#4868,.F.);
#6508 = ORIENTED_EDGE('',*,*,#6502,.F.);
#6509 = CYLINDRICAL_SURFACE('',#6510,0.555);
#6510 = AXIS2_PLACEMENT_3D('',#6511,#6512,#6513);
#6511 = CARTESIAN_POINT('',(137.86,-64.77,-4.6E-02));
#6512 = DIRECTION('',(-0.,-0.,-1.));
#6513 = DIRECTION('',(-0.,-1.,0.));
#6514 = ADVANCED_FACE('',(#6515),#6526,.F.);
#6515 = FACE_BOUND('',#6516,.T.);
#6516 = EDGE_LOOP('',(#6517,#6518,#6524,#6525));
#6517 = ORIENTED_EDGE('',*,*,#3685,.T.);
#6518 = ORIENTED_EDGE('',*,*,#6519,.T.);
#6519 = EDGE_CURVE('',#3686,#4880,#6520,.T.);
#6520 = LINE('',#6521,#6522);
#6521 = CARTESIAN_POINT('',(140.4,-65.325,-4.6E-02));
#6522 = VECTOR('',#6523,1.);
#6523 = DIRECTION('',(0.,0.,1.));
#6524 = ORIENTED_EDGE('',*,*,#4879,.F.);
#6525 = ORIENTED_EDGE('',*,*,#6519,.F.);
#6526 = CYLINDRICAL_SURFACE('',#6527,0.555);
#6527 = AXIS2_PLACEMENT_3D('',#6528,#6529,#6530);
#6528 = CARTESIAN_POINT('',(140.4,-64.77,-4.6E-02));
#6529 = DIRECTION('',(-0.,-0.,-1.));
#6530 = DIRECTION('',(-0.,-1.,0.));
#6531 = ADVANCED_FACE('',(#6532),#6543,.F.);
#6532 = FACE_BOUND('',#6533,.T.);
#6533 = EDGE_LOOP('',(#6534,#6535,#6541,#6542));
#6534 = ORIENTED_EDGE('',*,*,#3696,.T.);
#6535 = ORIENTED_EDGE('',*,*,#6536,.T.);
#6536 = EDGE_CURVE('',#3697,#4891,#6537,.T.);
#6537 = LINE('',#6538,#6539);
#6538 = CARTESIAN_POINT('',(142.94,-65.325,-4.6E-02));
#6539 = VECTOR('',#6540,1.);
#6540 = DIRECTION('',(0.,0.,1.));
#6541 = ORIENTED_EDGE('',*,*,#4890,.F.);
#6542 = ORIENTED_EDGE('',*,*,#6536,.F.);
#6543 = CYLINDRICAL_SURFACE('',#6544,0.555);
#6544 = AXIS2_PLACEMENT_3D('',#6545,#6546,#6547);
#6545 = CARTESIAN_POINT('',(142.94,-64.77,-4.6E-02));
#6546 = DIRECTION('',(-0.,-0.,-1.));
#6547 = DIRECTION('',(-0.,-1.,0.));
#6548 = ADVANCED_FACE('',(#6549),#6560,.F.);
#6549 = FACE_BOUND('',#6550,.T.);
#6550 = EDGE_LOOP('',(#6551,#6552,#6558,#6559));
#6551 = ORIENTED_EDGE('',*,*,#3707,.T.);
#6552 = ORIENTED_EDGE('',*,*,#6553,.T.);
#6553 = EDGE_CURVE('',#3708,#4902,#6554,.T.);
#6554 = LINE('',#6555,#6556);
#6555 = CARTESIAN_POINT('',(145.48,-65.325,-4.6E-02));
#6556 = VECTOR('',#6557,1.);
#6557 = DIRECTION('',(0.,0.,1.));
#6558 = ORIENTED_EDGE('',*,*,#4901,.F.);
#6559 = ORIENTED_EDGE('',*,*,#6553,.F.);
#6560 = CYLINDRICAL_SURFACE('',#6561,0.555);
#6561 = AXIS2_PLACEMENT_3D('',#6562,#6563,#6564);
#6562 = CARTESIAN_POINT('',(145.48,-64.77,-4.6E-02));
#6563 = DIRECTION('',(-0.,-0.,-1.));
#6564 = DIRECTION('',(-5.121028726199E-14,-1.,0.));
#6565 = ADVANCED_FACE('',(#6566),#6577,.F.);
#6566 = FACE_BOUND('',#6567,.T.);
#6567 = EDGE_LOOP('',(#6568,#6569,#6575,#6576));
#6568 = ORIENTED_EDGE('',*,*,#3718,.T.);
#6569 = ORIENTED_EDGE('',*,*,#6570,.T.);
#6570 = EDGE_CURVE('',#3719,#4913,#6571,.T.);
#6571 = LINE('',#6572,#6573);
#6572 = CARTESIAN_POINT('',(148.02,-65.325,-4.6E-02));
#6573 = VECTOR('',#6574,1.);
#6574 = DIRECTION('',(0.,0.,1.));
#6575 = ORIENTED_EDGE('',*,*,#4912,.F.);
#6576 = ORIENTED_EDGE('',*,*,#6570,.F.);
#6577 = CYLINDRICAL_SURFACE('',#6578,0.555);
#6578 = AXIS2_PLACEMENT_3D('',#6579,#6580,#6581);
#6579 = CARTESIAN_POINT('',(148.02,-64.77,-4.6E-02));
#6580 = DIRECTION('',(-0.,0.,-1.));
#6581 = DIRECTION('',(5.121028726199E-14,-1.,-0.));
#6582 = ADVANCED_FACE('',(#6583),#6594,.F.);
#6583 = FACE_BOUND('',#6584,.T.);
#6584 = EDGE_LOOP('',(#6585,#6586,#6592,#6593));
#6585 = ORIENTED_EDGE('',*,*,#3729,.T.);
#6586 = ORIENTED_EDGE('',*,*,#6587,.T.);
#6587 = EDGE_CURVE('',#3730,#4924,#6588,.T.);
#6588 = LINE('',#6589,#6590);
#6589 = CARTESIAN_POINT('',(150.56,-65.325,-4.6E-02));
#6590 = VECTOR('',#6591,1.);
#6591 = DIRECTION('',(0.,0.,1.));
#6592 = ORIENTED_EDGE('',*,*,#4923,.F.);
#6593 = ORIENTED_EDGE('',*,*,#6587,.F.);
#6594 = CYLINDRICAL_SURFACE('',#6595,0.555);
#6595 = AXIS2_PLACEMENT_3D('',#6596,#6597,#6598);
#6596 = CARTESIAN_POINT('',(150.56,-64.77,-4.6E-02));
#6597 = DIRECTION('',(-0.,-0.,-1.));
#6598 = DIRECTION('',(-0.,-1.,0.));
#6599 = ADVANCED_FACE('',(#6600),#6611,.F.);
#6600 = FACE_BOUND('',#6601,.T.);
#6601 = EDGE_LOOP('',(#6602,#6603,#6609,#6610));
#6602 = ORIENTED_EDGE('',*,*,#3740,.T.);
#6603 = ORIENTED_EDGE('',*,*,#6604,.T.);
#6604 = EDGE_CURVE('',#3741,#4935,#6605,.T.);
#6605 = LINE('',#6606,#6607);
#6606 = CARTESIAN_POINT('',(153.1,-65.325,-4.6E-02));
#6607 = VECTOR('',#6608,1.);
#6608 = DIRECTION('',(0.,0.,1.));
#6609 = ORIENTED_EDGE('',*,*,#4934,.F.);
#6610 = ORIENTED_EDGE('',*,*,#6604,.F.);
#6611 = CYLINDRICAL_SURFACE('',#6612,0.555);
#6612 = AXIS2_PLACEMENT_3D('',#6613,#6614,#6615);
#6613 = CARTESIAN_POINT('',(153.1,-64.77,-4.6E-02));
#6614 = DIRECTION('',(-0.,-0.,-1.));
#6615 = DIRECTION('',(-0.,-1.,0.));
#6616 = ADVANCED_FACE('',(#6617),#6628,.F.);
#6617 = FACE_BOUND('',#6618,.T.);
#6618 = EDGE_LOOP('',(#6619,#6620,#6626,#6627));
#6619 = ORIENTED_EDGE('',*,*,#3751,.T.);
#6620 = ORIENTED_EDGE('',*,*,#6621,.T.);
#6621 = EDGE_CURVE('',#3752,#4946,#6622,.T.);
#6622 = LINE('',#6623,#6624);
#6623 = CARTESIAN_POINT('',(155.64,-65.325,-4.6E-02));
#6624 = VECTOR('',#6625,1.);
#6625 = DIRECTION('',(0.,0.,1.));
#6626 = ORIENTED_EDGE('',*,*,#4945,.F.);
#6627 = ORIENTED_EDGE('',*,*,#6621,.F.);
#6628 = CYLINDRICAL_SURFACE('',#6629,0.555);
#6629 = AXIS2_PLACEMENT_3D('',#6630,#6631,#6632);
#6630 = CARTESIAN_POINT('',(155.64,-64.77,-4.6E-02));
#6631 = DIRECTION('',(-0.,-0.,-1.));
#6632 = DIRECTION('',(-0.,-1.,0.));
#6633 = ADVANCED_FACE('',(#6634),#6645,.F.);
#6634 = FACE_BOUND('',#6635,.T.);
#6635 = EDGE_LOOP('',(#6636,#6637,#6643,#6644));
#6636 = ORIENTED_EDGE('',*,*,#3762,.T.);
#6637 = ORIENTED_EDGE('',*,*,#6638,.T.);
#6638 = EDGE_CURVE('',#3763,#4957,#6639,.T.);
#6639 = LINE('',#6640,#6641);
#6640 = CARTESIAN_POINT('',(158.18,-65.325,-4.6E-02));
#6641 = VECTOR('',#6642,1.);
#6642 = DIRECTION('',(0.,0.,1.));
#6643 = ORIENTED_EDGE('',*,*,#4956,.F.);
#6644 = ORIENTED_EDGE('',*,*,#6638,.F.);
#6645 = CYLINDRICAL_SURFACE('',#6646,0.555);
#6646 = AXIS2_PLACEMENT_3D('',#6647,#6648,#6649);
#6647 = CARTESIAN_POINT('',(158.18,-64.77,-4.6E-02));
#6648 = DIRECTION('',(-0.,-0.,-1.));
#6649 = DIRECTION('',(-0.,-1.,0.));
#6650 = ADVANCED_FACE('',(#6651),#6662,.F.);
#6651 = FACE_BOUND('',#6652,.T.);
#6652 = EDGE_LOOP('',(#6653,#6654,#6660,#6661));
#6653 = ORIENTED_EDGE('',*,*,#3773,.T.);
#6654 = ORIENTED_EDGE('',*,*,#6655,.T.);
#6655 = EDGE_CURVE('',#3774,#4968,#6656,.T.);
#6656 = LINE('',#6657,#6658);
#6657 = CARTESIAN_POINT('',(160.72,-65.325,-4.6E-02));
#6658 = VECTOR('',#6659,1.);
#6659 = DIRECTION('',(0.,0.,1.));
#6660 = ORIENTED_EDGE('',*,*,#4967,.F.);
#6661 = ORIENTED_EDGE('',*,*,#6655,.F.);
#6662 = CYLINDRICAL_SURFACE('',#6663,0.555);
#6663 = AXIS2_PLACEMENT_3D('',#6664,#6665,#6666);
#6664 = CARTESIAN_POINT('',(160.72,-64.77,-4.6E-02));
#6665 = DIRECTION('',(-0.,-0.,-1.));
#6666 = DIRECTION('',(-0.,-1.,0.));
#6667 = ADVANCED_FACE('',(#6668),#6679,.F.);
#6668 = FACE_BOUND('',#6669,.T.);
#6669 = EDGE_LOOP('',(#6670,#6671,#6677,#6678));
#6670 = ORIENTED_EDGE('',*,*,#3784,.T.);
#6671 = ORIENTED_EDGE('',*,*,#6672,.T.);
#6672 = EDGE_CURVE('',#3785,#4979,#6673,.T.);
#6673 = LINE('',#6674,#6675);
#6674 = CARTESIAN_POINT('',(163.26,-65.325,-4.6E-02));
#6675 = VECTOR('',#6676,1.);
#6676 = DIRECTION('',(0.,0.,1.));
#6677 = ORIENTED_EDGE('',*,*,#4978,.F.);
#6678 = ORIENTED_EDGE('',*,*,#6672,.F.);
#6679 = CYLINDRICAL_SURFACE('',#6680,0.555);
#6680 = AXIS2_PLACEMENT_3D('',#6681,#6682,#6683);
#6681 = CARTESIAN_POINT('',(163.26,-64.77,-4.6E-02));
#6682 = DIRECTION('',(-0.,-0.,-1.));
#6683 = DIRECTION('',(-0.,-1.,0.));
#6684 = ADVANCED_FACE('',(#6685),#6696,.F.);
#6685 = FACE_BOUND('',#6686,.T.);
#6686 = EDGE_LOOP('',(#6687,#6688,#6694,#6695));
#6687 = ORIENTED_EDGE('',*,*,#3795,.T.);
#6688 = ORIENTED_EDGE('',*,*,#6689,.T.);
#6689 = EDGE_CURVE('',#3796,#4990,#6690,.T.);
#6690 = LINE('',#6691,#6692);
#6691 = CARTESIAN_POINT('',(165.8,-65.325,-4.6E-02));
#6692 = VECTOR('',#6693,1.);
#6693 = DIRECTION('',(0.,0.,1.));
#6694 = ORIENTED_EDGE('',*,*,#4989,.F.);
#6695 = ORIENTED_EDGE('',*,*,#6689,.F.);
#6696 = CYLINDRICAL_SURFACE('',#6697,0.555);
#6697 = AXIS2_PLACEMENT_3D('',#6698,#6699,#6700);
#6698 = CARTESIAN_POINT('',(165.8,-64.77,-4.6E-02));
#6699 = DIRECTION('',(-0.,-0.,-1.));
#6700 = DIRECTION('',(-0.,-1.,0.));
#6701 = ADVANCED_FACE('',(#6702),#6713,.F.);
#6702 = FACE_BOUND('',#6703,.T.);
#6703 = EDGE_LOOP('',(#6704,#6705,#6711,#6712));
#6704 = ORIENTED_EDGE('',*,*,#3806,.T.);
#6705 = ORIENTED_EDGE('',*,*,#6706,.T.);
#6706 = EDGE_CURVE('',#3807,#5001,#6707,.T.);
#6707 = LINE('',#6708,#6709);
#6708 = CARTESIAN_POINT('',(168.34,-65.325,-4.6E-02));
#6709 = VECTOR('',#6710,1.);
#6710 = DIRECTION('',(0.,0.,1.));
#6711 = ORIENTED_EDGE('',*,*,#5000,.F.);
#6712 = ORIENTED_EDGE('',*,*,#6706,.F.);
#6713 = CYLINDRICAL_SURFACE('',#6714,0.555);
#6714 = AXIS2_PLACEMENT_3D('',#6715,#6716,#6717);
#6715 = CARTESIAN_POINT('',(168.34,-64.77,-4.6E-02));
#6716 = DIRECTION('',(-0.,-0.,-1.));
#6717 = DIRECTION('',(-0.,-1.,0.));
#6718 = ADVANCED_FACE('',(#6719),#6730,.F.);
#6719 = FACE_BOUND('',#6720,.T.);
#6720 = EDGE_LOOP('',(#6721,#6722,#6728,#6729));
#6721 = ORIENTED_EDGE('',*,*,#3817,.T.);
#6722 = ORIENTED_EDGE('',*,*,#6723,.T.);
#6723 = EDGE_CURVE('',#3818,#5012,#6724,.T.);
#6724 = LINE('',#6725,#6726);
#6725 = CARTESIAN_POINT('',(170.88,-65.325,-4.6E-02));
#6726 = VECTOR('',#6727,1.);
#6727 = DIRECTION('',(0.,0.,1.));
#6728 = ORIENTED_EDGE('',*,*,#5011,.F.);
#6729 = ORIENTED_EDGE('',*,*,#6723,.F.);
#6730 = CYLINDRICAL_SURFACE('',#6731,0.555);
#6731 = AXIS2_PLACEMENT_3D('',#6732,#6733,#6734);
#6732 = CARTESIAN_POINT('',(170.88,-64.77,-4.6E-02));
#6733 = DIRECTION('',(-0.,-0.,-1.));
#6734 = DIRECTION('',(-0.,-1.,0.));
#6735 = ADVANCED_FACE('',(#6736),#6747,.F.);
#6736 = FACE_BOUND('',#6737,.T.);
#6737 = EDGE_LOOP('',(#6738,#6739,#6745,#6746));
#6738 = ORIENTED_EDGE('',*,*,#3828,.T.);
#6739 = ORIENTED_EDGE('',*,*,#6740,.T.);
#6740 = EDGE_CURVE('',#3829,#5023,#6741,.T.);
#6741 = LINE('',#6742,#6743);
#6742 = CARTESIAN_POINT('',(128.5,-53.48,-4.6E-02));
#6743 = VECTOR('',#6744,1.);
#6744 = DIRECTION('',(0.,0.,1.));
#6745 = ORIENTED_EDGE('',*,*,#5022,.F.);
#6746 = ORIENTED_EDGE('',*,*,#6740,.F.);
#6747 = CYLINDRICAL_SURFACE('',#6748,0.4);
#6748 = AXIS2_PLACEMENT_3D('',#6749,#6750,#6751);
#6749 = CARTESIAN_POINT('',(128.5,-53.08,-4.6E-02));
#6750 = DIRECTION('',(-0.,-0.,-1.));
#6751 = DIRECTION('',(-0.,-1.,0.));
#6752 = ADVANCED_FACE('',(#6753),#6764,.F.);
#6753 = FACE_BOUND('',#6754,.T.);
#6754 = EDGE_LOOP('',(#6755,#6756,#6762,#6763));
#6755 = ORIENTED_EDGE('',*,*,#3839,.T.);
#6756 = ORIENTED_EDGE('',*,*,#6757,.T.);
#6757 = EDGE_CURVE('',#3840,#5034,#6758,.T.);
#6758 = LINE('',#6759,#6760);
#6759 = CARTESIAN_POINT('',(139.,-61.15,-4.6E-02));
#6760 = VECTOR('',#6761,1.);
#6761 = DIRECTION('',(0.,0.,1.));
#6762 = ORIENTED_EDGE('',*,*,#5033,.F.);
#6763 = ORIENTED_EDGE('',*,*,#6757,.F.);
#6764 = CYLINDRICAL_SURFACE('',#6765,0.4);
#6765 = AXIS2_PLACEMENT_3D('',#6766,#6767,#6768);
#6766 = CARTESIAN_POINT('',(139.,-60.75,-4.6E-02));
#6767 = DIRECTION('',(-0.,-0.,-1.));
#6768 = DIRECTION('',(-0.,-1.,0.));
#6769 = ADVANCED_FACE('',(#6770),#6781,.F.);
#6770 = FACE_BOUND('',#6771,.T.);
#6771 = EDGE_LOOP('',(#6772,#6773,#6779,#6780));
#6772 = ORIENTED_EDGE('',*,*,#3850,.T.);
#6773 = ORIENTED_EDGE('',*,*,#6774,.T.);
#6774 = EDGE_CURVE('',#3851,#5045,#6775,.T.);
#6775 = LINE('',#6776,#6777);
#6776 = CARTESIAN_POINT('',(143.,-61.15,-4.6E-02));
#6777 = VECTOR('',#6778,1.);
#6778 = DIRECTION('',(0.,0.,1.));
#6779 = ORIENTED_EDGE('',*,*,#5044,.F.);
#6780 = ORIENTED_EDGE('',*,*,#6774,.F.);
#6781 = CYLINDRICAL_SURFACE('',#6782,0.4);
#6782 = AXIS2_PLACEMENT_3D('',#6783,#6784,#6785);
#6783 = CARTESIAN_POINT('',(143.,-60.75,-4.6E-02));
#6784 = DIRECTION('',(-0.,-0.,-1.));
#6785 = DIRECTION('',(-0.,-1.,0.));
#6786 = ADVANCED_FACE('',(#6787),#6798,.F.);
#6787 = FACE_BOUND('',#6788,.T.);
#6788 = EDGE_LOOP('',(#6789,#6790,#6796,#6797));
#6789 = ORIENTED_EDGE('',*,*,#3861,.T.);
#6790 = ORIENTED_EDGE('',*,*,#6791,.T.);
#6791 = EDGE_CURVE('',#3862,#5056,#6792,.T.);
#6792 = LINE('',#6793,#6794);
#6793 = CARTESIAN_POINT('',(139.,-53.65,-4.6E-02));
#6794 = VECTOR('',#6795,1.);
#6795 = DIRECTION('',(0.,0.,1.));
#6796 = ORIENTED_EDGE('',*,*,#5055,.F.);
#6797 = ORIENTED_EDGE('',*,*,#6791,.F.);
#6798 = CYLINDRICAL_SURFACE('',#6799,0.4);
#6799 = AXIS2_PLACEMENT_3D('',#6800,#6801,#6802);
#6800 = CARTESIAN_POINT('',(139.,-53.25,-4.6E-02));
#6801 = DIRECTION('',(-0.,-0.,-1.));
#6802 = DIRECTION('',(-0.,-1.,0.));
#6803 = ADVANCED_FACE('',(#6804),#6815,.F.);
#6804 = FACE_BOUND('',#6805,.T.);
#6805 = EDGE_LOOP('',(#6806,#6807,#6813,#6814));
#6806 = ORIENTED_EDGE('',*,*,#3872,.T.);
#6807 = ORIENTED_EDGE('',*,*,#6808,.T.);
#6808 = EDGE_CURVE('',#3873,#5067,#6809,.T.);
#6809 = LINE('',#6810,#6811);
#6810 = CARTESIAN_POINT('',(143.,-53.65,-4.6E-02));
#6811 = VECTOR('',#6812,1.);
#6812 = DIRECTION('',(0.,0.,1.));
#6813 = ORIENTED_EDGE('',*,*,#5066,.F.);
#6814 = ORIENTED_EDGE('',*,*,#6808,.F.);
#6815 = CYLINDRICAL_SURFACE('',#6816,0.4);
#6816 = AXIS2_PLACEMENT_3D('',#6817,#6818,#6819);
#6817 = CARTESIAN_POINT('',(143.,-53.25,-4.6E-02));
#6818 = DIRECTION('',(-0.,-0.,-1.));
#6819 = DIRECTION('',(-0.,-1.,0.));
#6820 = ADVANCED_FACE('',(#6821),#6832,.F.);
#6821 = FACE_BOUND('',#6822,.T.);
#6822 = EDGE_LOOP('',(#6823,#6824,#6830,#6831));
#6823 = ORIENTED_EDGE('',*,*,#3883,.T.);
#6824 = ORIENTED_EDGE('',*,*,#6825,.T.);
#6825 = EDGE_CURVE('',#3884,#5078,#6826,.T.);
#6826 = LINE('',#6827,#6828);
#6827 = CARTESIAN_POINT('',(128.5,-43.32,-4.6E-02));
#6828 = VECTOR('',#6829,1.);
#6829 = DIRECTION('',(0.,0.,1.));
#6830 = ORIENTED_EDGE('',*,*,#5077,.F.);
#6831 = ORIENTED_EDGE('',*,*,#6825,.F.);
#6832 = CYLINDRICAL_SURFACE('',#6833,0.4);
#6833 = AXIS2_PLACEMENT_3D('',#6834,#6835,#6836);
#6834 = CARTESIAN_POINT('',(128.5,-42.92,-4.6E-02));
#6835 = DIRECTION('',(-0.,-0.,-1.));
#6836 = DIRECTION('',(-0.,-1.,0.));
#6837 = ADVANCED_FACE('',(#6838),#6849,.F.);
#6838 = FACE_BOUND('',#6839,.T.);
#6839 = EDGE_LOOP('',(#6840,#6841,#6847,#6848));
#6840 = ORIENTED_EDGE('',*,*,#3894,.T.);
#6841 = ORIENTED_EDGE('',*,*,#6842,.T.);
#6842 = EDGE_CURVE('',#3895,#5089,#6843,.T.);
#6843 = LINE('',#6844,#6845);
#6844 = CARTESIAN_POINT('',(134.,-45.650011,-4.6E-02));
#6845 = VECTOR('',#6846,1.);
#6846 = DIRECTION('',(0.,0.,1.));
#6847 = ORIENTED_EDGE('',*,*,#5088,.F.);
#6848 = ORIENTED_EDGE('',*,*,#6842,.F.);
#6849 = CYLINDRICAL_SURFACE('',#6850,0.650011);
#6850 = AXIS2_PLACEMENT_3D('',#6851,#6852,#6853);
#6851 = CARTESIAN_POINT('',(134.,-45.,-4.6E-02));
#6852 = DIRECTION('',(-0.,-0.,-1.));
#6853 = DIRECTION('',(-0.,-1.,0.));
#6854 = ADVANCED_FACE('',(#6855),#6866,.F.);
#6855 = FACE_BOUND('',#6856,.T.);
#6856 = EDGE_LOOP('',(#6857,#6858,#6864,#6865));
#6857 = ORIENTED_EDGE('',*,*,#3905,.T.);
#6858 = ORIENTED_EDGE('',*,*,#6859,.T.);
#6859 = EDGE_CURVE('',#3906,#5100,#6860,.T.);
#6860 = LINE('',#6861,#6862);
#6861 = CARTESIAN_POINT('',(139.,-45.650011,-4.6E-02));
#6862 = VECTOR('',#6863,1.);
#6863 = DIRECTION('',(0.,0.,1.));
#6864 = ORIENTED_EDGE('',*,*,#5099,.F.);
#6865 = ORIENTED_EDGE('',*,*,#6859,.F.);
#6866 = CYLINDRICAL_SURFACE('',#6867,0.650011);
#6867 = AXIS2_PLACEMENT_3D('',#6868,#6869,#6870);
#6868 = CARTESIAN_POINT('',(139.,-45.,-4.6E-02));
#6869 = DIRECTION('',(-0.,-0.,-1.));
#6870 = DIRECTION('',(-0.,-1.,0.));
#6871 = ADVANCED_FACE('',(#6872),#6883,.F.);
#6872 = FACE_BOUND('',#6873,.T.);
#6873 = EDGE_LOOP('',(#6874,#6875,#6881,#6882));
#6874 = ORIENTED_EDGE('',*,*,#3916,.T.);
#6875 = ORIENTED_EDGE('',*,*,#6876,.T.);
#6876 = EDGE_CURVE('',#3917,#5111,#6877,.T.);
#6877 = LINE('',#6878,#6879);
#6878 = CARTESIAN_POINT('',(144.,-45.650011,-4.6E-02));
#6879 = VECTOR('',#6880,1.);
#6880 = DIRECTION('',(0.,0.,1.));
#6881 = ORIENTED_EDGE('',*,*,#5110,.F.);
#6882 = ORIENTED_EDGE('',*,*,#6876,.F.);
#6883 = CYLINDRICAL_SURFACE('',#6884,0.650011);
#6884 = AXIS2_PLACEMENT_3D('',#6885,#6886,#6887);
#6885 = CARTESIAN_POINT('',(144.,-45.,-4.6E-02));
#6886 = DIRECTION('',(-0.,-0.,-1.));
#6887 = DIRECTION('',(-0.,-1.,0.));
#6888 = ADVANCED_FACE('',(#6889),#6900,.F.);
#6889 = FACE_BOUND('',#6890,.T.);
#6890 = EDGE_LOOP('',(#6891,#6892,#6898,#6899));
#6891 = ORIENTED_EDGE('',*,*,#3927,.T.);
#6892 = ORIENTED_EDGE('',*,*,#6893,.T.);
#6893 = EDGE_CURVE('',#3928,#5122,#6894,.T.);
#6894 = LINE('',#6895,#6896);
#6895 = CARTESIAN_POINT('',(169.85,-60.,-4.6E-02));
#6896 = VECTOR('',#6897,1.);
#6897 = DIRECTION('',(0.,0.,1.));
#6898 = ORIENTED_EDGE('',*,*,#5121,.F.);
#6899 = ORIENTED_EDGE('',*,*,#6893,.F.);
#6900 = CYLINDRICAL_SURFACE('',#6901,0.5);
#6901 = AXIS2_PLACEMENT_3D('',#6902,#6903,#6904);
#6902 = CARTESIAN_POINT('',(169.85,-59.5,-4.6E-02));
#6903 = DIRECTION('',(-0.,-0.,-1.));
#6904 = DIRECTION('',(-0.,-1.,0.));
#6905 = ADVANCED_FACE('',(#6906),#6917,.F.);
#6906 = FACE_BOUND('',#6907,.T.);
#6907 = EDGE_LOOP('',(#6908,#6909,#6915,#6916));
#6908 = ORIENTED_EDGE('',*,*,#3938,.T.);
#6909 = ORIENTED_EDGE('',*,*,#6910,.T.);
#6910 = EDGE_CURVE('',#3939,#5133,#6911,.T.);
#6911 = LINE('',#6912,#6913);
#6912 = CARTESIAN_POINT('',(169.85,-58.,-4.6E-02));
#6913 = VECTOR('',#6914,1.);
#6914 = DIRECTION('',(0.,0.,1.));
#6915 = ORIENTED_EDGE('',*,*,#5132,.F.);
#6916 = ORIENTED_EDGE('',*,*,#6910,.F.);
#6917 = CYLINDRICAL_SURFACE('',#6918,0.5);
#6918 = AXIS2_PLACEMENT_3D('',#6919,#6920,#6921);
#6919 = CARTESIAN_POINT('',(169.85,-57.5,-4.6E-02));
#6920 = DIRECTION('',(-0.,-0.,-1.));
#6921 = DIRECTION('',(-0.,-1.,0.));
#6922 = ADVANCED_FACE('',(#6923),#6934,.F.);
#6923 = FACE_BOUND('',#6924,.T.);
#6924 = EDGE_LOOP('',(#6925,#6926,#6932,#6933));
#6925 = ORIENTED_EDGE('',*,*,#3949,.T.);
#6926 = ORIENTED_EDGE('',*,*,#6927,.T.);
#6927 = EDGE_CURVE('',#3950,#5144,#6928,.T.);
#6928 = LINE('',#6929,#6930);
#6929 = CARTESIAN_POINT('',(169.85,-56.,-4.6E-02));
#6930 = VECTOR('',#6931,1.);
#6931 = DIRECTION('',(0.,0.,1.));
#6932 = ORIENTED_EDGE('',*,*,#5143,.F.);
#6933 = ORIENTED_EDGE('',*,*,#6927,.F.);
#6934 = CYLINDRICAL_SURFACE('',#6935,0.5);
#6935 = AXIS2_PLACEMENT_3D('',#6936,#6937,#6938);
#6936 = CARTESIAN_POINT('',(169.85,-55.5,-4.6E-02));
#6937 = DIRECTION('',(-0.,-0.,-1.));
#6938 = DIRECTION('',(-0.,-1.,0.));
#6939 = ADVANCED_FACE('',(#6940),#6951,.F.);
#6940 = FACE_BOUND('',#6941,.T.);
#6941 = EDGE_LOOP('',(#6942,#6943,#6949,#6950));
#6942 = ORIENTED_EDGE('',*,*,#3960,.T.);
#6943 = ORIENTED_EDGE('',*,*,#6944,.T.);
#6944 = EDGE_CURVE('',#3961,#5155,#6945,.T.);
#6945 = LINE('',#6946,#6947);
#6946 = CARTESIAN_POINT('',(169.85,-54.,-4.6E-02));
#6947 = VECTOR('',#6948,1.);
#6948 = DIRECTION('',(0.,0.,1.));
#6949 = ORIENTED_EDGE('',*,*,#5154,.F.);
#6950 = ORIENTED_EDGE('',*,*,#6944,.F.);
#6951 = CYLINDRICAL_SURFACE('',#6952,0.5);
#6952 = AXIS2_PLACEMENT_3D('',#6953,#6954,#6955);
#6953 = CARTESIAN_POINT('',(169.85,-53.5,-4.6E-02));
#6954 = DIRECTION('',(-0.,-0.,-1.));
#6955 = DIRECTION('',(-0.,-1.,0.));
#6956 = ADVANCED_FACE('',(#6957),#6968,.F.);
#6957 = FACE_BOUND('',#6958,.T.);
#6958 = EDGE_LOOP('',(#6959,#6960,#6966,#6967));
#6959 = ORIENTED_EDGE('',*,*,#3971,.T.);
#6960 = ORIENTED_EDGE('',*,*,#6961,.T.);
#6961 = EDGE_CURVE('',#3972,#5166,#6962,.T.);
#6962 = LINE('',#6963,#6964);
#6963 = CARTESIAN_POINT('',(152.25,-52.9,-4.6E-02));
#6964 = VECTOR('',#6965,1.);
#6965 = DIRECTION('',(0.,0.,1.));
#6966 = ORIENTED_EDGE('',*,*,#5165,.F.);
#6967 = ORIENTED_EDGE('',*,*,#6961,.F.);
#6968 = CYLINDRICAL_SURFACE('',#6969,0.4);
#6969 = AXIS2_PLACEMENT_3D('',#6970,#6971,#6972);
#6970 = CARTESIAN_POINT('',(152.25,-52.5,-4.6E-02));
#6971 = DIRECTION('',(-0.,-0.,-1.));
#6972 = DIRECTION('',(-0.,-1.,0.));
#6973 = ADVANCED_FACE('',(#6974),#6985,.F.);
#6974 = FACE_BOUND('',#6975,.T.);
#6975 = EDGE_LOOP('',(#6976,#6977,#6983,#6984));
#6976 = ORIENTED_EDGE('',*,*,#3982,.T.);
#6977 = ORIENTED_EDGE('',*,*,#6978,.T.);
#6978 = EDGE_CURVE('',#3983,#5177,#6979,.T.);
#6979 = LINE('',#6980,#6981);
#6980 = CARTESIAN_POINT('',(153.5,-49.345,-4.6E-02));
#6981 = VECTOR('',#6982,1.);
#6982 = DIRECTION('',(0.,0.,1.));
#6983 = ORIENTED_EDGE('',*,*,#5176,.F.);
#6984 = ORIENTED_EDGE('',*,*,#6978,.F.);
#6985 = CYLINDRICAL_SURFACE('',#6986,0.555);
#6986 = AXIS2_PLACEMENT_3D('',#6987,#6988,#6989);
#6987 = CARTESIAN_POINT('',(153.5,-48.79,-4.6E-02));
#6988 = DIRECTION('',(-0.,-0.,-1.));
#6989 = DIRECTION('',(-0.,-1.,0.));
#6990 = ADVANCED_FACE('',(#6991),#7002,.F.);
#6991 = FACE_BOUND('',#6992,.T.);
#6992 = EDGE_LOOP('',(#6993,#6994,#7000,#7001));
#6993 = ORIENTED_EDGE('',*,*,#3993,.T.);
#6994 = ORIENTED_EDGE('',*,*,#6995,.T.);
#6995 = EDGE_CURVE('',#3994,#5188,#6996,.T.);
#6996 = LINE('',#6997,#6998);
#6997 = CARTESIAN_POINT('',(159.75,-52.9,-4.6E-02));
#6998 = VECTOR('',#6999,1.);
#6999 = DIRECTION('',(0.,0.,1.));
#7000 = ORIENTED_EDGE('',*,*,#5187,.F.);
#7001 = ORIENTED_EDGE('',*,*,#6995,.F.);
#7002 = CYLINDRICAL_SURFACE('',#7003,0.4);
#7003 = AXIS2_PLACEMENT_3D('',#7004,#7005,#7006);
#7004 = CARTESIAN_POINT('',(159.75,-52.5,-4.6E-02));
#7005 = DIRECTION('',(-0.,-0.,-1.));
#7006 = DIRECTION('',(-0.,-1.,0.));
#7007 = ADVANCED_FACE('',(#7008),#7019,.F.);
#7008 = FACE_BOUND('',#7009,.T.);
#7009 = EDGE_LOOP('',(#7010,#7011,#7017,#7018));
#7010 = ORIENTED_EDGE('',*,*,#4004,.T.);
#7011 = ORIENTED_EDGE('',*,*,#7012,.T.);
#7012 = EDGE_CURVE('',#4005,#5199,#7013,.T.);
#7013 = LINE('',#7014,#7015);
#7014 = CARTESIAN_POINT('',(153.5,-46.805,-4.6E-02));
#7015 = VECTOR('',#7016,1.);
#7016 = DIRECTION('',(0.,0.,1.));
#7017 = ORIENTED_EDGE('',*,*,#5198,.F.);
#7018 = ORIENTED_EDGE('',*,*,#7012,.F.);
#7019 = CYLINDRICAL_SURFACE('',#7020,0.555);
#7020 = AXIS2_PLACEMENT_3D('',#7021,#7022,#7023);
#7021 = CARTESIAN_POINT('',(153.5,-46.25,-4.6E-02));
#7022 = DIRECTION('',(-0.,-0.,-1.));
#7023 = DIRECTION('',(-0.,-1.,0.));
#7024 = ADVANCED_FACE('',(#7025),#7036,.F.);
#7025 = FACE_BOUND('',#7026,.T.);
#7026 = EDGE_LOOP('',(#7027,#7028,#7034,#7035));
#7027 = ORIENTED_EDGE('',*,*,#4015,.T.);
#7028 = ORIENTED_EDGE('',*,*,#7029,.T.);
#7029 = EDGE_CURVE('',#4016,#5210,#7030,.T.);
#7030 = LINE('',#7031,#7032);
#7031 = CARTESIAN_POINT('',(149.,-45.650011,-4.6E-02));
#7032 = VECTOR('',#7033,1.);
#7033 = DIRECTION('',(0.,0.,1.));
#7034 = ORIENTED_EDGE('',*,*,#5209,.F.);
#7035 = ORIENTED_EDGE('',*,*,#7029,.F.);
#7036 = CYLINDRICAL_SURFACE('',#7037,0.650011);
#7037 = AXIS2_PLACEMENT_3D('',#7038,#7039,#7040);
#7038 = CARTESIAN_POINT('',(149.,-45.,-4.6E-02));
#7039 = DIRECTION('',(-0.,-0.,-1.));
#7040 = DIRECTION('',(-0.,-1.,0.));
#7041 = ADVANCED_FACE('',(#7042),#7053,.F.);
#7042 = FACE_BOUND('',#7043,.T.);
#7043 = EDGE_LOOP('',(#7044,#7045,#7051,#7052));
#7044 = ORIENTED_EDGE('',*,*,#4026,.T.);
#7045 = ORIENTED_EDGE('',*,*,#7046,.T.);
#7046 = EDGE_CURVE('',#4027,#5221,#7047,.T.);
#7047 = LINE('',#7048,#7049);
#7048 = CARTESIAN_POINT('',(153.5,-44.265,-4.6E-02));
#7049 = VECTOR('',#7050,1.);
#7050 = DIRECTION('',(0.,0.,1.));
#7051 = ORIENTED_EDGE('',*,*,#5220,.F.);
#7052 = ORIENTED_EDGE('',*,*,#7046,.F.);
#7053 = CYLINDRICAL_SURFACE('',#7054,0.555);
#7054 = AXIS2_PLACEMENT_3D('',#7055,#7056,#7057);
#7055 = CARTESIAN_POINT('',(153.5,-43.71,-4.6E-02));
#7056 = DIRECTION('',(-0.,-0.,-1.));
#7057 = DIRECTION('',(-0.,-1.,0.));
#7058 = ADVANCED_FACE('',(#7059),#7070,.F.);
#7059 = FACE_BOUND('',#7060,.T.);
#7060 = EDGE_LOOP('',(#7061,#7062,#7068,#7069));
#7061 = ORIENTED_EDGE('',*,*,#4037,.T.);
#7062 = ORIENTED_EDGE('',*,*,#7063,.T.);
#7063 = EDGE_CURVE('',#4038,#5232,#7064,.T.);
#7064 = LINE('',#7065,#7066);
#7065 = CARTESIAN_POINT('',(169.,-46.35,-4.6E-02));
#7066 = VECTOR('',#7067,1.);
#7067 = DIRECTION('',(0.,0.,1.));
#7068 = ORIENTED_EDGE('',*,*,#5231,.F.);
#7069 = ORIENTED_EDGE('',*,*,#7063,.F.);
#7070 = CYLINDRICAL_SURFACE('',#7071,1.6);
#7071 = AXIS2_PLACEMENT_3D('',#7072,#7073,#7074);
#7072 = CARTESIAN_POINT('',(169.,-44.75,-4.6E-02));
#7073 = DIRECTION('',(-0.,-0.,-1.));
#7074 = DIRECTION('',(-0.,-1.,0.));
#7075 = ( GEOMETRIC_REPRESENTATION_CONTEXT(3) 
GLOBAL_UNCERTAINTY_ASSIGNED_CONTEXT((#7079)) 
GLOBAL_UNIT_ASSIGNED_CONTEXT((#7076,#7077,#7078)) REPRESENTATION_CONTEXT
('Context #1','3D Context with UNIT and UNCERTAINTY') );
#7076 = ( LENGTH_UNIT() NAMED_UNIT(*) SI_UNIT(.MILLI.,.METRE.) );
#7077 = ( NAMED_UNIT(*) PLANE_ANGLE_UNIT() SI_UNIT($,.RADIAN.) );
#7078 = ( NAMED_UNIT(*) SI_UNIT($,.STERADIAN.) SOLID_ANGLE_UNIT() );
#7079 = UNCERTAINTY_MEASURE_WITH_UNIT(LENGTH_MEASURE(1.E-07),#7076,
  'distance_accuracy_value','confusion accuracy');
#7080 = CONTEXT_DEPENDENT_SHAPE_REPRESENTATION(#7081,#7083);
#7081 = ( REPRESENTATION_RELATIONSHIP('','',#2751,#10) 
REPRESENTATION_RELATIONSHIP_WITH_TRANSFORMATION(#7082) 
SHAPE_REPRESENTATION_RELATIONSHIP() );
#7082 = ITEM_DEFINED_TRANSFORMATION('','',#11,#63);
#7083 = PRODUCT_DEFINITION_SHAPE('Placement','Placement of an item',
  #7084);
#7084 = NEXT_ASSEMBLY_USAGE_OCCURRENCE('18','=>[0:1:1:12]','',#5,#2746,$
  );
#7085 = PRODUCT_RELATED_PRODUCT_CATEGORY('part',$,(#2748));
#7086 = MECHANICAL_DESIGN_GEOMETRIC_PRESENTATION_REPRESENTATION('',(
    #7087,#7095,#7102,#7109,#7116,#7123,#7130,#7137,#7144,#7151,#7158,
    #7165,#7172,#7179,#7187,#7194,#7201,#7208,#7215,#7222),#1430);
#7087 = STYLED_ITEM('color',(#7088),#935);
#7088 = PRESENTATION_STYLE_ASSIGNMENT((#7089));
#7089 = SURFACE_STYLE_USAGE(.BOTH.,#7090);
#7090 = SURFACE_SIDE_STYLE('',(#7091));
#7091 = SURFACE_STYLE_FILL_AREA(#7092);
#7092 = FILL_AREA_STYLE('',(#7093));
#7093 = FILL_AREA_STYLE_COLOUR('',#7094);
#7094 = COLOUR_RGB('',0.399999997426,0.399999997426,0.399999997426);
#7095 = STYLED_ITEM('color',(#7096),#952);
#7096 = PRESENTATION_STYLE_ASSIGNMENT((#7097));
#7097 = SURFACE_STYLE_USAGE(.BOTH.,#7098);
#7098 = SURFACE_SIDE_STYLE('',(#7099));
#7099 = SURFACE_STYLE_FILL_AREA(#7100);
#7100 = FILL_AREA_STYLE('',(#7101));
#7101 = FILL_AREA_STYLE_COLOUR('',#7094);
#7102 = STYLED_ITEM('color',(#7103),#982);
#7103 = PRESENTATION_STYLE_ASSIGNMENT((#7104));
#7104 = SURFACE_STYLE_USAGE(.BOTH.,#7105);
#7105 = SURFACE_SIDE_STYLE('',(#7106));
#7106 = SURFACE_STYLE_FILL_AREA(#7107);
#7107 = FILL_AREA_STYLE('',(#7108));
#7108 = FILL_AREA_STYLE_COLOUR('',#7094);
#7109 = STYLED_ITEM('color',(#7110),#1007);
#7110 = PRESENTATION_STYLE_ASSIGNMENT((#7111));
#7111 = SURFACE_STYLE_USAGE(.BOTH.,#7112);
#7112 = SURFACE_SIDE_STYLE('',(#7113));
#7113 = SURFACE_STYLE_FILL_AREA(#7114);
#7114 = FILL_AREA_STYLE('',(#7115));
#7115 = FILL_AREA_STYLE_COLOUR('',#7094);
#7116 = STYLED_ITEM('color',(#7117),#1037);
#7117 = PRESENTATION_STYLE_ASSIGNMENT((#7118));
#7118 = SURFACE_STYLE_USAGE(.BOTH.,#7119);
#7119 = SURFACE_SIDE_STYLE('',(#7120));
#7120 = SURFACE_STYLE_FILL_AREA(#7121);
#7121 = FILL_AREA_STYLE('',(#7122));
#7122 = FILL_AREA_STYLE_COLOUR('',#7094);
#7123 = STYLED_ITEM('color',(#7124),#1080);
#7124 = PRESENTATION_STYLE_ASSIGNMENT((#7125));
#7125 = SURFACE_STYLE_USAGE(.BOTH.,#7126);
#7126 = SURFACE_SIDE_STYLE('',(#7127));
#7127 = SURFACE_STYLE_FILL_AREA(#7128);
#7128 = FILL_AREA_STYLE('',(#7129));
#7129 = FILL_AREA_STYLE_COLOUR('',#7094);
#7130 = STYLED_ITEM('color',(#7131),#1112);
#7131 = PRESENTATION_STYLE_ASSIGNMENT((#7132));
#7132 = SURFACE_STYLE_USAGE(.BOTH.,#7133);
#7133 = SURFACE_SIDE_STYLE('',(#7134));
#7134 = SURFACE_STYLE_FILL_AREA(#7135);
#7135 = FILL_AREA_STYLE('',(#7136));
#7136 = FILL_AREA_STYLE_COLOUR('',#7094);
#7137 = STYLED_ITEM('color',(#7138),#1143);
#7138 = PRESENTATION_STYLE_ASSIGNMENT((#7139));
#7139 = SURFACE_STYLE_USAGE(.BOTH.,#7140);
#7140 = SURFACE_SIDE_STYLE('',(#7141));
#7141 = SURFACE_STYLE_FILL_AREA(#7142);
#7142 = FILL_AREA_STYLE('',(#7143));
#7143 = FILL_AREA_STYLE_COLOUR('',#7094);
#7144 = STYLED_ITEM('color',(#7145),#1168);
#7145 = PRESENTATION_STYLE_ASSIGNMENT((#7146));
#7146 = SURFACE_STYLE_USAGE(.BOTH.,#7147);
#7147 = SURFACE_SIDE_STYLE('',(#7148));
#7148 = SURFACE_STYLE_FILL_AREA(#7149);
#7149 = FILL_AREA_STYLE('',(#7150));
#7150 = FILL_AREA_STYLE_COLOUR('',#7094);
#7151 = STYLED_ITEM('color',(#7152),#1233);
#7152 = PRESENTATION_STYLE_ASSIGNMENT((#7153));
#7153 = SURFACE_STYLE_USAGE(.BOTH.,#7154);
#7154 = SURFACE_SIDE_STYLE('',(#7155));
#7155 = SURFACE_STYLE_FILL_AREA(#7156);
#7156 = FILL_AREA_STYLE('',(#7157));
#7157 = FILL_AREA_STYLE_COLOUR('',#7094);
#7158 = STYLED_ITEM('color',(#7159),#1257);
#7159 = PRESENTATION_STYLE_ASSIGNMENT((#7160));
#7160 = SURFACE_STYLE_USAGE(.BOTH.,#7161);
#7161 = SURFACE_SIDE_STYLE('',(#7162));
#7162 = SURFACE_STYLE_FILL_AREA(#7163);
#7163 = FILL_AREA_STYLE('',(#7164));
#7164 = FILL_AREA_STYLE_COLOUR('',#7094);
#7165 = STYLED_ITEM('color',(#7166),#1281);
#7166 = PRESENTATION_STYLE_ASSIGNMENT((#7167));
#7167 = SURFACE_STYLE_USAGE(.BOTH.,#7168);
#7168 = SURFACE_SIDE_STYLE('',(#7169));
#7169 = SURFACE_STYLE_FILL_AREA(#7170);
#7170 = FILL_AREA_STYLE('',(#7171));
#7171 = FILL_AREA_STYLE_COLOUR('',#7094);
#7172 = STYLED_ITEM('color',(#7173),#1298);
#7173 = PRESENTATION_STYLE_ASSIGNMENT((#7174));
#7174 = SURFACE_STYLE_USAGE(.BOTH.,#7175);
#7175 = SURFACE_SIDE_STYLE('',(#7176));
#7176 = SURFACE_STYLE_FILL_AREA(#7177);
#7177 = FILL_AREA_STYLE('',(#7178));
#7178 = FILL_AREA_STYLE_COLOUR('',#7094);
#7179 = STYLED_ITEM('color',(#7180),#1316);
#7180 = PRESENTATION_STYLE_ASSIGNMENT((#7181));
#7181 = SURFACE_STYLE_USAGE(.BOTH.,#7182);
#7182 = SURFACE_SIDE_STYLE('',(#7183));
#7183 = SURFACE_STYLE_FILL_AREA(#7184);
#7184 = FILL_AREA_STYLE('',(#7185));
#7185 = FILL_AREA_STYLE_COLOUR('',#7186);
#7186 = COLOUR_RGB('',0.859000020776,0.737999965183,0.495999988746);
#7187 = STYLED_ITEM('color',(#7188),#1341);
#7188 = PRESENTATION_STYLE_ASSIGNMENT((#7189));
#7189 = SURFACE_STYLE_USAGE(.BOTH.,#7190);
#7190 = SURFACE_SIDE_STYLE('',(#7191));
#7191 = SURFACE_STYLE_FILL_AREA(#7192);
#7192 = FILL_AREA_STYLE('',(#7193));
#7193 = FILL_AREA_STYLE_COLOUR('',#7186);
#7194 = STYLED_ITEM('color',(#7195),#1366);
#7195 = PRESENTATION_STYLE_ASSIGNMENT((#7196));
#7196 = SURFACE_STYLE_USAGE(.BOTH.,#7197);
#7197 = SURFACE_SIDE_STYLE('',(#7198));
#7198 = SURFACE_STYLE_FILL_AREA(#7199);
#7199 = FILL_AREA_STYLE('',(#7200));
#7200 = FILL_AREA_STYLE_COLOUR('',#7186);
#7201 = STYLED_ITEM('color',(#7202),#1391);
#7202 = PRESENTATION_STYLE_ASSIGNMENT((#7203));
#7203 = SURFACE_STYLE_USAGE(.BOTH.,#7204);
#7204 = SURFACE_SIDE_STYLE('',(#7205));
#7205 = SURFACE_STYLE_FILL_AREA(#7206);
#7206 = FILL_AREA_STYLE('',(#7207));
#7207 = FILL_AREA_STYLE_COLOUR('',#7094);
#7208 = STYLED_ITEM('color',(#7209),#1403);
#7209 = PRESENTATION_STYLE_ASSIGNMENT((#7210));
#7210 = SURFACE_STYLE_USAGE(.BOTH.,#7211);
#7211 = SURFACE_SIDE_STYLE('',(#7212));
#7212 = SURFACE_STYLE_FILL_AREA(#7213);
#7213 = FILL_AREA_STYLE('',(#7214));
#7214 = FILL_AREA_STYLE_COLOUR('',#7186);
#7215 = STYLED_ITEM('color',(#7216),#1412);
#7216 = PRESENTATION_STYLE_ASSIGNMENT((#7217));
#7217 = SURFACE_STYLE_USAGE(.BOTH.,#7218);
#7218 = SURFACE_SIDE_STYLE('',(#7219));
#7219 = SURFACE_STYLE_FILL_AREA(#7220);
#7220 = FILL_AREA_STYLE('',(#7221));
#7221 = FILL_AREA_STYLE_COLOUR('',#7186);
#7222 = STYLED_ITEM('color',(#7223),#1421);
#7223 = PRESENTATION_STYLE_ASSIGNMENT((#7224));
#7224 = SURFACE_STYLE_USAGE(.BOTH.,#7225);
#7225 = SURFACE_SIDE_STYLE('',(#7226));
#7226 = SURFACE_STYLE_FILL_AREA(#7227);
#7227 = FILL_AREA_STYLE('',(#7228));
#7228 = FILL_AREA_STYLE_COLOUR('',#7186);
#7229 = MECHANICAL_DESIGN_GEOMETRIC_PRESENTATION_REPRESENTATION('',(
    #7230,#7238,#7245,#7252,#7259,#7266,#7273,#7280,#7288,#7295,#7302,
    #7309,#7316,#7323,#7330),#886);
#7230 = STYLED_ITEM('color',(#7231),#535);
#7231 = PRESENTATION_STYLE_ASSIGNMENT((#7232));
#7232 = SURFACE_STYLE_USAGE(.BOTH.,#7233);
#7233 = SURFACE_SIDE_STYLE('',(#7234));
#7234 = SURFACE_STYLE_FILL_AREA(#7235);
#7235 = FILL_AREA_STYLE('',(#7236));
#7236 = FILL_AREA_STYLE_COLOUR('',#7237);
#7237 = COLOUR_RGB('',0.83137256512,0.678431390124,6.274510072825E-02);
#7238 = STYLED_ITEM('color',(#7239),#568);
#7239 = PRESENTATION_STYLE_ASSIGNMENT((#7240));
#7240 = SURFACE_STYLE_USAGE(.BOTH.,#7241);
#7241 = SURFACE_SIDE_STYLE('',(#7242));
#7242 = SURFACE_STYLE_FILL_AREA(#7243);
#7243 = FILL_AREA_STYLE('',(#7244));
#7244 = FILL_AREA_STYLE_COLOUR('',#7237);
#7245 = STYLED_ITEM('color',(#7246),#588);
#7246 = PRESENTATION_STYLE_ASSIGNMENT((#7247));
#7247 = SURFACE_STYLE_USAGE(.BOTH.,#7248);
#7248 = SURFACE_SIDE_STYLE('',(#7249));
#7249 = SURFACE_STYLE_FILL_AREA(#7250);
#7250 = FILL_AREA_STYLE('',(#7251));
#7251 = FILL_AREA_STYLE_COLOUR('',#7237);
#7252 = STYLED_ITEM('color',(#7253),#608);
#7253 = PRESENTATION_STYLE_ASSIGNMENT((#7254));
#7254 = SURFACE_STYLE_USAGE(.BOTH.,#7255);
#7255 = SURFACE_SIDE_STYLE('',(#7256));
#7256 = SURFACE_STYLE_FILL_AREA(#7257);
#7257 = FILL_AREA_STYLE('',(#7258));
#7258 = FILL_AREA_STYLE_COLOUR('',#7237);
#7259 = STYLED_ITEM('color',(#7260),#633);
#7260 = PRESENTATION_STYLE_ASSIGNMENT((#7261));
#7261 = SURFACE_STYLE_USAGE(.BOTH.,#7262);
#7262 = SURFACE_SIDE_STYLE('',(#7263));
#7263 = SURFACE_STYLE_FILL_AREA(#7264);
#7264 = FILL_AREA_STYLE('',(#7265));
#7265 = FILL_AREA_STYLE_COLOUR('',#7237);
#7266 = STYLED_ITEM('color',(#7267),#658);
#7267 = PRESENTATION_STYLE_ASSIGNMENT((#7268));
#7268 = SURFACE_STYLE_USAGE(.BOTH.,#7269);
#7269 = SURFACE_SIDE_STYLE('',(#7270));
#7270 = SURFACE_STYLE_FILL_AREA(#7271);
#7271 = FILL_AREA_STYLE('',(#7272));
#7272 = FILL_AREA_STYLE_COLOUR('',#7237);
#7273 = STYLED_ITEM('color',(#7274),#678);
#7274 = PRESENTATION_STYLE_ASSIGNMENT((#7275));
#7275 = SURFACE_STYLE_USAGE(.BOTH.,#7276);
#7276 = SURFACE_SIDE_STYLE('',(#7277));
#7277 = SURFACE_STYLE_FILL_AREA(#7278);
#7278 = FILL_AREA_STYLE('',(#7279));
#7279 = FILL_AREA_STYLE_COLOUR('',#7237);
#7280 = STYLED_ITEM('color',(#7281),#698);
#7281 = PRESENTATION_STYLE_ASSIGNMENT((#7282));
#7282 = SURFACE_STYLE_USAGE(.BOTH.,#7283);
#7283 = SURFACE_SIDE_STYLE('',(#7284));
#7284 = SURFACE_STYLE_FILL_AREA(#7285);
#7285 = FILL_AREA_STYLE('',(#7286));
#7286 = FILL_AREA_STYLE_COLOUR('',#7287);
#7287 = COLOUR_RGB('',0.823529417451,0.819607860991,0.780392170416);
#7288 = STYLED_ITEM('color',(#7289),#732);
#7289 = PRESENTATION_STYLE_ASSIGNMENT((#7290));
#7290 = SURFACE_STYLE_USAGE(.BOTH.,#7291);
#7291 = SURFACE_SIDE_STYLE('',(#7292));
#7292 = SURFACE_STYLE_FILL_AREA(#7293);
#7293 = FILL_AREA_STYLE('',(#7294));
#7294 = FILL_AREA_STYLE_COLOUR('',#7287);
#7295 = STYLED_ITEM('color',(#7296),#757);
#7296 = PRESENTATION_STYLE_ASSIGNMENT((#7297));
#7297 = SURFACE_STYLE_USAGE(.BOTH.,#7298);
#7298 = SURFACE_SIDE_STYLE('',(#7299));
#7299 = SURFACE_STYLE_FILL_AREA(#7300);
#7300 = FILL_AREA_STYLE('',(#7301));
#7301 = FILL_AREA_STYLE_COLOUR('',#7287);
#7302 = STYLED_ITEM('color',(#7303),#788);
#7303 = PRESENTATION_STYLE_ASSIGNMENT((#7304));
#7304 = SURFACE_STYLE_USAGE(.BOTH.,#7305);
#7305 = SURFACE_SIDE_STYLE('',(#7306));
#7306 = SURFACE_STYLE_FILL_AREA(#7307);
#7307 = FILL_AREA_STYLE('',(#7308));
#7308 = FILL_AREA_STYLE_COLOUR('',#7287);
#7309 = STYLED_ITEM('color',(#7310),#818);
#7310 = PRESENTATION_STYLE_ASSIGNMENT((#7311));
#7311 = SURFACE_STYLE_USAGE(.BOTH.,#7312);
#7312 = SURFACE_SIDE_STYLE('',(#7313));
#7313 = SURFACE_STYLE_FILL_AREA(#7314);
#7314 = FILL_AREA_STYLE('',(#7315));
#7315 = FILL_AREA_STYLE_COLOUR('',#7287);
#7316 = STYLED_ITEM('color',(#7317),#843);
#7317 = PRESENTATION_STYLE_ASSIGNMENT((#7318));
#7318 = SURFACE_STYLE_USAGE(.BOTH.,#7319);
#7319 = SURFACE_SIDE_STYLE('',(#7320));
#7320 = SURFACE_STYLE_FILL_AREA(#7321);
#7321 = FILL_AREA_STYLE('',(#7322));
#7322 = FILL_AREA_STYLE_COLOUR('',#7287);
#7323 = STYLED_ITEM('color',(#7324),#868);
#7324 = PRESENTATION_STYLE_ASSIGNMENT((#7325));
#7325 = SURFACE_STYLE_USAGE(.BOTH.,#7326);
#7326 = SURFACE_SIDE_STYLE('',(#7327));
#7327 = SURFACE_STYLE_FILL_AREA(#7328);
#7328 = FILL_AREA_STYLE('',(#7329));
#7329 = FILL_AREA_STYLE_COLOUR('',#7287);
#7330 = STYLED_ITEM('color',(#7331),#877);
#7331 = PRESENTATION_STYLE_ASSIGNMENT((#7332));
#7332 = SURFACE_STYLE_USAGE(.BOTH.,#7333);
#7333 = SURFACE_SIDE_STYLE('',(#7334));
#7334 = SURFACE_STYLE_FILL_AREA(#7335);
#7335 = FILL_AREA_STYLE('',(#7336));
#7336 = FILL_AREA_STYLE_COLOUR('',#7287);
#7337 = MECHANICAL_DESIGN_GEOMETRIC_PRESENTATION_REPRESENTATION('',(
    #7338,#7346,#7353,#7360,#7368,#7375,#7382,#7389,#7397,#7404,#7411,
    #7418,#7425,#7432,#7439),#2723);
#7338 = STYLED_ITEM('color',(#7339),#2390);
#7339 = PRESENTATION_STYLE_ASSIGNMENT((#7340));
#7340 = SURFACE_STYLE_USAGE(.BOTH.,#7341);
#7341 = SURFACE_SIDE_STYLE('',(#7342));
#7342 = SURFACE_STYLE_FILL_AREA(#7343);
#7343 = FILL_AREA_STYLE('',(#7344));
#7344 = FILL_AREA_STYLE_COLOUR('',#7345);
#7345 = COLOUR_RGB('',0.894999966383,0.890999961016,0.813000030345);
#7346 = STYLED_ITEM('color',(#7347),#2423);
#7347 = PRESENTATION_STYLE_ASSIGNMENT((#7348));
#7348 = SURFACE_STYLE_USAGE(.BOTH.,#7349);
#7349 = SURFACE_SIDE_STYLE('',(#7350));
#7350 = SURFACE_STYLE_FILL_AREA(#7351);
#7351 = FILL_AREA_STYLE('',(#7352));
#7352 = FILL_AREA_STYLE_COLOUR('',#7345);
#7353 = STYLED_ITEM('color',(#7354),#2443);
#7354 = PRESENTATION_STYLE_ASSIGNMENT((#7355));
#7355 = SURFACE_STYLE_USAGE(.BOTH.,#7356);
#7356 = SURFACE_SIDE_STYLE('',(#7357));
#7357 = SURFACE_STYLE_FILL_AREA(#7358);
#7358 = FILL_AREA_STYLE('',(#7359));
#7359 = FILL_AREA_STYLE_COLOUR('',#7345);
#7360 = STYLED_ITEM('color',(#7361),#2463);
#7361 = PRESENTATION_STYLE_ASSIGNMENT((#7362));
#7362 = SURFACE_STYLE_USAGE(.BOTH.,#7363);
#7363 = SURFACE_SIDE_STYLE('',(#7364));
#7364 = SURFACE_STYLE_FILL_AREA(#7365);
#7365 = FILL_AREA_STYLE('',(#7366));
#7366 = FILL_AREA_STYLE_COLOUR('',#7367);
#7367 = COLOUR_RGB('',0.147999998088,0.144999993226,0.144999993226);
#7368 = STYLED_ITEM('color',(#7369),#2488);
#7369 = PRESENTATION_STYLE_ASSIGNMENT((#7370));
#7370 = SURFACE_STYLE_USAGE(.BOTH.,#7371);
#7371 = SURFACE_SIDE_STYLE('',(#7372));
#7372 = SURFACE_STYLE_FILL_AREA(#7373);
#7373 = FILL_AREA_STYLE('',(#7374));
#7374 = FILL_AREA_STYLE_COLOUR('',#7367);
#7375 = STYLED_ITEM('color',(#7376),#2513);
#7376 = PRESENTATION_STYLE_ASSIGNMENT((#7377));
#7377 = SURFACE_STYLE_USAGE(.BOTH.,#7378);
#7378 = SURFACE_SIDE_STYLE('',(#7379));
#7379 = SURFACE_STYLE_FILL_AREA(#7380);
#7380 = FILL_AREA_STYLE('',(#7381));
#7381 = FILL_AREA_STYLE_COLOUR('',#7367);
#7382 = STYLED_ITEM('color',(#7383),#2533);
#7383 = PRESENTATION_STYLE_ASSIGNMENT((#7384));
#7384 = SURFACE_STYLE_USAGE(.BOTH.,#7385);
#7385 = SURFACE_SIDE_STYLE('',(#7386));
#7386 = SURFACE_STYLE_FILL_AREA(#7387);
#7387 = FILL_AREA_STYLE('',(#7388));
#7388 = FILL_AREA_STYLE_COLOUR('',#7367);
#7389 = STYLED_ITEM('color',(#7390),#2553);
#7390 = PRESENTATION_STYLE_ASSIGNMENT((#7391));
#7391 = SURFACE_STYLE_USAGE(.BOTH.,#7392);
#7392 = SURFACE_SIDE_STYLE('',(#7393));
#7393 = SURFACE_STYLE_FILL_AREA(#7394);
#7394 = FILL_AREA_STYLE('',(#7395));
#7395 = FILL_AREA_STYLE_COLOUR('',#7396);
#7396 = COLOUR_RGB('',0.823999987314,0.819999987296,0.781000009244);
#7397 = STYLED_ITEM('color',(#7398),#2578);
#7398 = PRESENTATION_STYLE_ASSIGNMENT((#7399));
#7399 = SURFACE_STYLE_USAGE(.BOTH.,#7400);
#7400 = SURFACE_SIDE_STYLE('',(#7401));
#7401 = SURFACE_STYLE_FILL_AREA(#7402);
#7402 = FILL_AREA_STYLE('',(#7403));
#7403 = FILL_AREA_STYLE_COLOUR('',#7396);
#7404 = STYLED_ITEM('color',(#7405),#2603);
#7405 = PRESENTATION_STYLE_ASSIGNMENT((#7406));
#7406 = SURFACE_STYLE_USAGE(.BOTH.,#7407);
#7407 = SURFACE_SIDE_STYLE('',(#7408));
#7408 = SURFACE_STYLE_FILL_AREA(#7409);
#7409 = FILL_AREA_STYLE('',(#7410));
#7410 = FILL_AREA_STYLE_COLOUR('',#7396);
#7411 = STYLED_ITEM('color',(#7412),#2629);
#7412 = PRESENTATION_STYLE_ASSIGNMENT((#7413));
#7413 = SURFACE_STYLE_USAGE(.BOTH.,#7414);
#7414 = SURFACE_SIDE_STYLE('',(#7415));
#7415 = SURFACE_STYLE_FILL_AREA(#7416);
#7416 = FILL_AREA_STYLE('',(#7417));
#7417 = FILL_AREA_STYLE_COLOUR('',#7396);
#7418 = STYLED_ITEM('color',(#7419),#2655);
#7419 = PRESENTATION_STYLE_ASSIGNMENT((#7420));
#7420 = SURFACE_STYLE_USAGE(.BOTH.,#7421);
#7421 = SURFACE_SIDE_STYLE('',(#7422));
#7422 = SURFACE_STYLE_FILL_AREA(#7423);
#7423 = FILL_AREA_STYLE('',(#7424));
#7424 = FILL_AREA_STYLE_COLOUR('',#7396);
#7425 = STYLED_ITEM('color',(#7426),#2680);
#7426 = PRESENTATION_STYLE_ASSIGNMENT((#7427));
#7427 = SURFACE_STYLE_USAGE(.BOTH.,#7428);
#7428 = SURFACE_SIDE_STYLE('',(#7429));
#7429 = SURFACE_STYLE_FILL_AREA(#7430);
#7430 = FILL_AREA_STYLE('',(#7431));
#7431 = FILL_AREA_STYLE_COLOUR('',#7396);
#7432 = STYLED_ITEM('color',(#7433),#2705);
#7433 = PRESENTATION_STYLE_ASSIGNMENT((#7434));
#7434 = SURFACE_STYLE_USAGE(.BOTH.,#7435);
#7435 = SURFACE_SIDE_STYLE('',(#7436));
#7436 = SURFACE_STYLE_FILL_AREA(#7437);
#7437 = FILL_AREA_STYLE('',(#7438));
#7438 = FILL_AREA_STYLE_COLOUR('',#7396);
#7439 = STYLED_ITEM('color',(#7440),#2714);
#7440 = PRESENTATION_STYLE_ASSIGNMENT((#7441));
#7441 = SURFACE_STYLE_USAGE(.BOTH.,#7442);
#7442 = SURFACE_SIDE_STYLE('',(#7443));
#7443 = SURFACE_STYLE_FILL_AREA(#7444);
#7444 = FILL_AREA_STYLE('',(#7445));
#7445 = FILL_AREA_STYLE_COLOUR('',#7396);
#7446 = MECHANICAL_DESIGN_GEOMETRIC_PRESENTATION_REPRESENTATION('',(
    #7447),#7075);
#7447 = STYLED_ITEM('color',(#7448),#2752);
#7448 = PRESENTATION_STYLE_ASSIGNMENT((#7449));
#7449 = SURFACE_STYLE_USAGE(.BOTH.,#7450);
#7450 = SURFACE_SIDE_STYLE('',(#7451));
#7451 = SURFACE_STYLE_FILL_AREA(#7452);
#7452 = FILL_AREA_STYLE('',(#7453));
#7453 = FILL_AREA_STYLE_COLOUR('',#7454);
#7454 = COLOUR_RGB('',0.313304153717,0.484529207832,0.410020903123);
#7455 = MECHANICAL_DESIGN_GEOMETRIC_PRESENTATION_REPRESENTATION('',(
    #7456,#7463,#7470,#7477,#7484,#7491,#7498,#7505,#7512,#7519,#7526,
    #7534,#7541,#7548,#7555,#7562,#7569,#7576,#7583,#7590,#7597,#7604,
    #7611,#7618,#7625,#7632,#7639,#7646),#2341);
#7456 = STYLED_ITEM('color',(#7457),#1489);
#7457 = PRESENTATION_STYLE_ASSIGNMENT((#7458));
#7458 = SURFACE_STYLE_USAGE(.BOTH.,#7459);
#7459 = SURFACE_SIDE_STYLE('',(#7460));
#7460 = SURFACE_STYLE_FILL_AREA(#7461);
#7461 = FILL_AREA_STYLE('',(#7462));
#7462 = FILL_AREA_STYLE_COLOUR('',#7396);
#7463 = STYLED_ITEM('color',(#7464),#1565);
#7464 = PRESENTATION_STYLE_ASSIGNMENT((#7465));
#7465 = SURFACE_STYLE_USAGE(.BOTH.,#7466);
#7466 = SURFACE_SIDE_STYLE('',(#7467));
#7467 = SURFACE_STYLE_FILL_AREA(#7468);
#7468 = FILL_AREA_STYLE('',(#7469));
#7469 = FILL_AREA_STYLE_COLOUR('',#7396);
#7470 = STYLED_ITEM('color',(#7471),#1596);
#7471 = PRESENTATION_STYLE_ASSIGNMENT((#7472));
#7472 = SURFACE_STYLE_USAGE(.BOTH.,#7473);
#7473 = SURFACE_SIDE_STYLE('',(#7474));
#7474 = SURFACE_STYLE_FILL_AREA(#7475);
#7475 = FILL_AREA_STYLE('',(#7476));
#7476 = FILL_AREA_STYLE_COLOUR('',#7396);
#7477 = STYLED_ITEM('color',(#7478),#1621);
#7478 = PRESENTATION_STYLE_ASSIGNMENT((#7479));
#7479 = SURFACE_STYLE_USAGE(.BOTH.,#7480);
#7480 = SURFACE_SIDE_STYLE('',(#7481));
#7481 = SURFACE_STYLE_FILL_AREA(#7482);
#7482 = FILL_AREA_STYLE('',(#7483));
#7483 = FILL_AREA_STYLE_COLOUR('',#7396);
#7484 = STYLED_ITEM('color',(#7485),#1646);
#7485 = PRESENTATION_STYLE_ASSIGNMENT((#7486));
#7486 = SURFACE_STYLE_USAGE(.BOTH.,#7487);
#7487 = SURFACE_SIDE_STYLE('',(#7488));
#7488 = SURFACE_STYLE_FILL_AREA(#7489);
#7489 = FILL_AREA_STYLE('',(#7490));
#7490 = FILL_AREA_STYLE_COLOUR('',#7396);
#7491 = STYLED_ITEM('color',(#7492),#1670);
#7492 = PRESENTATION_STYLE_ASSIGNMENT((#7493));
#7493 = SURFACE_STYLE_USAGE(.BOTH.,#7494);
#7494 = SURFACE_SIDE_STYLE('',(#7495));
#7495 = SURFACE_STYLE_FILL_AREA(#7496);
#7496 = FILL_AREA_STYLE('',(#7497));
#7497 = FILL_AREA_STYLE_COLOUR('',#7396);
#7498 = STYLED_ITEM('color',(#7499),#1694);
#7499 = PRESENTATION_STYLE_ASSIGNMENT((#7500));
#7500 = SURFACE_STYLE_USAGE(.BOTH.,#7501);
#7501 = SURFACE_SIDE_STYLE('',(#7502));
#7502 = SURFACE_STYLE_FILL_AREA(#7503);
#7503 = FILL_AREA_STYLE('',(#7504));
#7504 = FILL_AREA_STYLE_COLOUR('',#7396);
#7505 = STYLED_ITEM('color',(#7506),#1719);
#7506 = PRESENTATION_STYLE_ASSIGNMENT((#7507));
#7507 = SURFACE_STYLE_USAGE(.BOTH.,#7508);
#7508 = SURFACE_SIDE_STYLE('',(#7509));
#7509 = SURFACE_STYLE_FILL_AREA(#7510);
#7510 = FILL_AREA_STYLE('',(#7511));
#7511 = FILL_AREA_STYLE_COLOUR('',#7396);
#7512 = STYLED_ITEM('color',(#7513),#1744);
#7513 = PRESENTATION_STYLE_ASSIGNMENT((#7514));
#7514 = SURFACE_STYLE_USAGE(.BOTH.,#7515);
#7515 = SURFACE_SIDE_STYLE('',(#7516));
#7516 = SURFACE_STYLE_FILL_AREA(#7517);
#7517 = FILL_AREA_STYLE('',(#7518));
#7518 = FILL_AREA_STYLE_COLOUR('',#7396);
#7519 = STYLED_ITEM('color',(#7520),#1761);
#7520 = PRESENTATION_STYLE_ASSIGNMENT((#7521));
#7521 = SURFACE_STYLE_USAGE(.BOTH.,#7522);
#7522 = SURFACE_SIDE_STYLE('',(#7523));
#7523 = SURFACE_STYLE_FILL_AREA(#7524);
#7524 = FILL_AREA_STYLE('',(#7525));
#7525 = FILL_AREA_STYLE_COLOUR('',#7396);
#7526 = STYLED_ITEM('color',(#7527),#1847);
#7527 = PRESENTATION_STYLE_ASSIGNMENT((#7528));
#7528 = SURFACE_STYLE_USAGE(.BOTH.,#7529);
#7529 = SURFACE_SIDE_STYLE('',(#7530));
#7530 = SURFACE_STYLE_FILL_AREA(#7531);
#7531 = FILL_AREA_STYLE('',(#7532));
#7532 = FILL_AREA_STYLE_COLOUR('',#7533);
#7533 = COLOUR_RGB('',0.379000005575,0.270000008848,0.214999999939);
#7534 = STYLED_ITEM('color',(#7535),#1879);
#7535 = PRESENTATION_STYLE_ASSIGNMENT((#7536));
#7536 = SURFACE_STYLE_USAGE(.BOTH.,#7537);
#7537 = SURFACE_SIDE_STYLE('',(#7538));
#7538 = SURFACE_STYLE_FILL_AREA(#7539);
#7539 = FILL_AREA_STYLE('',(#7540));
#7540 = FILL_AREA_STYLE_COLOUR('',#7533);
#7541 = STYLED_ITEM('color',(#7542),#1903);
#7542 = PRESENTATION_STYLE_ASSIGNMENT((#7543));
#7543 = SURFACE_STYLE_USAGE(.BOTH.,#7544);
#7544 = SURFACE_SIDE_STYLE('',(#7545));
#7545 = SURFACE_STYLE_FILL_AREA(#7546);
#7546 = FILL_AREA_STYLE('',(#7547));
#7547 = FILL_AREA_STYLE_COLOUR('',#7533);
#7548 = STYLED_ITEM('color',(#7549),#1928);
#7549 = PRESENTATION_STYLE_ASSIGNMENT((#7550));
#7550 = SURFACE_STYLE_USAGE(.BOTH.,#7551);
#7551 = SURFACE_SIDE_STYLE('',(#7552));
#7552 = SURFACE_STYLE_FILL_AREA(#7553);
#7553 = FILL_AREA_STYLE('',(#7554));
#7554 = FILL_AREA_STYLE_COLOUR('',#7533);
#7555 = STYLED_ITEM('color',(#7556),#1952);
#7556 = PRESENTATION_STYLE_ASSIGNMENT((#7557));
#7557 = SURFACE_STYLE_USAGE(.BOTH.,#7558);
#7558 = SURFACE_SIDE_STYLE('',(#7559));
#7559 = SURFACE_STYLE_FILL_AREA(#7560);
#7560 = FILL_AREA_STYLE('',(#7561));
#7561 = FILL_AREA_STYLE_COLOUR('',#7533);
#7562 = STYLED_ITEM('color',(#7563),#1977);
#7563 = PRESENTATION_STYLE_ASSIGNMENT((#7564));
#7564 = SURFACE_STYLE_USAGE(.BOTH.,#7565);
#7565 = SURFACE_SIDE_STYLE('',(#7566));
#7566 = SURFACE_STYLE_FILL_AREA(#7567);
#7567 = FILL_AREA_STYLE('',(#7568));
#7568 = FILL_AREA_STYLE_COLOUR('',#7533);
#7569 = STYLED_ITEM('color',(#7570),#2001);
#7570 = PRESENTATION_STYLE_ASSIGNMENT((#7571));
#7571 = SURFACE_STYLE_USAGE(.BOTH.,#7572);
#7572 = SURFACE_SIDE_STYLE('',(#7573));
#7573 = SURFACE_STYLE_FILL_AREA(#7574);
#7574 = FILL_AREA_STYLE('',(#7575));
#7575 = FILL_AREA_STYLE_COLOUR('',#7533);
#7576 = STYLED_ITEM('color',(#7577),#2026);
#7577 = PRESENTATION_STYLE_ASSIGNMENT((#7578));
#7578 = SURFACE_STYLE_USAGE(.BOTH.,#7579);
#7579 = SURFACE_SIDE_STYLE('',(#7580));
#7580 = SURFACE_STYLE_FILL_AREA(#7581);
#7581 = FILL_AREA_STYLE('',(#7582));
#7582 = FILL_AREA_STYLE_COLOUR('',#7533);
#7583 = STYLED_ITEM('color',(#7584),#2043);
#7584 = PRESENTATION_STYLE_ASSIGNMENT((#7585));
#7585 = SURFACE_STYLE_USAGE(.BOTH.,#7586);
#7586 = SURFACE_SIDE_STYLE('',(#7587));
#7587 = SURFACE_STYLE_FILL_AREA(#7588);
#7588 = FILL_AREA_STYLE('',(#7589));
#7589 = FILL_AREA_STYLE_COLOUR('',#7396);
#7590 = STYLED_ITEM('color',(#7591),#2129);
#7591 = PRESENTATION_STYLE_ASSIGNMENT((#7592));
#7592 = SURFACE_STYLE_USAGE(.BOTH.,#7593);
#7593 = SURFACE_SIDE_STYLE('',(#7594));
#7594 = SURFACE_STYLE_FILL_AREA(#7595);
#7595 = FILL_AREA_STYLE('',(#7596));
#7596 = FILL_AREA_STYLE_COLOUR('',#7396);
#7597 = STYLED_ITEM('color',(#7598),#2160);
#7598 = PRESENTATION_STYLE_ASSIGNMENT((#7599));
#7599 = SURFACE_STYLE_USAGE(.BOTH.,#7600);
#7600 = SURFACE_SIDE_STYLE('',(#7601));
#7601 = SURFACE_STYLE_FILL_AREA(#7602);
#7602 = FILL_AREA_STYLE('',(#7603));
#7603 = FILL_AREA_STYLE_COLOUR('',#7396);
#7604 = STYLED_ITEM('color',(#7605),#2185);
#7605 = PRESENTATION_STYLE_ASSIGNMENT((#7606));
#7606 = SURFACE_STYLE_USAGE(.BOTH.,#7607);
#7607 = SURFACE_SIDE_STYLE('',(#7608));
#7608 = SURFACE_STYLE_FILL_AREA(#7609);
#7609 = FILL_AREA_STYLE('',(#7610));
#7610 = FILL_AREA_STYLE_COLOUR('',#7396);
#7611 = STYLED_ITEM('color',(#7612),#2210);
#7612 = PRESENTATION_STYLE_ASSIGNMENT((#7613));
#7613 = SURFACE_STYLE_USAGE(.BOTH.,#7614);
#7614 = SURFACE_SIDE_STYLE('',(#7615));
#7615 = SURFACE_STYLE_FILL_AREA(#7616);
#7616 = FILL_AREA_STYLE('',(#7617));
#7617 = FILL_AREA_STYLE_COLOUR('',#7396);
#7618 = STYLED_ITEM('color',(#7619),#2234);
#7619 = PRESENTATION_STYLE_ASSIGNMENT((#7620));
#7620 = SURFACE_STYLE_USAGE(.BOTH.,#7621);
#7621 = SURFACE_SIDE_STYLE('',(#7622));
#7622 = SURFACE_STYLE_FILL_AREA(#7623);
#7623 = FILL_AREA_STYLE('',(#7624));
#7624 = FILL_AREA_STYLE_COLOUR('',#7396);
#7625 = STYLED_ITEM('color',(#7626),#2258);
#7626 = PRESENTATION_STYLE_ASSIGNMENT((#7627));
#7627 = SURFACE_STYLE_USAGE(.BOTH.,#7628);
#7628 = SURFACE_SIDE_STYLE('',(#7629));
#7629 = SURFACE_STYLE_FILL_AREA(#7630);
#7630 = FILL_AREA_STYLE('',(#7631));
#7631 = FILL_AREA_STYLE_COLOUR('',#7396);
#7632 = STYLED_ITEM('color',(#7633),#2283);
#7633 = PRESENTATION_STYLE_ASSIGNMENT((#7634));
#7634 = SURFACE_STYLE_USAGE(.BOTH.,#7635);
#7635 = SURFACE_SIDE_STYLE('',(#7636));
#7636 = SURFACE_STYLE_FILL_AREA(#7637);
#7637 = FILL_AREA_STYLE('',(#7638));
#7638 = FILL_AREA_STYLE_COLOUR('',#7396);
#7639 = STYLED_ITEM('color',(#7640),#2308);
#7640 = PRESENTATION_STYLE_ASSIGNMENT((#7641));
#7641 = SURFACE_STYLE_USAGE(.BOTH.,#7642);
#7642 = SURFACE_SIDE_STYLE('',(#7643));
#7643 = SURFACE_STYLE_FILL_AREA(#7644);
#7644 = FILL_AREA_STYLE('',(#7645));
#7645 = FILL_AREA_STYLE_COLOUR('',#7396);
#7646 = STYLED_ITEM('color',(#7647),#2325);
#7647 = PRESENTATION_STYLE_ASSIGNMENT((#7648));
#7648 = SURFACE_STYLE_USAGE(.BOTH.,#7649);
#7649 = SURFACE_SIDE_STYLE('',(#7650));
#7650 = SURFACE_STYLE_FILL_AREA(#7651);
#7651 = FILL_AREA_STYLE('',(#7652));
#7652 = FILL_AREA_STYLE_COLOUR('',#7396);
#7653 = MECHANICAL_DESIGN_GEOMETRIC_PRESENTATION_REPRESENTATION('',(
    #7654,#7662,#7669,#7676,#7683,#7690,#7697,#7704,#7711,#7718,#7725,
    #7732,#7739,#7746,#7753,#7760,#7767),#491);
#7654 = STYLED_ITEM('color',(#7655),#106);
#7655 = PRESENTATION_STYLE_ASSIGNMENT((#7656));
#7656 = SURFACE_STYLE_USAGE(.BOTH.,#7657);
#7657 = SURFACE_SIDE_STYLE('',(#7658));
#7658 = SURFACE_STYLE_FILL_AREA(#7659);
#7659 = FILL_AREA_STYLE('',(#7660));
#7660 = FILL_AREA_STYLE_COLOUR('',#7661);
#7661 = COLOUR_RGB('',0.883000012551,0.711000022565,0.492000011028);
#7662 = STYLED_ITEM('color',(#7663),#139);
#7663 = PRESENTATION_STYLE_ASSIGNMENT((#7664));
#7664 = SURFACE_STYLE_USAGE(.BOTH.,#7665);
#7665 = SURFACE_SIDE_STYLE('',(#7666));
#7666 = SURFACE_STYLE_FILL_AREA(#7667);
#7667 = FILL_AREA_STYLE('',(#7668));
#7668 = FILL_AREA_STYLE_COLOUR('',#7661);
#7669 = STYLED_ITEM('color',(#7670),#165);
#7670 = PRESENTATION_STYLE_ASSIGNMENT((#7671));
#7671 = SURFACE_STYLE_USAGE(.BOTH.,#7672);
#7672 = SURFACE_SIDE_STYLE('',(#7673));
#7673 = SURFACE_STYLE_FILL_AREA(#7674);
#7674 = FILL_AREA_STYLE('',(#7675));
#7675 = FILL_AREA_STYLE_COLOUR('',#7661);
#7676 = STYLED_ITEM('color',(#7677),#185);
#7677 = PRESENTATION_STYLE_ASSIGNMENT((#7678));
#7678 = SURFACE_STYLE_USAGE(.BOTH.,#7679);
#7679 = SURFACE_SIDE_STYLE('',(#7680));
#7680 = SURFACE_STYLE_FILL_AREA(#7681);
#7681 = FILL_AREA_STYLE('',(#7682));
#7682 = FILL_AREA_STYLE_COLOUR('',#7661);
#7683 = STYLED_ITEM('color',(#7684),#205);
#7684 = PRESENTATION_STYLE_ASSIGNMENT((#7685));
#7685 = SURFACE_STYLE_USAGE(.BOTH.,#7686);
#7686 = SURFACE_SIDE_STYLE('',(#7687));
#7687 = SURFACE_STYLE_FILL_AREA(#7688);
#7688 = FILL_AREA_STYLE('',(#7689));
#7689 = FILL_AREA_STYLE_COLOUR('',#7661);
#7690 = STYLED_ITEM('color',(#7691),#230);
#7691 = PRESENTATION_STYLE_ASSIGNMENT((#7692));
#7692 = SURFACE_STYLE_USAGE(.BOTH.,#7693);
#7693 = SURFACE_SIDE_STYLE('',(#7694));
#7694 = SURFACE_STYLE_FILL_AREA(#7695);
#7695 = FILL_AREA_STYLE('',(#7696));
#7696 = FILL_AREA_STYLE_COLOUR('',#7396);
#7697 = STYLED_ITEM('color',(#7698),#255);
#7698 = PRESENTATION_STYLE_ASSIGNMENT((#7699));
#7699 = SURFACE_STYLE_USAGE(.BOTH.,#7700);
#7700 = SURFACE_SIDE_STYLE('',(#7701));
#7701 = SURFACE_STYLE_FILL_AREA(#7702);
#7702 = FILL_AREA_STYLE('',(#7703));
#7703 = FILL_AREA_STYLE_COLOUR('',#7661);
#7704 = STYLED_ITEM('color',(#7705),#275);
#7705 = PRESENTATION_STYLE_ASSIGNMENT((#7706));
#7706 = SURFACE_STYLE_USAGE(.BOTH.,#7707);
#7707 = SURFACE_SIDE_STYLE('',(#7708));
#7708 = SURFACE_STYLE_FILL_AREA(#7709);
#7709 = FILL_AREA_STYLE('',(#7710));
#7710 = FILL_AREA_STYLE_COLOUR('',#7396);
#7711 = STYLED_ITEM('color',(#7712),#301);
#7712 = PRESENTATION_STYLE_ASSIGNMENT((#7713));
#7713 = SURFACE_STYLE_USAGE(.BOTH.,#7714);
#7714 = SURFACE_SIDE_STYLE('',(#7715));
#7715 = SURFACE_STYLE_FILL_AREA(#7716);
#7716 = FILL_AREA_STYLE('',(#7717));
#7717 = FILL_AREA_STYLE_COLOUR('',#7661);
#7718 = STYLED_ITEM('color',(#7719),#326);
#7719 = PRESENTATION_STYLE_ASSIGNMENT((#7720));
#7720 = SURFACE_STYLE_USAGE(.BOTH.,#7721);
#7721 = SURFACE_SIDE_STYLE('',(#7722));
#7722 = SURFACE_STYLE_FILL_AREA(#7723);
#7723 = FILL_AREA_STYLE('',(#7724));
#7724 = FILL_AREA_STYLE_COLOUR('',#7396);
#7725 = STYLED_ITEM('color',(#7726),#351);
#7726 = PRESENTATION_STYLE_ASSIGNMENT((#7727));
#7727 = SURFACE_STYLE_USAGE(.BOTH.,#7728);
#7728 = SURFACE_SIDE_STYLE('',(#7729));
#7729 = SURFACE_STYLE_FILL_AREA(#7730);
#7730 = FILL_AREA_STYLE('',(#7731));
#7731 = FILL_AREA_STYLE_COLOUR('',#7661);
#7732 = STYLED_ITEM('color',(#7733),#377);
#7733 = PRESENTATION_STYLE_ASSIGNMENT((#7734));
#7734 = SURFACE_STYLE_USAGE(.BOTH.,#7735);
#7735 = SURFACE_SIDE_STYLE('',(#7736));
#7736 = SURFACE_STYLE_FILL_AREA(#7737);
#7737 = FILL_AREA_STYLE('',(#7738));
#7738 = FILL_AREA_STYLE_COLOUR('',#7396);
#7739 = STYLED_ITEM('color',(#7740),#386);
#7740 = PRESENTATION_STYLE_ASSIGNMENT((#7741));
#7741 = SURFACE_STYLE_USAGE(.BOTH.,#7742);
#7742 = SURFACE_SIDE_STYLE('',(#7743));
#7743 = SURFACE_STYLE_FILL_AREA(#7744);
#7744 = FILL_AREA_STYLE('',(#7745));
#7745 = FILL_AREA_STYLE_COLOUR('',#7661);
#7746 = STYLED_ITEM('color',(#7747),#406);
#7747 = PRESENTATION_STYLE_ASSIGNMENT((#7748));
#7748 = SURFACE_STYLE_USAGE(.BOTH.,#7749);
#7749 = SURFACE_SIDE_STYLE('',(#7750));
#7750 = SURFACE_STYLE_FILL_AREA(#7751);
#7751 = FILL_AREA_STYLE('',(#7752));
#7752 = FILL_AREA_STYLE_COLOUR('',#7396);
#7753 = STYLED_ITEM('color',(#7754),#431);
#7754 = PRESENTATION_STYLE_ASSIGNMENT((#7755));
#7755 = SURFACE_STYLE_USAGE(.BOTH.,#7756);
#7756 = SURFACE_SIDE_STYLE('',(#7757));
#7757 = SURFACE_STYLE_FILL_AREA(#7758);
#7758 = FILL_AREA_STYLE('',(#7759));
#7759 = FILL_AREA_STYLE_COLOUR('',#7396);
#7760 = STYLED_ITEM('color',(#7761),#457);
#7761 = PRESENTATION_STYLE_ASSIGNMENT((#7762));
#7762 = SURFACE_STYLE_USAGE(.BOTH.,#7763);
#7763 = SURFACE_SIDE_STYLE('',(#7764));
#7764 = SURFACE_STYLE_FILL_AREA(#7765);
#7765 = FILL_AREA_STYLE('',(#7766));
#7766 = FILL_AREA_STYLE_COLOUR('',#7396);
#7767 = STYLED_ITEM('color',(#7768),#482);
#7768 = PRESENTATION_STYLE_ASSIGNMENT((#7769));
#7769 = SURFACE_STYLE_USAGE(.BOTH.,#7770);
#7770 = SURFACE_SIDE_STYLE('',(#7771));
#7771 = SURFACE_STYLE_FILL_AREA(#7772);
#7772 = FILL_AREA_STYLE('',(#7773));
#7773 = FILL_AREA_STYLE_COLOUR('',#7396);
ENDSEC;
END-ISO-10303-21;
